player,player_id,position,team_name,player_game_count,assists,avg_depth_of_tackle,declined_penalties,forced_fumbles,franchise_id,grades_coverage_defense,grades_defense,grades_defense_penalty,grades_pass_rush_defense,grades_run_defense,grades_tackle,missed_tackle_rate,missed_tackles,penalties,run_stop_opp,snap_counts_run,stop_percent,stops,tackles
Thomas Davis Sr.,2231,LB,WAS,7,0,6.0,0,0,32,68.0,54.8,77.5,50.9,40.9,79.3,0.0,0,0,62,63,0.0,0,1
Johnathan Joseph,2969,CB,ARZ,11,2,4.6,0,0,1,63.1,65.4,84.9,55.7,71.7,47.5,10.0,1,1,156,159,1.9,3,7
Domata Peko Sr.,3068,DI,ARZ,6,2,2.0,0,0,1,58.9,46.7,83.8,56.8,44.1,56.4,9.1,1,0,94,96,6.4,6,8
Tramon Williams,3558,CB,GB,6,2,,0,0,12,50.3,52.5,82.5,59.6,64.2,90.0,0.0,0,0,44,44,0.0,0,0
Calais Campbell,4364,DI,BLT,14,5,1.5,0,0,3,65.9,74.7,41.4,73.0,67.5,43.6,14.3,4,3,135,137,14.1,19,19
Brandon Carr,4454,S,DAL,2,0,0.0,0,0,9,49.2,54.4,74.9,,68.7,72.8,0.0,0,1,9,9,11.1,1,1
Malcolm Jenkins,4937,S,NO,18,7,4.9,1,1,20,53.9,64.4,75.5,61.2,83.4,87.0,5.3,3,7,412,418,4.9,20,47
Jason McCourty,5127,CB,NE,16,2,9.5,0,0,19,51.8,55.7,86.1,51.8,71.4,86.6,0.0,0,3,237,244,0.8,2,11
Steve McLendon,5232,DI,TB,18,10,2.3,0,0,30,52.1,67.5,58.7,62.2,71.1,64.4,2.6,1,2,224,229,10.3,23,27
Ndamukong Suh,5527,DI,TB,20,8,2.2,1,1,30,51.1,62.4,28.8,63.7,68.2,39.7,9.5,4,9,277,282,7.6,21,30
Joe Haden,5532,CB,PIT,14,4,11.4,0,0,25,69.6,66.6,86.0,,49.1,45.1,30.0,6,4,319,323,1.6,5,10
Tyson Alualu,5535,DI,PIT,16,12,1.5,0,0,25,73.2,86.6,72.2,78.4,78.8,61.9,5.3,2,1,234,236,7.3,17,24
Brandon Graham,5538,ED,PHI,16,6,1.7,0,0,24,58.4,81.5,57.7,80.8,73.3,29.9,20.5,9,4,312,318,6.4,20,29
Jason Pierre-Paul,5540,ED,TB,20,12,2.7,0,0,30,71.3,66.3,40.2,71.9,52.3,31.7,13.3,6,8,346,353,6.9,24,27
Kareem Jackson,5545,S,DEN,16,14,7.6,0,0,10,81.3,80.4,75.2,48.4,77.6,65.3,12.3,7,1,400,411,3.5,14,36
Devin McCourty,5552,S,NE,16,9,11.7,0,0,19,64.3,65.2,62.1,47.3,69.3,70.7,6.7,2,1,402,411,0.2,1,19
Jerry Hughes,5556,ED,BUF,18,12,2.7,3,0,4,55.9,75.6,49.5,86.5,57.7,41.5,18.2,6,5,291,297,3.8,11,15
Patrick Robinson,5557,CB,NO,7,1,0.8,0,0,20,56.9,61.8,81.7,57.9,79.1,75.0,0.0,0,2,89,89,3.4,3,4
Linval Joseph,5571,DI,LAC,16,15,3.2,0,0,27,57.7,68.7,79.6,67.9,64.0,30.1,9.4,6,1,312,315,9.0,28,43
Carlos Dunlap,5579,ED,SEA,15,5,3.1,0,0,29,48.6,61.9,71.2,64.8,58.9,50.8,17.4,4,3,187,190,5.3,10,14
Sean Lee,5580,LB,DAL,9,7,4.4,0,0,9,56.4,34.8,79.0,53.4,28.8,32.2,25.0,5,0,90,93,4.4,4,8
Corey Peters,5607,DI,ARZ,9,3,3.3,1,0,1,41.2,61.4,51.8,64.7,62.6,45.2,16.7,2,2,139,141,3.6,5,7
Everson Griffen,5624,ED,DET,14,6,3.0,0,0,11,49.4,63.2,27.7,73.6,54.5,60.8,10.3,3,5,193,196,5.2,10,20
Geno Atkins,5643,DI,CIN,5,0,4.0,0,0,7,,54.0,33.8,61.4,44.7,66.8,0.0,0,1,12,12,0.0,0,1
Sherrick McManis,5667,S,CHI,2,0,,0,0,6,30.3,29.6,74.4,60.0,60.0,77.3,,0,0,2,3,0.0,0,0
Tramaine Brock Sr.,5903,CB,DET,1,0,1.0,0,0,11,47.2,49.1,76.6,,60.4,63.9,0.0,0,1,12,12,8.3,1,1
Anthony Levine,6013,S,BLT,5,0,12.0,1,0,3,27.1,28.5,74.7,60.0,68.8,81.9,0.0,0,1,6,6,0.0,0,1
Andrew Sendejo,6118,S,CLV,16,5,8.9,0,1,8,43.2,45.5,44.7,60.8,53.3,50.3,33.3,11,2,360,369,0.3,1,17
Patrick Peterson,6157,CB,ARZ,16,2,10.5,4,0,1,53.1,55.2,69.6,52.5,66.4,64.4,11.1,2,12,395,401,1.3,5,14
Aldon Smith,6159,ED,DAL,16,10,3.0,3,0,9,55.5,66.3,30.9,70.0,64.1,41.3,16.0,8,6,336,341,6.8,23,32
J.J. Watt,6163,ED,HST,16,8,1.2,0,0,13,56.9,85.4,80.0,76.6,81.0,41.9,16.7,9,2,418,427,6.2,26,37
Robert Quinn,6166,ED,CHI,16,4,3.9,0,1,6,37.4,61.6,55.7,66.4,62.8,45.0,5.3,1,3,187,191,3.2,6,14
Ryan Kerrigan,6168,ED,WAS,17,5,4.0,0,0,32,59.5,59.2,61.3,68.8,45.4,53.8,11.1,1,2,156,159,0.6,1,3
Corey Liuget,6170,DI,HST,6,1,0.0,0,0,13,,58.4,80.0,65.8,53.3,70.7,0.0,0,0,48,50,2.1,1,2
Adrian Clayborn,6172,ED,CLV,17,4,1.6,2,0,8,68.4,57.8,65.0,61.8,46.4,60.7,10.0,1,2,132,137,1.5,2,5
Cameron Jordan,6176,ED,NO,18,10,1.6,0,0,20,72.1,84.6,44.3,75.3,86.3,54.6,7.7,4,6,318,324,8.8,28,38
Jimmy Smith,6179,CB,BLT,13,0,9.0,0,0,3,73.3,70.5,17.7,63.6,55.1,50.5,33.3,2,3,122,124,0.8,1,4
Cameron Heyward,6183,DI,PIT,16,12,2.2,0,0,25,61.4,89.5,79.3,79.6,83.0,52.0,6.0,3,2,319,323,8.5,27,35
Jabaal Sheard,6189,ED,NYG,10,3,2.1,0,0,21,56.7,66.5,61.5,62.4,70.0,61.2,0.0,0,1,89,94,9.0,8,11
Brooks Reed,6194,ED,TEN,3,0,6.5,0,0,31,60.0,66.5,78.7,63.5,63.4,74.7,0.0,0,0,30,30,0.0,0,2
Marcus Gilchrist,6202,S,BLT,2,0,5.0,0,0,3,55.8,56.1,73.1,60.0,62.1,78.8,0.0,0,0,4,4,0.0,0,1
Justin Houston,6222,ED,IND,17,4,2.3,1,0,14,56.6,62.2,62.5,63.2,61.1,52.0,19.0,4,3,193,198,4.1,8,13
Jurrell Casey,6229,DI,DEN,3,2,3.3,0,0,10,60.0,74.4,82.1,67.6,70.1,58.4,8.3,1,0,59,62,8.5,5,9
Allen Bailey,6238,DI,ATL,16,1,2.8,0,0,2,56.7,50.9,87.4,60.3,41.1,28.1,20.0,3,0,134,140,7.5,10,11
K.J. Wright,6251,LB,SEA,17,8,3.1,0,0,29,79.2,75.7,78.8,67.3,67.5,56.3,13.5,5,2,359,371,5.3,19,24
Buster Skrine,6289,CB,CHI,12,5,3.9,1,0,6,46.2,52.3,50.6,42.6,86.4,70.3,13.0,3,5,167,173,5.4,9,15
Richard Sherman,6306,CB,SF,5,0,2.7,0,0,28,67.2,67.7,83.1,55.1,66.0,41.3,0.0,0,1,117,120,0.9,1,3
Pernell McPhee,6317,ED,BLT,17,9,3.2,0,0,3,43.2,72.4,57.0,70.0,78.7,32.8,16.2,6,2,151,153,11.9,18,22
Lawrence Guy,6385,DI,NE,14,13,2.4,0,0,19,63.5,68.2,87.4,58.8,67.1,55.4,6.3,3,0,267,272,9.0,24,32
Malcolm Smith,6394,LB,CLV,17,9,6.0,0,0,8,74.7,67.7,84.0,54.4,53.0,66.1,10.3,4,0,172,178,6.4,11,26
Chris Harris Jr.,6457,CB,LAC,9,3,3.8,1,0,27,57.4,61.9,83.9,78.1,68.4,53.1,14.3,2,2,219,221,1.4,3,9
Josh Bynes,6503,LB,CIN,16,21,3.4,0,0,7,60.9,52.5,35.6,64.5,47.7,59.4,12.5,10,2,382,390,8.4,32,49
Nick Bellore,6515,FB,SEA,1,0,,0,0,29,,61.6,60.1,,60.0,,,0,0,1,1,0.0,0,0
Mario Addison,6558,ED,BUF,18,2,2.1,0,0,4,60.1,59.5,66.0,66.6,47.5,70.0,4.3,1,3,251,258,5.6,14,20
Craig Robertson,7003,LB,NO,4,0,0.5,0,0,20,33.2,37.0,74.0,53.4,62.0,25.3,0.0,0,0,11,11,18.2,2,2
Stephon Gilmore,7016,CB,NE,11,2,5.4,1,0,19,58.5,61.0,87.4,56.8,67.9,46.5,20.0,3,6,256,263,1.2,3,10
Dontari Poe,7017,DI,DAL,7,4,3.0,0,0,9,59.5,55.9,84.9,48.6,60.4,32.3,12.5,1,0,131,132,0.8,1,3
Fletcher Cox,7018,DI,PHI,15,13,2.0,0,1,24,53.2,74.1,79.9,70.9,70.9,63.6,2.9,1,1,297,302,5.4,16,21
Michael Brockers,7020,DI,LA,17,12,2.2,0,0,26,57.0,63.9,88.1,61.1,61.8,79.3,0.0,0,0,280,290,9.3,26,37
Bruce Irvin,7021,ED,SEA,2,0,0.7,0,0,29,68.3,68.8,81.8,56.5,73.9,49.2,0.0,0,0,36,37,8.3,3,3
Dre Kirkpatrick,7023,CB,ARZ,14,1,10.5,2,0,1,46.1,49.0,34.7,74.6,71.3,48.6,21.4,3,9,237,241,0.8,2,10
Melvin Ingram III,7024,ED,LAC,7,3,3.0,0,0,27,77.8,72.3,44.8,76.3,53.8,39.4,10.0,1,2,114,116,3.5,4,6
Chandler Jones,7027,ED,ARZ,5,0,1.1,0,0,1,76.8,62.6,61.6,63.1,56.7,29.0,30.0,3,1,114,116,6.1,7,7
Whitney Mercilus,7031,ED,HST,13,3,4.6,0,0,13,39.8,39.5,86.1,53.1,31.9,29.9,31.6,6,0,238,245,2.5,6,10
Derek Wolfe,7040,DI,BLT,16,10,2.2,0,0,3,68.1,68.2,77.1,47.1,82.8,67.0,4.3,2,2,245,246,10.6,26,35
Janoris Jenkins,7043,CB,NO,15,2,3.9,2,0,20,65.5,66.7,64.9,,70.6,53.4,25.0,4,8,314,319,1.6,5,10
Mychal Kendricks,7049,LB,WAS,2,1,3.0,0,0,32,50.2,54.1,72.4,67.9,56.3,78.8,0.0,0,0,23,23,13.0,3,5
Bobby Wagner,7050,LB,SEA,17,19,3.3,0,0,29,69.9,85.1,68.8,86.8,90.3,85.6,4.3,4,2,389,401,10.5,41,69
Tavon Wilson,7051,S,IND,8,1,3.2,0,0,14,64.2,63.6,13.8,57.3,63.9,80.3,14.3,1,1,64,66,6.3,4,5
Lavonte David,7060,LB,TB,20,23,3.1,0,1,30,83.1,78.8,87.0,52.9,73.6,57.1,11.4,8,0,404,413,7.2,29,39
Vinny Curry,7061,ED,PHI,11,1,3.6,0,0,24,63.9,68.6,88.6,70.9,53.1,40.8,28.6,4,0,120,123,5.0,6,9
Casey Hayward Jr.,7064,CB,LAC,14,1,6.6,1,0,27,59.5,59.5,88.1,55.5,54.6,48.2,40.0,4,2,301,306,0.7,2,5
Olivier Vernon,7074,ED,CLV,14,6,2.1,0,0,8,62.0,74.8,64.2,71.6,71.6,47.4,6.5,2,3,291,298,5.5,16,23
Demario Davis,7079,LB,NO,18,21,3.7,1,0,20,65.9,77.8,33.6,82.1,80.5,81.9,5.1,4,4,413,419,6.5,27,54
Tyrone Crawford,7083,DI,DAL,15,6,6.1,0,0,9,56.7,52.6,71.7,68.8,35.9,76.8,0.0,0,1,144,147,3.5,5,9
Akiem Hicks,7090,DI,CHI,16,10,2.2,3,0,6,68.4,65.2,0.0,74.1,63.2,45.9,6.3,3,12,317,325,8.5,27,35
Kyle Wilber,7113,LB,LV,6,1,3.3,0,0,23,46.4,45.8,73.2,58.1,53.2,44.1,20.0,1,0,28,30,3.6,1,3
Mike Daniels,7132,DI,CIN,11,7,4.1,0,0,7,60.0,52.0,85.2,62.9,44.7,62.7,5.3,1,0,169,174,3.6,6,11
Tahir Whitehead,7135,LB,CAR,13,9,3.0,1,0,5,39.9,31.9,37.3,52.0,37.8,55.3,8.6,3,4,204,207,7.8,16,23
Jack Crawford,7151,ED,TEN,16,10,2.7,0,0,31,54.4,53.6,74.1,56.5,53.1,41.9,13.8,4,1,198,202,6.1,12,15
George Iloka,7159,S,MIN,1,0,3.0,0,0,18,39.6,36.3,75.1,,59.1,82.8,0.0,0,0,13,14,0.0,0,1
Danny Trevathan,7177,LB,CHI,17,20,4.7,0,0,6,42.3,39.9,63.1,56.5,42.0,80.3,6.7,5,3,376,387,8.2,31,50
Billy Winn,7190,DI,GB,6,1,3.8,0,0,12,58.1,68.9,77.6,75.4,62.5,71.9,0.0,0,0,17,18,23.5,4,4
Nate Ebner,7193,S,NYG,3,0,,0,0,21,50.1,41.2,74.3,55.0,43.5,26.3,,0,0,8,9,0.0,0,0
Rodney McLeod,7271,S,PHI,13,6,4.7,0,0,24,77.3,70.8,61.1,54.7,57.1,56.8,20.9,9,1,363,370,3.6,13,28
Michael Thomas,7279,S,HST,4,1,7.0,0,0,13,51.4,50.3,77.0,50.6,62.9,84.2,0.0,0,1,7,7,28.6,2,3
Tashaun Gipson Sr.,7288,S,CHI,17,6,5.6,0,0,6,69.9,72.0,86.3,79.3,70.8,72.6,7.7,3,1,440,452,3.6,16,30
L.J. Fort,7292,LB,BLT,16,10,2.3,0,1,3,64.2,71.5,82.5,55.1,78.6,54.7,6.1,2,0,149,151,8.7,13,21
Damon Harrison Sr.,7355,DI,GB,9,4,2.4,1,1,12,,68.7,45.1,47.5,79.9,58.7,7.1,1,2,78,81,10.3,8,9
Julian Stanford,7372,ED,CAR,4,1,5.5,0,0,5,60.0,73.0,74.0,52.8,77.9,75.5,0.0,0,0,9,9,11.1,1,2
Harrison Smith,7641,S,MIN,16,12,6.1,0,0,18,76.7,74.3,11.7,77.3,70.1,77.0,12.0,6,4,428,438,2.8,12,32
Malik Jackson,7647,DI,PHI,15,6,0.9,0,0,24,64.6,64.7,0.0,72.1,63.7,48.0,8.3,2,8,221,225,6.3,14,16
Josh Norman,7649,CB,BUF,11,1,4.7,1,1,4,69.5,72.4,85.3,,78.4,33.0,15.4,2,3,169,173,3.0,5,10
Neiko Thorpe,7716,S,SEA,2,0,,0,0,29,60.0,62.9,64.9,,60.0,,,0,0,4,4,0.0,0,0
Dion Jordan,7785,ED,SF,13,5,2.7,0,0,28,60.6,61.1,73.5,59.7,59.6,55.7,11.1,2,1,147,151,4.8,7,11
Barkevious Mingo,7787,ED,CHI,17,7,2.8,0,0,6,64.0,59.8,86.2,57.7,56.0,47.4,14.3,3,0,185,192,4.3,8,11
D.J. Hayden,7793,CB,JAX,5,1,6.2,1,0,15,32.6,40.4,81.8,53.6,76.1,54.1,12.5,1,3,75,80,4.0,3,6
Sheldon Richardson,7794,DI,CLV,18,15,3.0,1,1,8,53.6,68.7,72.3,66.1,67.7,52.9,5.2,3,2,310,318,8.7,27,40
Kenny Vaccaro,7796,S,TEN,14,9,5.1,2,0,31,60.1,58.7,46.7,56.1,58.9,47.6,20.4,10,4,342,353,4.7,16,30
Desmond Trufant,7803,CB,DET,6,0,7.3,1,0,11,36.7,38.4,84.0,83.9,41.1,40.4,33.3,2,5,140,144,0.7,1,4
Xavier Rhodes,7806,CB,IND,17,1,8.4,2,0,14,78.9,77.3,67.1,58.0,64.4,64.1,18.2,2,6,329,340,0.6,2,8
Datone Jones,7807,DI,LV,1,0,4.0,0,0,23,60.0,60.8,75.9,50.1,72.3,68.7,0.0,0,0,4,4,25.0,1,1
Sylvester Williams,7809,DI,DEN,8,5,3.8,0,0,10,60.0,49.5,83.3,58.0,47.0,26.3,25.0,3,0,103,105,1.9,2,4
Alec Ogletree,7811,LB,NYJ,2,0,-2.7,0,0,22,29.3,27.9,0.0,68.2,44.4,78.1,0.0,0,2,37,38,8.1,3,3
Darius Slay,7817,CB,PHI,15,2,12.3,0,0,24,63.1,62.9,64.4,75.5,57.6,60.6,26.7,4,5,357,367,0.8,3,9
Manti Te'o,7819,LB,CHI,1,3,2.8,0,0,6,51.9,68.1,75.1,60.0,79.6,40.1,0.0,0,0,25,25,16.0,4,5
Kawann Short,7825,DI,CAR,3,0,1.5,0,0,5,60.1,45.4,37.7,50.6,50.7,71.9,0.0,0,1,48,49,4.2,2,2
Kevin Minter,7826,LB,TB,6,2,4.2,0,0,30,54.7,48.8,0.0,75.4,40.8,40.4,11.1,1,1,48,48,6.3,3,6
Johnathan Hankins,7830,DI,LV,16,11,2.1,0,0,23,48.1,61.6,18.9,62.5,68.8,29.1,14.8,8,7,312,320,9.6,30,35
Jon Bostic,7831,LB,WAS,17,18,3.3,1,0,32,56.8,53.7,42.4,75.3,47.5,78.4,9.1,6,2,410,421,5.9,24,42
Jamie Collins Sr.,7833,LB,DET,14,23,4.6,0,1,11,59.3,64.2,59.0,72.5,64.2,61.2,6.7,5,1,349,359,5.7,20,47
Margus Hunt,7834,DI,CIN,13,4,-0.5,0,0,7,62.7,55.5,69.8,56.6,53.2,53.4,25.0,2,1,160,165,1.3,2,2
Jamar Taylor,7835,CB,SF,7,0,3.2,0,0,28,52.9,60.7,80.4,62.5,84.3,76.4,0.0,0,0,56,58,14.3,8,13
D.J. Swearinger Sr.,7838,S,NO,6,0,10.5,0,0,20,60.8,60.6,0.0,56.0,70.9,71.7,0.0,0,1,17,17,11.8,2,4
Tyrann Mathieu,7850,S,KC,18,7,7.0,0,0,16,63.1,67.0,52.3,66.8,75.9,73.0,10.0,4,6,425,437,2.1,9,29
Blidi Wreh-Wilson,7851,CB,ATL,12,1,5.5,1,0,2,63.2,62.3,83.3,48.7,58.8,50.7,0.0,0,1,70,71,5.7,4,4
Damontre Moore,7862,ED,SEA,7,1,0.5,1,0,29,78.0,62.3,4.4,64.4,56.1,75.0,0.0,0,3,23,23,8.7,2,2
John Jenkins,7863,DI,CHI,12,7,1.8,0,0,6,72.5,74.6,83.9,64.8,71.0,66.9,4.0,1,0,129,132,11.6,15,17
Logan Ryan,7864,S,NYG,16,4,8.4,0,0,21,60.8,64.1,87.8,64.6,67.5,65.5,9.4,3,1,376,394,2.1,8,25
Shawn Williams,7865,S,CIN,8,0,7.5,0,0,7,59.5,60.2,82.1,52.9,67.3,66.5,0.0,0,0,13,15,0.0,0,2
Duron Harmon,7872,S,DET,16,8,13.0,0,0,11,64.4,65.3,66.4,69.2,65.5,56.7,11.8,4,1,454,468,0.2,1,22
Brandon Williams,7875,DI,BLT,15,12,2.2,1,0,3,60.0,70.3,70.7,61.1,71.4,58.9,5.1,2,1,190,190,10.5,20,25
Akeem Spence,7882,DI,NE,6,4,3.5,0,0,19,60.0,50.1,27.5,61.4,49.4,73.7,0.0,0,1,46,47,4.3,2,4
Alex Okafor,7885,ED,KC,14,6,2.9,1,0,16,41.7,53.7,56.4,55.5,61.6,49.3,10.5,2,2,102,107,6.9,7,11
William Gholston,7908,DI,TB,20,8,2.4,1,0,30,49.2,61.6,67.6,78.0,45.8,29.2,14.3,6,2,262,269,6.5,17,28
John Simon,7911,ED,NE,16,11,3.5,0,0,19,53.5,48.3,77.6,49.2,49.2,40.4,18.6,8,1,350,358,3.4,12,24
Steven Means,7929,ED,ATL,16,13,3.9,0,0,2,70.8,57.3,56.7,62.2,48.4,30.3,17.6,6,3,229,236,3.5,8,15
A.J. Klein,7930,LB,BUF,18,9,3.4,0,0,4,56.8,46.4,58.7,80.6,29.7,32.2,20.4,10,2,296,300,5.7,17,30
Micah Hyde,7941,S,BUF,18,11,9.6,0,0,4,69.2,70.3,51.1,60.6,75.2,72.8,15.1,8,3,415,425,2.7,11,34
Stacy McGee,7987,DI,ARZ,2,0,,0,0,1,,57.0,77.5,53.4,58.9,,,0,0,23,23,0.0,0,0
Vince Williams,7988,LB,PIT,15,9,2.2,0,0,25,41.9,50.3,57.2,82.7,54.3,39.8,16.0,8,1,291,295,8.9,26,33
Jordan Poyer,8000,S,BUF,19,23,9.1,0,1,4,70.4,71.3,52.2,72.1,70.2,75.2,10.4,8,3,447,457,3.4,15,46
Nick Williams,8006,DI,DET,14,7,3.1,0,0,11,62.7,62.7,74.1,60.6,60.1,51.5,8.3,2,1,225,234,4.0,9,15
Damion Square,8042,DI,LAC,16,8,2.8,0,0,27,64.3,64.5,84.4,53.8,65.0,56.8,5.9,1,0,117,121,5.1,6,8
Daren Bates,8077,LB,TEN,3,0,,0,0,31,,62.1,86.4,60.0,60.9,,,0,0,4,4,0.0,0,0
Ezekiel Ansah,8094,ED,SF,2,0,,0,0,28,,53.1,79.9,51.0,59.9,,,0,0,10,11,0.0,0,0
A.J. Bouye,8110,CB,DEN,7,0,10.6,1,0,10,52.4,55.6,39.0,,70.9,54.7,0.0,0,3,173,176,0.6,1,7
Jahleel Addae,8117,S,LAC,9,0,3.0,0,0,27,56.7,51.2,79.4,53.7,40.0,61.8,0.0,0,0,52,52,3.8,2,5
Abry Jones,8177,DI,JAX,5,1,2.2,0,0,15,,65.9,83.1,54.8,68.7,50.9,12.5,1,0,78,82,6.4,5,6
Benson Mayowa,8196,ED,SEA,14,2,2.7,2,0,29,74.5,60.4,56.0,61.5,52.5,42.9,12.5,2,3,171,177,5.3,9,12
Bradley McDougald,8220,S,NYJ,7,3,7.8,0,0,22,42.8,41.0,38.3,63.9,48.2,64.0,35.7,5,2,178,184,0.6,1,6
Will Compton,8308,LB,TEN,8,3,3.3,0,0,31,38.5,47.0,80.4,49.9,66.1,59.3,9.1,1,0,53,55,9.4,5,7
Brandon Copeland,8378,LB,NE,4,4,3.3,0,0,19,48.7,65.2,78.8,68.4,69.3,80.8,0.0,0,0,30,31,10.0,3,4
Jeff Heath,8396,S,LV,12,2,5.9,0,0,23,72.8,72.8,84.6,50.7,65.8,80.4,5.6,1,0,160,164,5.0,8,15
Chris Banjo,8419,S,ARZ,11,2,7.2,0,0,1,63.6,63.6,83.2,59.9,59.4,78.4,9.1,2,0,161,164,5.0,8,18
Jordan Dangerfield,8468,S,PIT,6,0,,0,0,25,63.6,67.7,99.6,,63.4,,,0,0,16,16,0.0,0,0
Nickell Robey-Coleman,8483,CB,PHI,15,2,6.4,0,0,24,53.3,51.1,54.5,90.8,31.9,32.3,37.5,6,3,193,196,1.6,3,8
LaRoy Reynolds,8500,LB,ATL,7,0,16.0,0,1,2,67.3,58.6,0.0,63.7,56.0,36.8,66.7,2,1,12,12,0.0,0,1
Mike Purcell,8530,DI,DEN,6,3,3.4,0,0,10,59.3,60.2,83.9,51.0,65.0,39.5,12.5,2,0,96,100,7.3,7,11
Jadeveon Clowney,8636,ED,TEN,8,5,0.9,0,0,31,80.3,74.9,57.0,69.6,69.9,64.3,5.3,1,2,144,149,6.9,10,13
Khalil Mack,8640,ED,CHI,17,18,1.3,2,1,6,66.9,92.5,69.7,90.8,92.0,74.4,6.5,3,3,370,381,5.7,21,25
Anthony Barr,8644,LB,MIN,2,0,3.3,1,0,18,66.7,47.5,0.0,47.7,42.4,63.5,0.0,0,1,44,45,4.5,2,3
Aaron Donald,8648,DI,LA,18,11,1.3,1,1,26,67.4,94.2,55.3,93.6,89.4,50.0,11.1,4,4,319,328,5.0,16,21
Kyle Fuller,8649,CB,CHI,17,4,7.0,0,0,6,70.2,64.0,33.3,65.2,38.7,42.8,33.3,8,7,437,449,1.1,5,12
Dee Ford,8658,ED,SF,1,0,2.0,0,0,28,61.4,59.1,79.8,60.0,55.1,71.9,0.0,0,0,16,16,0.0,0,1
Darqueze Dennard,8659,CB,ATL,8,3,3.0,0,0,2,63.1,66.0,84.4,52.6,76.7,65.7,12.5,1,3,132,139,2.3,3,4
Jason Verrett,8660,CB,SF,13,3,9.8,0,0,28,76.1,77.6,88.2,55.6,76.2,59.9,12.5,2,2,302,310,1.3,4,11
Jimmie Ward,8665,S,SF,14,12,9.3,1,0,28,72.5,73.5,64.5,69.3,71.3,90.4,0.0,0,4,331,342,0.9,3,15
Bradley Roby,8666,CB,HST,10,2,10.2,1,0,13,72.2,71.5,86.9,58.5,61.7,66.8,33.3,4,7,269,275,0.7,2,6
Demarcus Lawrence,8669,ED,DAL,16,7,1.6,0,2,9,67.1,88.7,39.3,85.7,79.7,29.9,15.7,8,5,253,262,10.3,26,36
Kyle Van Noy,8675,LB,MIA,14,10,4.5,0,0,17,51.2,61.6,66.1,70.8,60.4,44.4,4.4,2,2,309,311,5.8,18,33
Lamarcus Joyner,8676,CB,LV,14,7,4.1,2,0,23,55.2,53.8,57.4,43.6,55.9,82.0,12.1,4,5,219,221,5.5,12,22
Stephon Tuitt,8681,DI,PIT,16,12,2.7,0,1,25,61.1,75.8,89.2,78.0,60.6,51.5,8.7,4,0,305,308,7.9,24,30
Trent Murphy,8682,ED,BUF,11,2,1.9,0,0,4,55.8,65.5,88.7,68.2,56.2,52.3,7.7,1,0,138,141,3.6,5,10
Timmy Jernigan,8683,DI,DEN,4,0,6.0,0,0,10,,44.6,78.9,57.3,41.9,67.4,0.0,0,0,32,32,0.0,0,1
Jeremiah Attaochu,8685,ED,DEN,13,4,2.4,0,0,10,55.8,62.5,68.6,62.9,61.5,74.3,4.8,1,1,164,167,7.3,12,16
Christian Kirksey,8706,LB,GB,13,11,5.1,0,0,12,51.0,48.2,51.6,59.5,48.5,61.2,9.1,4,3,206,221,5.8,12,29
Terrence Brooks,8714,S,NE,11,0,5.3,0,0,19,47.3,49.3,79.8,57.5,57.8,34.8,11.1,1,1,116,118,2.6,3,8
Kareem Martin,8719,ED,DET,1,0,,0,0,11,,54.3,75.3,53.0,59.8,,,0,0,3,4,0.0,0,0
Phillip Gaines,8722,CB,HST,7,3,5.6,0,0,13,53.5,59.9,82.2,,82.5,69.8,0.0,0,0,105,106,1.9,2,5
Jaylen Watkins,8736,S,LAC,3,1,19.7,0,0,27,50.4,53.0,78.9,,67.4,63.1,0.0,0,0,40,41,0.0,0,3
Bashaud Breeland,8737,CB,KC,14,0,4.2,3,0,16,69.4,62.8,21.0,45.9,40.8,37.2,40.9,9,13,295,303,1.4,4,13
Justin Ellis,8742,DI,BLT,14,5,2.9,0,0,3,60.0,48.2,86.3,49.6,51.4,32.5,6.3,1,0,162,165,4.9,8,10
Cassius Marsh,8743,ED,PIT,9,1,4.9,1,0,25,49.0,38.9,51.9,54.9,35.5,29.2,27.3,3,1,87,89,6.9,6,7
Ross Cockrell,8744,CB,TB,7,0,5.0,1,0,30,73.5,71.2,25.6,52.0,69.8,58.9,50.0,1,2,60,63,0.0,0,1
DaQuan Jones,8747,DI,TEN,17,15,2.0,0,1,31,58.0,67.7,89.0,66.5,62.9,32.5,13.0,7,0,338,350,6.8,23,32
Anthony Hitchens,8754,LB,KC,17,16,3.7,0,0,16,53.3,49.7,59.3,67.4,47.3,81.5,6.2,4,2,352,361,7.1,25,45
Pierre Desir,8762,CB,BLT,10,1,10.3,2,0,3,42.5,48.1,86.1,60.0,72.8,58.3,21.4,3,6,208,214,1.4,3,10
Tre Boston,8763,S,CAR,16,12,6.1,0,1,5,49.9,53.8,87.5,59.9,58.1,55.9,11.3,7,0,369,373,4.1,15,43
Dontae Johnson,8764,CB,SF,9,5,5.0,1,0,28,65.2,67.7,23.3,64.8,79.2,55.2,27.3,3,4,87,88,2.3,2,3
Kevin Pierre-Louis,8767,LB,WAS,13,8,5.8,0,0,32,83.9,67.7,49.3,46.3,48.7,58.4,11.5,3,1,202,209,3.0,6,15
Nevin Lawson,8768,CB,LV,14,4,8.8,1,0,23,54.7,55.6,62.1,78.5,57.2,73.2,6.7,1,5,263,267,0.8,2,10
Brent Urban,8769,DI,CHI,17,13,1.8,0,0,6,60.8,76.5,66.6,56.0,83.7,45.6,8.1,3,1,187,193,9.6,18,21
Ricardo Allen,8782,S,ATL,12,3,14.2,0,0,2,60.1,62.4,86.3,59.9,66.3,74.5,27.3,3,1,186,192,0.0,0,5
Aaron Lynch,8785,ED,JAX,8,0,3.4,0,0,15,60.1,50.8,19.1,58.6,52.3,28.6,28.6,2,2,51,52,5.9,3,5
Avery Williamson,8786,LB,PIT,15,14,4.7,0,0,25,33.8,51.9,59.0,49.2,77.4,80.7,2.9,2,1,296,299,10.5,31,54
Caraun Reid,8793,DI,JAX,6,0,2.5,0,0,15,60.0,66.3,84.2,63.0,63.0,71.0,0.0,0,0,48,51,4.2,2,4
Chris Smith,8794,ED,LV,8,1,6.0,1,0,23,60.0,48.7,36.7,57.9,44.3,72.0,0.0,0,1,32,32,0.0,0,1
Devon Kennard,8809,ED,ARZ,13,3,2.2,0,0,1,26.5,63.8,85.6,64.0,69.8,60.0,11.1,2,0,131,134,8.4,11,13
Bennett Jackson,8822,S,NYJ,1,0,,0,0,22,,59.9,60.4,,60.0,,,0,0,1,1,0.0,0,0
Dan McCullers,8849,DI,CHI,3,2,1.6,0,0,6,60.0,58.2,78.9,66.2,56.0,48.1,0.0,0,0,58,61,6.9,4,5
T.J. Carrie,8853,CB,IND,15,2,0.8,0,0,14,63.8,67.9,84.8,42.7,90.0,55.9,0.0,0,4,133,137,3.0,4,5
Shamar Stephen,8854,DI,MIN,16,9,2.8,0,0,18,69.3,61.7,88.7,56.7,59.7,55.1,6.7,2,0,313,321,4.2,13,19
Shelby Harris,8869,DI,DEN,11,5,4.0,0,1,10,66.2,88.3,53.0,83.5,76.1,59.1,9.1,2,2,142,147,8.5,12,15
Terrance Mitchell,8888,CB,CLV,18,2,8.1,1,1,8,65.3,68.2,89.8,,76.8,72.0,5.0,1,3,419,429,0.7,3,17
Denico Autry,8982,ED,IND,15,4,1.5,0,0,14,55.4,63.7,49.9,67.0,60.9,57.1,11.5,3,4,212,220,7.1,15,19
Shaquil Barrett,9000,ED,TB,19,5,2.5,1,0,30,62.2,74.7,37.0,78.2,66.1,54.5,19.4,7,8,302,308,6.0,18,24
Josh Mauro,9003,DI,ARZ,3,1,1.5,0,0,1,58.4,39.8,80.8,53.9,36.8,33.5,25.0,1,0,35,36,5.7,2,2
Todd Davis,9007,LB,MIN,7,7,5.2,0,0,18,51.0,60.6,78.7,60.6,70.2,48.4,8.7,2,1,130,132,4.6,6,14
Christian Jones,9020,ED,DET,16,7,4.1,0,0,11,33.4,45.7,88.1,52.1,52.5,50.0,10.0,4,0,256,263,6.3,16,29
Senorise Perry,9035,HB,TEN,1,0,,0,0,31,,60.0,60.0,,60.0,,,0,0,1,1,0.0,0,0
Malcolm Butler,9040,CB,TEN,17,4,9.0,0,0,31,75.8,74.5,89.8,50.2,61.2,75.0,11.8,4,2,411,424,2.7,11,26
Kerry Hyder,9045,ED,SF,16,7,2.8,0,0,28,72.6,68.6,84.3,58.8,69.9,46.6,12.2,5,1,253,259,8.7,22,29
Adarius Taylor,9074,LB,CAR,11,4,4.8,0,0,5,51.1,45.5,76.5,56.8,45.2,62.2,20.0,2,0,51,52,3.9,2,4
Adrian Phillips,9177,S,NE,16,18,4.9,0,0,19,62.2,66.2,85.6,57.4,68.8,79.4,4.5,3,0,319,327,6.3,20,45
Zach Kerr,9195,DI,CAR,13,9,2.1,0,0,5,59.0,84.1,68.9,77.7,77.8,68.4,4.3,1,1,161,164,6.8,11,13
Daniel Sorensen,9253,S,KC,18,13,5.5,1,0,16,56.9,48.4,70.5,53.3,31.5,38.0,21.7,13,5,354,364,3.4,12,34
Brandon Dunn,9262,DI,HST,13,5,3.0,0,0,13,64.7,35.5,57.8,53.4,33.7,76.0,0.0,0,2,255,260,6.3,16,19
Joe Thomas,9272,LB,DAL,9,8,4.9,0,0,9,60.7,47.7,40.8,65.4,35.4,65.8,16.1,5,2,166,168,4.2,7,18
Keith Smith,9302,FB,ATL,2,0,,0,0,2,,60.0,60.0,60.0,60.0,,,0,0,2,2,0.0,0,0
Mike Pennel,9316,DI,KC,17,10,3.2,0,0,16,70.5,63.6,86.9,53.6,64.1,62.3,3.4,1,0,185,191,6.5,12,18
K'Waun Williams,9332,CB,SF,8,3,0.5,0,0,28,64.8,66.2,82.2,67.4,61.2,64.4,12.5,1,2,79,81,3.8,3,4
Jayrone Elliott,9336,ED,PIT,3,1,-1.0,0,0,25,43.0,36.6,78.0,52.4,42.9,74.5,0.0,0,0,17,17,5.9,1,1
Dante Fowler Jr.,9436,ED,ATL,14,4,0.4,3,0,2,73.1,49.9,8.9,60.9,39.6,28.9,22.2,4,8,160,165,5.0,8,10
Leonard Williams,9439,DI,NYG,16,18,1.5,0,0,21,55.8,79.8,60.7,69.9,82.6,66.1,2.4,1,3,281,294,6.4,18,23
Vic Beasley Jr.,9441,ED,LV,9,1,-1.0,0,1,23,44.0,51.6,30.6,50.0,73.5,30.7,25.0,1,2,56,57,1.8,1,2
Danny Shelton,9445,DI,DET,12,14,2.2,1,0,11,66.9,51.1,57.4,64.0,44.9,44.1,7.9,3,2,255,261,5.5,14,21
Kevin Johnson,9449,CB,CLV,13,3,7.4,0,0,8,52.6,51.4,55.0,55.5,50.1,42.8,8.3,1,3,198,204,1.0,2,8
Arik Armstead,9450,ED,SF,16,6,2.8,1,0,28,70.3,76.0,53.7,65.6,79.5,48.1,10.0,4,4,271,278,8.1,22,30
Marcus Peters,9451,CB,BLT,16,0,6.3,2,1,3,72.1,67.2,29.5,92.9,35.8,29.4,46.2,6,8,342,345,0.9,3,7
Bud Dupree,9455,ED,PIT,11,4,1.4,0,0,25,40.0,60.2,73.4,61.2,63.4,48.1,5.6,1,1,209,212,4.8,10,13
Shaq Thompson,9458,LB,CAR,16,12,4.3,0,1,5,45.0,49.8,86.7,53.9,57.5,67.0,11.7,7,1,370,374,5.7,21,41
Byron Jones,9460,CB,MIA,14,3,9.7,0,0,17,61.5,63.6,88.5,73.2,65.2,29.6,23.1,3,1,313,316,0.3,1,7
Damarious Randall,9463,S,SEA,4,1,2.0,0,0,29,57.5,62.1,76.7,59.0,71.1,29.7,0.0,0,0,13,13,7.7,1,1
Malcom Brown,9465,DI,NO,15,7,1.6,0,0,20,55.0,71.7,68.0,64.6,74.4,59.4,3.7,1,1,156,158,10.9,17,19
Landon Collins,9466,S,WAS,7,8,3.9,0,0,32,56.1,60.0,42.5,94.1,52.5,33.8,21.2,7,2,179,185,6.7,12,18
Mario Edwards Jr.,9468,DI,CHI,14,5,1.6,0,0,6,69.0,90.1,59.3,83.7,79.5,66.5,0.0,0,1,83,86,13.3,11,12
Preston Smith,9471,ED,GB,18,10,3.3,0,0,12,47.5,55.5,53.4,55.8,64.0,51.9,7.1,3,4,321,337,5.9,19,29
Benardrick McKinney,9476,LB,HST,4,8,2.9,0,0,13,61.6,57.8,82.1,45.3,58.1,49.7,15.8,6,0,139,139,10.8,15,24
Eric Kendricks,9478,LB,MIN,11,26,4.0,0,0,18,90.7,82.6,86.9,47.4,62.8,71.8,7.4,6,0,291,300,8.6,25,49
Jaquiski Tartt,9479,S,SF,7,1,7.2,1,0,28,63.5,65.3,35.8,79.1,65.7,74.1,20.0,3,1,144,152,4.2,6,11
Eric Rowe,9480,S,MIA,16,8,6.6,0,0,17,64.1,58.9,64.4,64.0,46.7,71.5,16.2,6,2,337,340,2.4,8,23
Denzel Perryman,9481,LB,LAC,13,8,1.7,0,1,27,74.1,83.3,0.0,75.6,86.3,74.5,6.7,2,3,146,148,11.6,17,20
Ronald Darby,9483,CB,WAS,17,2,4.8,1,0,32,68.2,69.7,86.9,58.5,70.2,72.1,11.8,2,2,405,416,1.5,6,13
Nate Orchard,9484,ED,HST,2,2,,0,0,13,,67.7,79.6,48.7,73.5,30.0,0.0,0,0,20,22,0.0,0,0
Jordan Phillips,9485,DI,ARZ,9,2,3.3,0,1,1,63.1,54.4,84.1,69.5,35.5,33.5,10.0,1,0,98,100,5.1,5,7
Markus Golden,9491,ED,ARZ,16,3,1.1,0,0,1,40.6,59.9,50.4,75.1,41.5,33.6,16.7,4,3,207,211,5.8,12,17
Randy Gregory,9493,ED,DAL,10,2,0.1,0,1,9,50.0,80.5,5.9,81.9,79.4,49.9,7.1,1,5,82,83,9.8,8,11
Frank Clark,9496,ED,KC,18,3,3.2,0,0,16,74.3,54.3,52.4,56.3,50.2,62.0,4.8,1,5,299,309,3.7,11,17
Jordan Richards,9497,S,BLT,3,0,,0,0,3,68.0,49.6,72.5,,37.0,23.1,100.0,2,0,6,6,0.0,0,0
P.J. Williams,9511,S,NO,15,3,7.2,0,0,20,38.0,40.5,87.3,54.6,57.7,44.5,25.0,3,1,126,126,1.6,2,6
Jordan Hicks,9517,LB,ARZ,16,15,3.9,0,0,1,62.6,50.4,86.8,47.6,40.4,68.0,11.4,9,1,372,377,8.9,33,55
Carl Davis,9523,DI,NE,2,1,2.0,0,0,19,,76.8,77.9,74.7,64.9,72.1,0.0,0,0,12,12,16.7,2,3
Henry Anderson,9526,DI,NYJ,16,8,1.6,0,0,22,48.0,67.9,74.5,63.6,72.2,51.7,4.9,2,1,234,239,9.0,21,31
Steven Nelson,9531,CB,PIT,16,1,11.1,1,0,25,68.6,68.1,45.8,,67.2,61.9,29.4,5,4,366,370,0.5,2,11
Angelo Blackson,9533,DI,ARZ,16,6,1.7,1,0,1,54.9,44.1,61.0,57.9,40.4,25.7,23.1,6,2,225,229,4.4,10,14
Trey Flowers,9534,ED,DET,7,3,2.1,0,0,11,79.6,83.3,67.6,72.7,75.5,72.0,5.6,1,1,115,117,9.6,11,14
Za'Darius Smith,9555,ED,GB,18,13,2.3,2,1,12,55.1,76.3,14.3,84.2,61.5,61.7,10.4,5,9,324,339,7.1,23,30
Kwon Alexander,9557,LB,NO,12,8,2.5,0,1,20,55.6,58.6,59.4,66.4,60.2,47.9,15.8,6,3,267,276,6.7,18,24
Damien Wilson,9560,LB,KC,16,18,3.5,0,0,16,53.4,54.2,63.2,61.4,55.4,76.5,3.5,2,2,325,334,6.2,20,37
Grady Jarrett,9570,DI,ATL,16,11,1.7,1,0,2,67.1,80.2,34.8,83.3,66.2,40.4,11.6,5,6,269,277,7.1,19,27
Adrian Amos,9575,S,GB,18,15,7.1,0,0,12,92.1,89.9,85.0,63.4,60.4,71.1,16.0,8,2,404,423,2.7,11,27
Bobby McCain,9578,S,MIA,16,1,14.9,0,0,17,63.1,62.1,89.3,50.6,61.0,60.4,10.5,2,0,338,341,0.0,0,16
Tyeler Davison,9587,DI,ATL,16,16,2.5,0,0,2,58.9,58.3,73.0,61.2,55.8,58.9,7.3,3,1,246,254,4.9,12,22
David Mayo,9602,LB,NYG,11,3,2.3,0,0,21,31.7,48.6,82.3,55.8,65.3,52.0,13.3,2,0,101,105,8.9,9,10
Tye Smith,9603,CB,TEN,6,0,1.0,0,0,31,64.1,61.4,82.7,,41.5,68.8,0.0,0,0,42,44,2.4,1,2
Quandre Diggs,9633,S,SEA,17,12,12.0,1,0,29,56.2,63.1,42.3,51.8,87.1,83.5,5.6,2,3,370,381,0.8,3,22
Anthony Chickillo,9645,ED,DEN,9,4,4.0,0,0,10,39.2,56.7,82.6,59.2,58.5,33.1,8.3,1,0,77,82,3.9,3,7
Christian Covington,9649,DI,CIN,16,13,3.3,0,0,7,57.0,51.7,87.6,52.5,52.2,42.7,10.8,4,0,274,278,6.2,17,20
Rakeem Nunez-Roches,9650,DI,TB,20,9,2.5,0,0,30,53.2,48.2,49.0,51.4,53.2,67.5,4.0,1,3,235,241,4.3,10,15
Bryce Hager,9657,LB,NYJ,3,3,2.0,0,0,22,39.2,30.2,76.4,67.4,28.2,45.5,12.5,1,0,46,46,6.5,3,4
Edmond Robinson,9665,LB,ATL,6,2,,0,0,2,41.4,40.8,78.6,67.5,42.3,27.5,33.3,1,1,26,26,0.0,0,0
Mark Nzeocha,9669,LB,SF,1,0,,0,0,28,61.1,64.3,65.9,,60.0,,,0,0,1,1,0.0,0,0
Darryl Roberts,9680,CB,DET,10,3,4.3,1,0,11,55.0,54.3,85.2,46.9,52.8,75.1,0.0,0,5,146,154,0.7,1,3
Justin Hamilton,9732,DI,DAL,10,4,2.8,0,0,9,,45.9,57.2,61.6,42.6,29.6,18.2,2,1,132,133,2.3,3,5
Xavier Williams,9809,DI,CIN,12,11,2.9,0,0,7,61.5,45.2,44.2,48.3,50.1,68.0,0.0,0,2,168,173,7.1,12,14
Neville Hewitt,9836,LB,NYJ,16,18,4.8,0,0,22,55.2,59.3,88.2,55.9,64.2,66.1,10.8,9,0,423,435,8.0,34,56
DeAndre Carter,9859,WR,CHI,1,0,,0,0,6,,60.0,60.0,,60.0,,,0,0,0,1,,0,0
Troy Hill,9881,CB,LA,18,7,5.2,0,0,26,71.9,69.9,67.0,73.1,55.7,41.8,27.6,8,2,390,402,1.8,7,14
DeShawn Williams,9891,DI,DEN,14,9,3.0,0,0,10,75.8,76.6,70.4,69.8,69.1,53.1,6.7,2,1,200,204,7.5,15,19
Justin Coleman,9892,CB,DET,11,1,2.0,0,0,11,48.4,47.4,83.7,51.8,45.1,28.0,60.0,3,1,165,169,0.6,1,1
Anthony Harris,9895,S,MIN,16,20,8.4,0,0,18,63.6,66.2,88.4,47.8,69.7,78.6,11.0,8,0,443,454,2.0,9,45
James Vaughters,9934,ED,CHI,15,6,4.4,0,0,6,66.5,68.0,58.8,56.8,73.6,67.7,5.9,1,1,119,121,5.9,7,10
Deshazor Everett,9940,S,WAS,9,5,8.3,1,1,32,59.3,61.9,28.7,52.6,73.3,50.6,17.6,3,3,142,146,0.7,1,9
Dean Marlowe,9966,S,BUF,14,2,5.5,0,0,4,52.1,53.8,81.5,84.4,51.3,48.6,33.3,4,0,101,102,3.0,3,6
Alex Singleton,9994,LB,PHI,15,28,5.1,0,0,24,52.0,58.9,60.4,75.6,62.6,57.1,11.1,10,1,343,351,9.6,33,52
Bryce Callahan,10000,CB,DEN,10,1,5.4,0,0,10,86.7,84.1,85.5,45.6,66.0,72.9,16.7,2,0,253,261,1.6,4,9
De'Vante Bausby,10057,CB,DEN,6,0,,2,0,10,54.0,51.8,82.5,,38.4,33.0,100.0,3,4,79,81,0.0,0,0
David Irving,10063,DI,LV,2,2,8.0,0,0,23,60.0,70.6,77.4,60.0,70.9,70.4,0.0,0,0,16,16,0.0,0,1
Quinton Dunbar,10073,CB,SEA,6,1,4.9,0,0,29,44.2,47.7,84.5,52.6,65.7,73.5,0.0,0,2,121,125,2.5,3,7
Curtis Riley,10109,S,MIN,3,2,18.0,0,0,18,46.9,48.3,74.3,54.2,63.7,46.7,25.0,1,0,30,31,0.0,0,1
Nick Dzubnar,10127,LB,TEN,8,0,0.5,0,0,31,21.8,25.4,74.3,60.0,60.6,75.0,0.0,0,0,21,21,9.5,2,2
Tyrell Adams,10140,LB,HST,14,24,3.4,0,2,13,45.2,43.5,84.3,71.4,40.5,59.5,14.7,11,0,338,350,5.6,19,40
Daniel Brown,10144,TE,NYJ,1,0,,0,0,22,,59.9,60.0,,60.0,,,0,0,1,1,0.0,0,0
T.Y. McGill,10156,DI,PHI,7,2,-1.5,1,0,24,63.0,64.2,0.0,76.1,62.5,72.3,0.0,0,3,70,72,5.7,4,4
Efe Obada,10235,ED,CAR,16,4,1.0,1,0,5,57.9,59.7,38.7,74.4,41.4,45.1,16.7,2,3,128,130,4.7,6,6
Erik Harris,10346,S,LV,14,6,9.5,0,0,23,57.9,57.0,88.3,50.0,54.2,42.5,20.6,7,0,280,285,1.8,5,21
Joey Bosa,10637,ED,LAC,12,4,1.5,1,0,27,74.8,90.2,1.2,90.5,83.1,63.9,9.1,3,9,195,197,10.8,21,26
Jalen Ramsey,10639,CB,LA,17,4,10.0,1,0,26,77.8,77.3,69.0,77.0,65.5,61.1,35.7,5,6,381,391,0.5,2,5
DeForest Buckner,10641,DI,IND,16,17,2.3,0,1,14,61.0,89.6,69.1,90.1,71.5,49.5,6.8,3,2,250,259,7.2,18,24
Leonard Floyd,10643,ED,LA,18,16,2.7,0,0,26,69.9,69.5,68.7,66.0,65.5,50.8,15.6,7,3,366,376,3.8,14,22
Eli Apple,10644,CB,CAR,1,0,4.0,0,0,5,57.0,55.3,74.3,,53.2,77.7,0.0,0,0,8,8,12.5,1,1
Vernon Hargreaves III,10645,CB,HST,16,0,9.9,2,0,13,37.3,41.2,87.6,39.8,57.9,55.0,31.3,5,4,412,422,0.7,3,11
Sheldon Rankins,10646,DI,NO,14,4,2.5,0,0,20,54.8,63.5,55.2,68.4,58.2,37.1,10.5,2,2,175,178,4.6,8,13
Karl Joseph,10648,S,CLV,15,11,6.3,0,0,8,49.1,54.7,84.7,62.4,65.6,59.7,14.6,6,1,254,261,3.5,9,24
Keanu Neal,10651,S,ATL,15,7,5.9,0,0,2,66.2,68.2,61.0,74.3,67.9,74.3,10.8,4,2,294,302,3.4,10,26
Shaq Lawson,10653,ED,MIA,14,9,2.5,0,0,17,80.2,70.9,65.1,65.9,66.1,75.8,0.0,0,2,203,203,3.9,8,13
William Jackson III,10658,CB,CIN,14,0,4.9,1,0,7,72.4,71.4,64.8,52.7,64.7,71.8,20.0,2,6,345,351,1.2,4,8
Kenny Clark,10661,DI,GB,15,10,2.7,0,0,12,64.2,76.1,55.6,70.3,74.1,46.8,8.3,4,3,256,271,9.4,24,34
Vernon Butler,10664,DI,BUF,17,10,0.5,0,1,4,63.4,57.5,86.8,56.4,55.0,76.0,0.0,0,0,193,197,4.7,9,10
Emmanuel Ogbah,10666,ED,MIA,16,9,2.4,0,0,17,54.2,66.4,82.5,64.5,63.7,46.5,6.7,2,1,265,268,6.0,16,19
Jaylon Smith,10668,LB,DAL,16,32,4.9,1,0,9,64.4,54.2,3.9,64.1,47.1,78.1,8.6,9,8,462,472,6.3,29,64
Myles Jack,10670,LB,JAX,14,26,4.3,0,1,15,65.0,69.1,5.3,58.0,75.7,77.7,9.1,8,7,412,425,9.0,37,54
Chris Jones,10671,DI,KC,17,13,2.3,1,0,16,53.8,90.3,14.0,92.8,67.2,26.8,20.0,9,9,287,294,5.2,15,23
Xavien Howard,10672,CB,MIA,16,0,6.6,2,0,17,89.6,87.3,39.9,60.0,70.0,67.5,11.1,1,8,349,352,0.9,3,8
Reggie Ragland,10675,LB,DET,16,11,3.6,0,1,11,35.7,48.0,89.3,60.3,55.0,72.3,7.5,3,1,222,232,6.3,14,26
Kamalei Correa,10676,ED,JAX,9,2,3.4,1,0,15,59.0,46.8,46.7,50.5,45.9,38.5,18.2,2,1,92,96,4.3,4,7
Austin Johnson,10677,DI,NYG,16,5,1.6,0,0,21,69.2,66.9,83.8,60.4,63.0,40.4,7.1,1,0,115,122,5.2,6,8
Jihad Ward,10678,ED,BLT,12,3,2.9,1,0,3,82.1,65.6,41.5,60.8,62.7,79.8,0.0,0,2,101,101,4.0,4,8
A'Shawn Robinson,10680,DI,LA,10,2,2.8,0,1,26,41.5,54.6,82.7,56.5,59.8,61.2,0.0,0,0,65,67,10.8,7,11
Jarran Reed,10683,DI,SEA,17,11,2.5,1,0,29,44.8,56.5,43.9,58.7,63.7,64.5,5.7,2,5,249,259,6.8,17,22
Deion Jones,10686,LB,ATL,16,14,4.2,0,1,2,70.6,68.7,49.2,75.0,59.3,65.0,14.5,11,2,339,348,8.3,28,51
Mackensie Alexander,10688,CB,CIN,13,3,5.4,3,0,7,67.2,60.4,57.1,45.9,38.4,58.3,17.6,3,3,224,225,3.6,8,11
Sean Davis,10692,S,PIT,5,1,4.3,0,0,25,52.8,58.1,77.0,59.5,72.6,85.5,0.0,0,0,22,22,4.5,1,4
Vonn Bell,10695,S,CIN,16,21,6.2,0,0,7,64.6,71.4,85.5,63.5,78.1,88.9,4.7,4,1,434,442,6.5,28,60
James Bradberry,10696,CB,NYG,15,2,7.5,0,1,21,79.9,79.8,88.6,50.2,71.9,29.9,11.8,2,3,364,382,1.4,5,13
Adam Gotsis,10697,ED,JAX,16,6,1.7,0,1,15,,60.7,64.7,56.4,63.2,47.5,12.5,5,2,305,313,7.2,22,29
Kevin Byard,10698,S,TEN,17,14,6.8,0,0,31,61.5,65.8,64.8,60.9,74.6,90.5,6.7,4,3,420,433,3.3,14,42
Carl Nassib,10699,ED,LV,14,8,2.0,0,0,23,61.6,66.1,90.1,64.1,58.9,40.9,14.8,4,0,167,171,6.0,10,15
Maliek Collins,10701,DI,LV,12,3,1.3,0,0,23,57.4,39.2,45.8,57.6,32.2,28.3,15.4,2,3,178,184,3.9,7,8
Will Redmond,10702,S,GB,14,1,9.5,0,0,12,59.0,55.1,36.8,64.8,39.7,29.4,16.7,1,1,83,83,0.0,0,4
Yannick Ngakoue,10703,ED,BLT,17,2,2.7,0,0,3,57.9,69.3,90.1,74.5,46.7,30.6,20.0,3,0,194,200,4.1,8,10
Darian Thompson,10705,S,DAL,10,3,13.9,0,1,9,51.3,47.2,87.2,56.6,39.0,52.6,33.3,7,0,179,180,1.1,2,11
Jonathan Bullard,10706,DI,SEA,6,4,2.6,0,0,29,60.0,56.5,0.0,75.3,54.7,53.3,0.0,0,2,61,61,8.2,5,5
Shilique Calhoun,10709,ED,NE,9,3,4.8,0,1,19,58.5,50.3,85.0,58.3,41.8,60.2,7.7,1,0,105,106,1.9,2,9
Daryl Worley,10711,CB,LV,10,3,9.4,0,0,23,42.2,44.8,45.8,64.1,62.9,64.2,8.3,1,3,126,128,3.2,4,8
Jordan Jenkins,10717,ED,NYJ,12,6,2.2,0,1,22,52.4,69.4,60.5,64.8,74.7,51.1,4.3,1,2,193,197,6.7,13,16
Kendall Fuller,10718,CB,WAS,15,6,7.9,1,0,32,65.4,66.7,67.2,53.0,70.5,71.2,10.5,2,5,379,390,0.5,2,11
Nick Vigil,10721,LB,LAC,10,9,6.8,0,1,27,60.5,60.6,79.9,61.4,59.0,77.6,4.2,1,0,150,152,2.0,3,14
Kyler Fackrell,10722,ED,NYG,12,4,4.1,1,0,21,48.2,57.6,37.2,60.1,66.0,28.9,25.9,7,4,211,224,4.3,9,16
Javon Hargrave,10723,DI,PHI,15,9,2.0,0,0,24,52.8,61.2,27.8,83.9,48.1,57.3,8.6,3,5,251,258,7.6,19,23
Justin Simmons,10732,S,DEN,16,5,7.9,0,0,10,79.0,77.4,61.5,63.0,74.0,76.0,14.3,5,1,405,416,2.5,10,25
Joe Schobert,10733,LB,JAX,16,26,3.4,0,0,15,43.1,54.2,49.4,69.9,65.5,44.7,10.9,10,2,487,504,7.4,36,56
Sheldon Day,10737,DI,IND,4,0,2.0,0,0,14,,56.8,78.7,69.6,46.5,69.0,0.0,0,0,28,28,7.1,2,2
Tavon Young,10738,CB,BLT,1,0,,0,0,3,57.8,57.4,75.2,51.3,63.6,79.3,,0,1,8,8,0.0,0,0
Eric Murray,10740,S,HST,14,6,8.4,0,0,13,50.4,53.9,24.2,74.1,64.3,71.9,20.0,6,5,393,402,1.5,6,18
B.J. Goodson,10743,LB,CLV,16,17,4.3,0,0,8,66.1,66.0,87.0,58.2,62.8,89.3,4.2,2,0,331,339,3.6,12,29
Nick Kwiatkoski,10747,LB,LV,12,7,3.9,0,0,23,75.3,67.1,55.5,62.7,54.6,66.7,12.0,6,3,276,281,7.2,20,37
De'Vondre Campbell,10749,LB,ARZ,16,15,4.9,1,1,1,51.5,49.0,85.7,51.1,48.3,76.4,4.8,3,1,346,349,6.6,23,45
Hassan Ridgeway,10750,DI,PHI,7,1,1.8,0,0,24,59.9,69.2,81.2,71.3,61.8,55.6,0.0,0,0,68,70,11.8,8,9
Juston Burris,10752,S,CAR,13,5,6.2,0,0,5,59.5,55.3,88.0,67.9,38.8,29.2,30.4,7,0,278,281,1.8,5,11
David Onyemata,10754,DI,NO,17,9,1.2,0,0,20,72.5,88.8,76.3,81.6,76.5,49.0,5.4,2,1,233,237,8.6,20,26
Deon Bush,10758,S,CHI,4,0,,0,0,6,57.3,57.9,80.7,,60.7,28.7,,0,0,7,7,0.0,0,0
Blake Martinez,10765,LB,NYG,16,23,4.0,1,0,21,73.9,75.9,87.3,54.7,75.2,81.9,6.0,5,2,393,411,8.9,35,55
Willie Henry,10766,DI,SF,1,0,,0,0,28,,61.0,69.8,59.6,60.4,,,0,0,3,3,0.0,0,0
Rashard Robinson,10767,CB,DAL,4,2,5.0,0,0,9,55.9,60.3,83.1,,73.6,73.5,14.3,1,1,89,90,1.1,1,4
Dean Lowry,10771,DI,GB,18,14,3.3,0,0,12,59.3,60.0,77.8,60.3,57.9,79.9,0.0,0,1,314,329,4.1,13,24
Matthew Judon,10780,ED,BLT,16,9,2.4,2,0,3,73.0,66.0,0.0,67.0,66.7,58.7,15.2,5,8,185,188,8.1,15,19
Quinton Jefferson,10781,DI,BUF,19,6,2.4,2,0,4,64.9,59.1,29.7,67.9,50.5,55.2,8.3,2,5,205,212,4.9,10,16
Matt Ioannidis,10786,DI,WAS,3,0,2.2,0,0,32,,67.8,22.0,77.0,56.6,72.4,0.0,0,1,28,28,10.7,3,5
LeShaun Sims,10791,CB,CIN,12,5,4.8,0,0,7,40.1,43.0,84.9,57.6,55.6,51.2,26.7,4,3,244,249,1.6,4,6
D.J. Reader,10800,DI,CIN,5,5,3.2,0,0,7,60.3,69.6,84.2,60.7,69.3,27.4,26.1,6,0,110,110,10.0,11,12
Temarrick Hemingway,10811,TE,WAS,1,0,,0,0,32,,60.0,60.0,,60.0,,,0,1,1,1,0.0,0,0
DeAndre Houston-Carson,10819,S,CHI,8,0,,0,0,6,88.9,89.9,85.1,,68.4,55.4,,0,0,10,11,0.0,0,0
Anthony Brown,10823,CB,DAL,10,1,6.9,2,0,9,48.3,54.6,85.3,74.2,74.5,59.2,9.1,1,3,224,230,2.2,5,9
Derek Watt,10832,FB,PIT,2,0,,0,0,25,,64.2,60.0,,60.0,,,0,0,2,2,0.0,0,0
Anthony Zettel,10836,ED,NO,1,0,,0,0,20,,59.5,72.7,63.7,59.0,,,0,0,2,2,0.0,0,0
Kamu Grugier-Hill,10842,LB,MIA,11,2,7.7,1,0,17,50.0,50.4,28.9,73.1,45.1,51.2,0.0,0,3,55,55,1.8,1,3
Kavon Frazier,10846,S,MIA,5,1,,0,0,17,66.4,68.8,79.3,59.9,64.7,77.6,0.0,0,0,18,18,0.0,0,0
Elandon Roberts,10848,LB,MIA,13,11,2.9,0,1,17,26.7,29.3,84.4,67.3,55.0,36.8,12.7,7,0,228,228,9.6,22,37
Kevon Seymour,10852,CB,PHI,2,0,,0,0,24,58.1,55.8,0.0,,64.0,80.3,,0,1,22,22,0.0,0,0
Will Parks,10853,CB,DEN,10,0,0.3,0,0,10,52.5,57.5,82.8,59.2,77.3,62.4,0.0,0,0,87,91,5.7,5,6
Stephen Weatherly,10861,ED,CAR,9,2,1.3,0,0,5,59.2,53.7,88.3,54.1,52.2,30.0,17.6,3,0,144,146,4.9,7,12
Jalen Mills,10867,S,PHI,15,9,7.5,0,0,24,66.9,68.9,85.3,68.3,67.2,56.1,18.4,9,3,409,418,4.6,19,31
Jayron Kearse,10878,S,DET,11,4,5.0,0,0,11,58.7,55.7,27.0,54.4,56.1,73.3,9.1,3,4,188,196,6.9,13,26
Clayton Fejedelem,10879,S,MIA,3,0,13.0,0,0,17,32.9,36.5,73.7,65.4,61.5,77.2,0.0,0,0,5,5,0.0,0,1
Tyler Matakevich,10880,LB,BUF,5,0,5.7,0,0,4,80.0,73.4,75.9,55.7,57.0,62.2,25.0,1,0,24,24,4.2,1,3
Joe Walker,10885,LB,SF,2,0,2.0,0,0,28,48.6,66.4,72.3,,81.1,77.0,0.0,0,0,6,6,33.3,2,2
Mike Hilton,10898,CB,PIT,13,2,2.9,0,0,25,62.0,63.7,51.2,76.7,53.9,28.2,32.1,9,2,142,142,9.2,13,17
Jarrod Wilson,10902,S,JAX,12,13,10.2,1,0,15,64.7,64.7,34.8,66.1,64.9,69.7,10.0,5,3,317,326,2.2,7,32
Chris Milton,10914,CB,TEN,2,0,,0,0,31,,44.9,64.9,,60.0,22.4,100.0,1,0,2,2,0.0,0,0
Matthias Farley,10953,S,NYJ,6,4,8.7,0,0,22,60.5,57.4,89.4,74.6,41.1,29.6,37.5,6,0,61,63,3.3,2,6
Justin Zimmer,10975,DI,BUF,15,8,1.7,0,1,4,62.7,73.4,64.8,66.0,71.3,39.2,8.3,2,1,132,135,7.6,10,14
Trevor Williams,11004,CB,PHI,2,0,,0,0,24,65.1,65.4,75.4,,61.4,78.0,,0,0,8,9,0.0,0,0
Jared Norris,11011,LB,WAS,2,0,,0,0,32,42.9,42.4,67.3,,62.2,,,0,0,3,3,0.0,0,0
Kalif Raymond,11028,WR,TEN,1,0,,0,0,31,71.0,72.0,60.0,,60.0,71.4,,0,0,1,1,0.0,0,0
Eddie Yarbrough,11033,ED,MIN,4,1,4.0,0,0,18,,36.7,83.5,58.4,30.0,38.7,14.3,1,0,44,46,4.5,2,5
Sharrod Neasman,11050,S,ATL,12,2,6.5,0,0,2,59.4,63.4,84.9,90.1,63.4,68.0,14.3,1,0,102,104,2.0,2,4
Brian Poole,11052,CB,NYJ,9,3,6.2,0,0,22,79.5,77.1,83.2,49.7,69.8,83.6,7.1,1,0,170,175,3.5,6,10
Trevon Coley,11093,DI,NYJ,6,3,2.8,0,0,22,61.2,51.2,51.2,58.7,48.2,57.2,10.0,1,1,71,71,4.2,3,6
Charles Washington,11137,S,ARZ,3,0,1.0,0,0,1,82.0,89.0,73.8,57.2,73.7,79.0,0.0,0,0,18,18,5.6,1,1
Brian Price,11157,DI,GB,3,0,0.0,0,0,12,,55.1,0.0,62.4,66.4,26.1,50.0,1,1,8,8,12.5,1,1
Brennan Scarlett,11169,LB,HST,10,6,3.9,0,0,13,70.7,55.7,84.3,55.8,48.3,47.2,19.2,5,0,165,168,5.5,9,15
Morgan Fox,11184,DI,LA,18,5,2.4,0,0,26,60.2,58.7,87.0,68.3,44.0,47.4,11.1,3,0,170,175,7.1,12,19
Cory Littleton,11190,LB,LV,14,15,3.3,1,0,23,48.5,46.3,84.1,50.5,45.5,49.3,15.6,7,2,323,332,4.3,14,23
Woodrow Hamilton,11215,DI,CAR,5,1,0.5,0,0,5,,37.0,6.0,55.2,42.7,22.9,40.0,2,1,31,31,6.5,2,2
Jonathan Jones,11217,CB,NE,16,4,8.4,0,0,19,80.8,80.7,85.7,57.4,71.8,66.9,10.0,2,1,271,277,2.2,6,14
Cre'Von LeBlanc,11218,CB,PHI,8,1,0.5,1,0,24,43.3,47.7,15.1,92.3,46.9,28.4,25.0,1,3,46,47,4.3,2,2
Ken Crawley,11224,CB,NO,1,0,10.0,0,0,20,84.9,84.2,73.1,,64.2,72.5,0.0,0,0,4,4,0.0,0,1
Andrew Adams,11240,S,TB,4,1,4.5,0,0,30,52.4,52.3,79.7,54.4,63.2,80.8,0.0,0,0,10,10,10.0,1,2
Romeo Okwara,11250,ED,DET,16,4,3.5,0,0,11,55.9,68.8,55.7,84.5,45.0,28.7,20.0,7,4,289,296,4.5,13,24
Doug Middleton,11262,S,JAX,2,0,,0,0,15,60.0,62.5,72.0,,60.0,,,0,0,5,5,0.0,0,0
Brandin Bryant,11280,DI,BUF,1,0,2.0,0,0,4,,71.7,73.4,69.6,62.4,66.8,0.0,0,0,3,3,33.3,1,1
Elijhaa Penny,11300,FB,NYG,1,0,,0,0,21,,60.0,60.0,,60.0,,,0,0,1,1,0.0,0,0
Kevin Peterson,11302,CB,ARZ,4,0,,2,0,1,35.1,38.3,79.2,58.8,63.3,75.4,,0,4,17,17,0.0,0,0
Antwaun Woods,11332,DI,DAL,14,11,3.0,1,0,9,64.1,58.3,72.0,50.0,61.9,39.9,14.8,4,1,235,244,3.8,9,12
Roy Robertson-Harris,11341,DI,CHI,8,0,3.0,0,0,6,63.3,67.0,54.8,63.0,64.0,50.1,10.0,1,1,101,105,5.9,6,9
Antonio Hamilton,11353,CB,KC,6,1,6.0,0,0,16,48.0,48.4,81.9,60.6,50.0,45.1,0.0,0,0,45,46,0.0,0,1
Tony McRae,11358,CB,DET,1,0,,0,0,11,30.1,32.2,71.1,,60.0,78.9,,0,0,2,2,0.0,0,0
Jaydon Mickens,11371,WR,TB,2,0,,0,0,30,,60.0,60.0,,60.0,,,0,0,2,2,0.0,0,0
Myles Garrett,11756,ED,CLV,16,5,2.7,2,0,8,58.4,86.0,30.6,90.1,69.5,61.2,5.9,2,8,278,284,6.1,17,27
Solomon Thomas,11758,DI,SF,2,1,,0,0,28,60.0,49.5,77.2,52.0,47.1,68.6,0.0,0,0,17,17,0.0,0,0
Jamal Adams,11761,S,SEA,13,12,3.0,0,0,29,52.5,62.7,84.7,86.1,61.6,56.3,17.1,7,1,274,280,4.0,11,22
Marshon Lattimore,11766,CB,NO,16,4,6.3,4,0,20,59.7,59.1,26.5,59.5,63.0,77.9,15.8,3,11,373,378,0.5,2,12
Haason Reddick,11768,ED,ARZ,16,8,2.6,1,0,1,52.6,72.8,89.7,82.6,56.7,77.6,3.1,1,2,309,312,4.9,15,23
Derek Barnett,11769,ED,PHI,13,7,2.9,0,0,24,75.4,67.9,54.1,62.6,66.0,67.5,7.4,2,3,216,219,6.0,13,18
Malik Hooker,11770,S,IND,2,0,8.3,1,0,14,65.4,60.6,0.0,,58.0,64.8,0.0,0,1,27,30,7.4,2,3
Marlon Humphrey,11771,CB,BLT,17,1,9.9,3,0,3,77.6,76.4,88.2,69.2,59.5,70.8,5.9,1,8,358,361,1.1,4,15
Jonathan Allen,11772,DI,WAS,17,16,2.8,1,0,32,71.0,78.4,70.8,83.7,60.8,66.2,1.7,1,2,351,361,8.5,30,41
Adoree' Jackson,11773,CB,TEN,4,1,25.0,0,0,31,66.4,56.6,81.4,38.2,28.5,47.7,37.5,3,1,84,85,0.0,0,4
Jarrad Davis,11776,LB,DET,14,11,4.2,0,0,11,72.1,62.2,81.8,61.4,50.8,41.4,17.1,6,0,158,161,7.0,11,18
Charles Harris,11777,ED,ATL,13,0,2.9,0,0,2,51.1,55.7,45.2,59.6,62.7,58.7,12.5,1,2,84,86,6.0,5,7
Jabrill Peppers,11780,S,NYG,15,13,4.1,0,1,21,57.2,64.7,86.1,76.3,71.8,59.1,15.9,7,2,327,342,4.3,14,24
Takkarist McKinley,11781,ED,CIN,4,1,3.5,0,0,7,77.3,69.6,25.5,63.4,69.7,57.9,0.0,0,1,22,22,9.1,2,2
Tre'Davious White,11782,CB,BUF,17,10,4.3,0,0,4,71.9,68.5,50.3,92.5,39.4,56.2,17.9,5,7,401,410,1.5,6,13
Taco Charlton,11783,ED,KC,7,1,3.7,0,0,16,60.0,67.6,30.6,74.0,56.3,35.5,0.0,0,1,33,33,6.1,2,3
T.J. Watt,11785,ED,PIT,16,9,0.1,0,1,25,67.8,91.6,66.7,90.5,90.3,79.2,2.6,1,3,341,345,8.5,29,29
Kevin King,11788,CB,GB,13,5,5.5,0,0,12,45.6,50.6,61.6,60.0,71.7,51.7,8.7,2,6,265,280,2.3,6,16
Budda Baker,11791,S,ARZ,15,15,5.0,0,0,1,68.9,75.3,85.8,70.3,80.3,72.1,10.3,7,2,359,362,6.1,22,46
Marcus Maye,11794,S,NYJ,16,14,4.8,1,1,22,85.8,82.9,89.1,64.7,73.0,64.8,14.3,7,4,430,442,3.5,15,28
Marcus Williams,11797,S,NO,16,10,8.9,0,0,20,72.9,78.6,89.6,61.8,88.9,91.0,0.0,0,3,360,366,1.7,6,22
Sidney Jones,11798,CB,JAX,7,2,6.9,0,0,15,71.3,68.1,83.9,60.0,49.0,65.0,18.2,2,0,118,122,0.8,1,7
Quincy Wilson,11801,CB,NYG,1,0,-3.0,0,0,21,56.4,56.1,74.0,,56.5,24.1,50.0,1,0,12,12,8.3,1,1
Tyus Bowser,11802,ED,BLT,18,7,1.5,0,0,3,66.7,68.3,59.9,62.2,71.7,49.0,0.0,0,2,143,143,9.8,14,15
Ryan Anderson,11804,ED,WAS,9,3,-0.3,1,0,32,60.4,49.6,49.5,45.6,59.6,58.8,12.5,1,1,75,78,4.0,3,4
DeMarcus Walker,11806,DI,DEN,13,10,2.8,1,0,10,57.6,54.1,49.2,64.0,50.6,58.6,0.0,0,2,157,160,2.5,4,6
Raekwon McMillan,11809,LB,LV,9,2,7.9,0,1,23,28.9,30.3,0.0,58.4,56.0,43.7,10.5,2,1,83,87,9.6,8,15
Dalvin Tomlinson,11810,DI,NYG,16,11,1.9,0,0,21,57.6,75.1,65.8,74.6,70.3,52.9,8.7,4,2,301,314,7.3,22,31
Zach Cunningham,11812,LB,HST,16,31,3.7,0,1,13,43.0,60.9,42.9,78.6,72.7,57.0,10.2,14,3,460,471,12.8,59,92
Tanoh Kpassagnon,11814,ED,KC,19,9,2.2,0,0,16,58.4,55.4,91.4,49.0,61.1,60.5,5.4,2,0,309,316,6.8,21,26
Chidobe Awuzie,11815,CB,DAL,8,3,7.2,0,0,9,52.0,52.0,44.3,,55.8,50.6,0.0,0,2,198,202,1.0,2,10
Josh Jones,11816,S,JAX,13,6,7.2,0,0,15,39.2,43.9,16.0,58.6,59.5,69.9,9.1,4,6,298,310,5.4,16,34
Larry Ogunjobi,11820,DI,CLV,17,9,2.2,0,1,8,60.0,51.4,37.4,56.2,53.8,30.4,12.5,6,5,309,314,7.4,23,33
Ahkello Witherspoon,11821,CB,SF,8,1,4.7,1,0,28,80.9,80.2,83.7,58.3,68.4,75.5,0.0,0,3,122,123,0.0,0,3
Dawuane Smoot,11823,ED,JAX,16,2,2.2,0,0,15,64.4,57.3,40.4,66.6,46.9,29.9,14.3,3,5,248,256,4.8,12,16
Jordan Willis,11828,ED,SF,9,3,0.0,1,0,28,41.1,49.6,63.2,59.3,54.7,62.1,16.7,1,1,76,78,2.6,2,2
Chris Wormley,11829,DI,PIT,14,1,4.2,0,0,25,,80.4,82.7,77.1,70.3,50.3,14.3,1,0,82,82,2.4,2,5
Duke Riley,11830,LB,PHI,13,7,3.5,0,0,24,56.9,55.1,54.2,49.2,57.3,43.9,14.7,5,1,278,282,4.0,11,22
Alex Anzalone,11831,LB,NO,17,11,3.3,0,0,20,64.8,57.0,87.4,46.0,52.0,57.4,16.7,6,2,255,258,4.3,11,19
Tarell Basham,11835,ED,NYJ,16,10,2.1,1,1,22,41.2,64.6,47.5,65.6,71.7,28.9,24.1,7,4,263,273,3.8,10,12
Fabian Moreau,11836,CB,WAS,10,0,9.3,0,0,32,65.9,64.7,84.2,52.6,57.6,55.9,0.0,0,0,53,55,0.0,0,3
Derek Rivers,11838,ED,LA,11,0,5.5,0,0,26,63.2,57.9,81.2,61.1,48.3,75.8,0.0,0,0,32,34,6.3,2,2
D'Onta Foreman,11844,HB,TEN,1,0,,0,0,31,,60.0,60.0,,60.0,,,0,0,1,1,0.0,0,0
Shaquill Griffin,11845,CB,SEA,13,2,6.2,1,0,29,64.8,64.6,87.3,64.9,56.6,69.7,7.7,1,3,288,295,1.4,4,10
Jourdan Lewis,11846,CB,DAL,15,3,4.2,0,0,9,45.8,48.1,62.0,70.2,54.3,73.4,7.1,2,8,296,303,4.1,12,23
John Johnson III,11847,S,LA,18,10,6.6,1,0,26,86.6,85.3,86.8,50.1,81.6,85.7,5.3,2,1,415,426,2.4,10,26
Montravius Adams,11848,DI,GB,8,3,1.8,0,0,12,53.0,63.7,81.7,52.7,74.2,74.4,0.0,0,0,60,62,11.7,7,9
Delano Hill,11849,S,SEA,2,0,4.0,0,0,29,43.0,43.5,79.1,60.0,64.7,64.4,0.0,0,0,20,21,5.0,1,1
Cameron Sutton,11850,CB,PIT,15,1,3.0,0,0,25,73.8,68.9,86.5,71.4,32.4,32.4,60.0,3,0,175,177,0.6,1,1
Cordrea Tankersley,11852,CB,MIN,1,0,,0,0,18,54.7,55.7,74.2,,60.0,72.5,,0,0,5,5,0.0,0,0
Rasul Douglas,11854,CB,CAR,14,3,6.8,0,0,5,60.2,60.2,62.8,57.0,60.2,66.9,20.0,3,4,274,277,1.5,4,9
Trey Hendrickson,11858,ED,NO,16,1,2.0,0,0,20,44.0,70.9,81.2,77.0,53.9,56.1,15.4,2,1,194,195,4.6,9,10
Jaleel Johnson,11864,DI,MIN,16,13,3.2,0,0,18,59.8,35.3,65.5,50.7,33.3,44.9,5.3,2,2,312,321,4.8,15,23
Tedric Thompson,11866,S,CLV,6,1,6.7,0,0,8,54.8,55.8,79.9,49.2,70.5,50.3,0.0,0,0,23,23,0.0,0,3
Eddie Jackson,11867,S,CHI,17,2,9.1,1,3,6,55.8,59.5,51.4,51.7,70.0,55.8,15.9,7,4,442,454,2.5,11,35
Rayshawn Jenkins,11868,S,LAC,15,10,6.1,0,0,27,70.0,68.9,83.2,75.0,61.7,54.1,14.3,6,1,341,347,3.8,13,26
Carl Lawson,11871,ED,CIN,16,12,2.7,1,0,7,54.0,76.3,36.3,84.9,61.1,68.1,6.1,2,6,266,270,4.1,11,19
Jalen Reeves-Maybin,11879,LB,DET,7,0,2.5,0,0,11,63.1,53.1,74.0,,48.9,30.2,0.0,0,0,26,26,7.7,2,2
Samson Ebukam,11880,ED,LA,18,7,2.8,1,0,26,46.5,56.8,66.6,68.3,48.9,46.6,13.0,3,1,169,172,5.9,10,13
Deatrich Wise Jr.,11886,ED,NE,16,15,4.0,0,0,19,71.9,70.6,88.3,73.3,56.1,68.1,4.5,2,1,240,243,6.3,15,27
Ryan Glasgow,11893,DI,NO,2,2,2.5,0,0,20,,53.6,76.4,59.8,53.0,70.6,0.0,0,0,23,23,8.7,2,2
Carlos Watkins,11897,DI,HST,16,7,2.9,1,0,13,54.8,46.6,48.3,59.2,45.4,68.3,3.8,1,3,288,297,3.8,11,18
Grover Stewart,11899,DI,IND,17,11,1.8,1,0,14,67.2,68.1,44.7,58.2,72.9,60.0,2.0,1,4,277,285,10.5,29,39
Damontae Kazee,11904,S,ATL,4,0,10.8,0,0,2,61.7,65.1,80.9,53.1,71.7,61.7,16.7,1,0,79,83,0.0,0,5
Desmond King II,11906,CB,TEN,16,7,4.8,0,0,31,62.4,67.0,60.1,64.6,81.9,72.9,4.8,1,7,220,226,3.6,8,13
Corn Elder,11907,CB,CAR,14,2,6.3,0,0,5,68.2,68.5,83.3,44.9,74.2,78.4,0.0,0,0,85,86,2.4,2,3
Jayon Brown,11910,LB,TEN,10,17,5.0,0,1,31,73.5,66.3,84.9,70.4,49.5,69.7,9.8,4,0,236,241,4.7,11,20
Nate Hairston,11913,CB,DEN,2,0,,0,0,10,41.8,43.4,77.6,,54.7,78.7,,0,1,29,31,0.0,0,0
Anthony Walker,11916,LB,IND,17,14,3.6,0,0,14,52.2,45.5,58.3,61.3,41.5,75.1,5.5,3,1,298,307,7.4,22,38
Matt Milano,11918,LB,BUF,12,5,5.2,1,0,4,56.4,55.6,52.4,74.1,48.2,54.3,11.4,4,3,181,187,7.2,13,26
Brian Allen,11928,CB,CLV,1,0,,0,0,8,27.6,27.6,0.0,,70.5,78.2,,0,2,7,8,0.0,0,0
Eric Saubert,11929,TE,JAX,1,0,,0,0,15,,60.0,60.0,,60.0,,,0,1,1,1,0.0,0,0
Trent Taylor,11932,WR,SF,1,0,,0,0,28,,60.0,60.0,,60.0,,,0,1,1,1,0.0,0,0
Davon Godchaux,11934,DI,MIA,5,4,3.4,0,0,17,58.5,57.4,83.4,57.6,56.6,73.9,0.0,0,0,89,89,4.5,4,9
Nathan Gerry,11940,LB,PHI,7,7,4.1,0,0,24,38.6,45.7,48.2,70.9,58.2,70.3,4.0,1,1,194,199,6.7,13,17
Chuck Clark,11941,S,BLT,18,10,7.2,0,2,3,70.8,69.8,54.2,65.6,66.9,90.1,5.4,3,8,389,392,4.1,16,43
Tanzel Smart,11944,DI,NYJ,3,0,6.0,0,0,22,,70.4,74.6,58.0,71.8,69.9,0.0,0,0,11,12,0.0,0,2
Xavier Woods,11946,S,DAL,15,12,7.6,0,0,9,62.5,61.9,84.3,83.8,55.2,65.0,14.9,7,1,434,444,2.8,12,28
Jordan Evans,11947,LB,CIN,4,1,4.0,0,0,7,54.6,60.4,80.5,68.3,61.8,57.5,20.0,1,1,19,20,10.5,2,3
Vincent Taylor,11949,DI,CLV,17,1,4.0,0,0,8,62.4,57.0,57.4,61.3,52.9,32.6,8.3,1,1,88,94,4.5,4,10
Tanner Vallejo,11950,LB,ARZ,5,4,2.9,0,0,1,55.9,67.0,82.1,81.5,67.8,77.3,0.0,0,0,34,36,20.6,7,9
Al-Quadin Muhammad,11951,ED,IND,17,4,2.4,1,0,14,56.1,61.2,59.3,55.8,72.7,80.9,0.0,0,3,191,201,5.8,11,16
D.J. Jones,11953,DI,SF,14,6,0.6,0,0,28,58.8,61.3,68.5,64.7,57.4,35.4,10.0,2,1,176,183,5.7,10,12
Pita Taumoepenu,11957,ED,ATL,1,0,,0,0,2,62.9,53.4,75.1,56.1,56.5,72.4,,0,0,2,2,0.0,0,0
Jeremiah Ledbetter,11960,DI,TB,1,1,3.0,0,0,30,,78.3,77.9,73.4,66.5,69.6,0.0,0,0,6,7,16.7,1,1
Brandon Wilson,11962,S,CIN,4,0,5.0,0,0,7,60.0,62.8,78.4,64.5,64.1,78.1,0.0,0,0,7,7,0.0,0,1
Rudy Ford,11963,CB,PHI,3,0,5.7,0,0,24,54.0,51.8,79.1,,50.8,41.8,25.0,1,0,24,26,4.2,1,3
Ifeadi Odenigbo,11975,ED,MIN,15,8,4.0,1,0,18,58.6,60.7,53.9,68.2,51.8,64.6,8.3,2,4,249,254,2.8,7,14
Isaac Rochell,11980,ED,LAC,16,6,2.8,0,0,27,61.9,52.6,88.9,53.3,50.4,47.0,12.0,3,0,162,166,7.4,12,16
David Moore,11981,WR,SEA,1,0,,0,0,29,,60.0,60.0,,60.0,,,0,1,1,1,0.0,0,0
Adrian Colbert,11983,S,NYG,4,1,5.0,0,0,21,60.0,56.3,0.0,,69.4,69.7,0.0,0,2,38,39,2.6,1,3
Elijah Lee,11987,LB,CLV,1,0,,0,0,8,60.0,73.5,67.9,66.0,60.2,,,0,0,2,2,0.0,0,0
Patrick O'Connor,12005,ED,TB,8,0,0.0,0,0,30,60.0,60.6,82.0,56.6,71.7,27.1,0.0,0,0,28,30,7.1,2,2
Ryan Lewis,12017,CB,NYG,5,0,,0,0,21,42.8,41.2,83.7,,33.4,28.7,100.0,2,1,99,105,0.0,0,0
Michael Davis,12040,CB,LAC,16,5,3.7,1,0,27,62.9,63.1,68.1,58.0,62.0,67.4,4.3,1,3,354,360,3.1,11,17
Greg Mabin,12068,CB,JAX,5,1,9.0,0,0,15,41.4,48.4,82.7,,71.2,64.4,12.5,1,2,130,133,2.3,3,6
Bryan Cox Jr.,12092,ED,BUF,1,1,,0,0,4,,46.6,77.1,51.4,50.7,69.6,0.0,0,0,12,12,0.0,0,0
B.J. Bello,12097,LB,LAC,2,1,,0,0,27,64.6,80.9,70.8,,75.4,73.2,0.0,0,0,7,7,0.0,0,0
Kai Nacua,12102,S,SF,1,0,,0,0,28,60.4,60.6,65.3,,60.0,,,0,0,1,1,0.0,0,0
Alex Barrett,12183,ED,SF,7,1,0.0,0,0,28,61.2,62.5,85.0,58.0,63.1,74.2,0.0,0,0,37,39,5.4,2,2
Adam Butler,12214,DI,NE,14,9,3.2,2,0,19,55.4,51.7,18.3,64.3,49.3,69.9,4.0,1,5,154,158,5.2,8,15
Devaroe Lawrence,12222,DI,WAS,1,0,6.0,0,0,32,,61.9,69.1,60.0,61.4,67.3,0.0,0,0,2,2,0.0,0,1
Arthur Maulet,12224,S,NYJ,8,1,13.6,0,0,22,45.7,49.7,83.5,61.6,69.5,34.1,14.3,1,2,127,131,1.6,2,5
Calvin Munson,12236,LB,MIA,5,1,2.7,0,0,17,57.7,46.9,0.0,60.0,55.7,33.7,20.0,1,1,25,25,8.0,2,3
Corey Clement,12253,HB,PHI,1,0,,0,0,24,,59.9,60.0,,60.0,,,0,0,1,1,0.0,0,0
Greg Ward,12258,WR,PHI,1,0,,1,0,24,,59.9,60.0,,60.0,,,0,1,1,1,0.0,0,0
Jamal Perry,12259,CB,MIA,7,2,4.6,0,0,17,53.6,59.6,80.7,57.5,86.1,72.9,0.0,0,1,40,40,5.0,2,5
Dan Skipper,12307,DI,DET,1,1,,0,0,11,,39.8,72.5,60.0,45.2,26.4,50.0,1,0,8,8,0.0,0,0
Joe Jones,12321,LB,DEN,4,0,4.0,0,0,10,60.0,69.8,69.0,60.0,62.9,74.9,0.0,0,0,4,4,0.0,0,1
Dare Ogunbowale,12329,HB,JAX,1,0,4.0,0,0,15,,62.7,60.0,,61.9,68.4,0.0,0,1,1,1,0.0,0,1
Sione Takitaki,12666,LB,CLV,17,13,3.6,0,0,8,44.4,67.5,82.6,64.3,89.3,61.7,2.3,1,0,228,232,8.3,19,30
Kamal Martin,12744,LB,GB,12,5,1.2,0,0,12,71.0,68.5,77.3,66.2,60.8,47.7,22.7,5,0,111,118,8.1,9,12
Ken Webster,12955,CB,SF,1,0,,0,0,28,66.4,66.5,72.2,,60.0,,,0,0,1,1,0.0,0,0
Alexander Johnson,15267,LB,DEN,16,24,3.5,0,1,10,61.6,65.4,48.3,65.7,67.0,82.5,6.9,6,3,400,411,10.0,40,57
Sam Eguavoen,15301,ED,MIA,8,3,5.0,0,0,17,68.6,62.1,82.4,62.8,51.7,58.6,20.0,1,0,31,32,0.0,0,1
Aaron Adeoye,20807,ED,BLT,1,0,,0,0,3,60.0,55.6,71.8,53.7,60.0,,,0,0,3,3,0.0,0,0
Kemoko Turay,21702,ED,IND,5,0,6.0,0,0,14,60.5,53.6,6.0,57.8,62.5,29.2,0.0,0,2,12,12,0.0,0,1
Terrell Bonds,23668,CB,BLT,2,0,,0,0,3,41.8,42.7,78.0,52.9,55.5,81.7,,0,1,20,20,0.0,0,0
Dylan Cole,24304,LB,HST,1,0,9.0,0,0,13,,47.2,65.8,,54.2,73.3,0.0,0,0,3,3,0.0,0,1
Nathan Shepherd,24614,DI,NYJ,14,5,1.9,0,0,22,55.7,50.7,63.7,58.0,50.2,51.8,6.7,1,1,135,141,5.2,7,9
Raven Greene,24750,S,GB,10,2,4.8,0,0,12,60.1,61.1,76.6,69.8,57.7,39.5,11.1,1,0,78,80,5.1,4,6
Foyesade Oluokun,24904,LB,ATL,15,15,4.0,0,2,2,53.0,56.6,35.3,75.8,55.0,66.6,14.5,10,5,290,297,9.0,26,44
Deionte Thompson,25444,S,ARZ,9,1,5.8,0,0,1,55.0,54.6,82.4,83.9,50.1,39.0,23.5,4,2,114,115,5.3,6,12
Levi Wallace,25445,CB,BUF,15,2,8.4,0,0,4,64.7,68.3,87.8,91.8,73.2,88.5,0.0,0,3,243,248,0.8,2,16
Anfernee Jennings,25449,LB,NE,12,7,4.4,0,0,19,32.0,54.6,85.2,62.6,71.4,68.2,0.0,0,0,146,150,2.7,4,9
Jameson Houston,25642,CB,PHI,1,0,,0,0,24,74.9,74.2,74.1,,60.1,,,0,0,5,5,0.0,0,0
Bravvion Roy,25644,DI,CAR,15,7,3.7,0,0,5,54.8,43.9,68.8,58.7,39.4,35.5,7.1,2,1,191,193,4.7,9,19
Clay Johnston,25685,LB,CAR,1,0,2.0,0,0,5,,67.2,65.8,,63.0,71.7,0.0,0,0,3,3,0.0,0,1
Henry Black,25687,S,GB,3,0,,0,0,12,62.5,64.0,73.1,,62.4,79.7,,0,0,7,7,0.0,0,0
Sean Murphy-Bunting,25891,CB,TB,20,6,3.8,0,0,30,60.4,59.6,51.6,54.7,60.4,32.4,16.7,4,6,328,335,3.0,10,14
Clelin Ferrell,25955,ED,LV,11,7,1.4,2,0,23,64.5,76.1,35.5,70.0,76.6,48.2,11.5,3,4,178,181,8.4,15,16
Dexter Lawrence,25991,DI,NYG,16,14,2.5,0,0,21,65.4,79.7,77.1,73.2,73.1,64.3,4.0,2,1,285,300,9.1,26,34
Isaiah Mack,26229,DI,NE,8,1,8.0,0,0,19,59.5,38.5,30.0,55.6,38.0,36.6,33.3,1,1,40,41,0.0,0,1
Tae Davis,26296,LB,CLV,5,0,4.0,0,0,8,81.3,66.5,75.1,,42.7,74.9,0.0,0,0,15,16,6.7,1,1
Maxx Crosby,26316,ED,LV,16,12,1.0,1,0,23,61.8,57.8,64.1,58.2,56.1,29.3,17.6,6,4,341,349,3.8,13,16
Craig James,26360,CB,PHI,1,0,,0,0,24,77.3,76.9,71.6,,60.0,72.5,,0,0,8,8,0.0,0,0
Freddie Swain,26448,WR,SEA,1,0,,0,0,29,,60.0,60.0,,60.0,,,0,1,1,1,0.0,0,0
Jabari Zuniga,26449,ED,NYJ,8,1,3.0,0,0,22,62.5,33.0,31.7,50.5,30.6,45.0,33.3,1,1,38,38,2.6,1,1
Ben Banogu,26554,ED,IND,9,0,5.0,0,0,14,,42.4,36.1,55.4,39.5,24.8,50.0,2,1,29,31,0.0,0,2
C.J. Moore,26617,S,DET,1,0,,0,0,11,61.9,63.3,66.8,,60.0,77.3,,0,0,3,3,0.0,0,0
Reggie Walker,26885,ED,ARZ,1,0,5.0,0,0,1,,53.3,73.8,58.8,53.0,69.9,0.0,0,0,6,6,0.0,0,1
D.J. Reed Jr.,26940,CB,SEA,10,2,4.4,0,0,29,71.4,75.2,86.0,38.3,89.7,73.2,4.8,1,2,208,213,4.3,9,18
Isaiah Rodgers,27069,CB,IND,6,0,0.0,0,0,14,84.7,85.6,77.6,,73.9,83.1,0.0,0,0,14,16,7.1,1,1
Bryce Huff,27128,ED,NYJ,13,1,1.3,0,0,22,64.3,58.5,85.2,61.9,46.6,68.5,12.5,1,0,97,99,3.1,3,6
Siran Neal,27130,CB,BUF,7,0,6.5,1,0,4,63.5,64.1,79.3,52.2,68.8,41.1,0.0,0,1,26,26,0.0,0,2
Montez Sweat,27271,ED,WAS,17,7,3.3,1,0,32,58.6,80.0,6.3,77.5,87.0,80.2,2.8,1,11,292,298,7.2,21,28
Raequan Williams,27300,DI,PHI,6,0,6.3,0,0,24,63.9,38.6,28.6,58.0,31.0,71.9,0.0,0,1,46,46,2.2,1,3
Devin Bush,27375,LB,PIT,5,4,5.1,0,0,25,57.7,59.7,81.3,61.2,61.1,62.9,11.8,2,1,79,79,8.9,7,11
David Long Jr.,27377,CB,LA,11,0,7.3,1,0,26,49.5,53.4,83.4,60.0,72.0,80.3,0.0,0,2,42,44,2.4,1,3
Josh Uche,27379,ED,NE,7,1,4.7,0,0,19,75.1,77.6,41.8,75.1,62.5,64.0,0.0,0,1,40,40,2.5,1,3
Khalil Dorsey,27819,CB,BLT,1,0,,0,0,3,43.4,33.2,68.2,,60.0,79.4,,0,0,3,3,0.0,0,0
Armon Watts,27844,DI,MIN,16,13,2.7,0,0,18,60.0,60.7,86.1,62.8,56.3,44.1,9.1,3,0,203,208,6.9,14,17
Joe Gaziano,27949,ED,LAC,2,0,,0,0,27,60.0,78.4,78.9,79.7,60.4,,,0,0,9,9,0.0,0,0
Rashod Berry,28071,ED,NE,3,0,8.0,0,0,19,,63.4,77.1,61.4,61.4,70.5,0.0,0,0,8,8,0.0,0,1
Davon Hamilton,28072,DI,JAX,11,9,2.2,1,0,15,60.0,53.9,69.0,59.6,51.2,42.7,10.3,3,1,202,208,5.0,10,17
Dre'Mont Jones,28075,DI,DEN,13,8,3.2,0,0,10,61.6,74.7,50.2,78.3,63.9,72.9,3.3,1,3,196,200,6.1,12,21
Damon Arnette,28080,CB,LV,9,1,5.5,2,0,23,37.5,41.7,85.2,,62.9,27.7,25.0,3,5,124,127,3.2,4,8
Malik Harrison,28081,LB,BLT,18,8,4.5,0,0,3,48.1,52.7,80.3,48.5,59.9,75.2,8.0,2,0,169,170,4.7,8,15
Jerome Baker,28091,LB,MIA,16,20,4.7,0,0,17,61.3,55.2,52.8,61.7,47.4,63.4,6.8,4,3,300,303,5.3,16,35
Neville Gallimore,28094,DI,DAL,14,10,1.9,0,0,9,53.6,52.1,86.1,57.6,51.5,62.3,3.3,1,0,222,227,6.8,15,19
Tremon Smith,28196,CB,IND,1,0,,0,0,14,63.8,64.3,69.8,,60.0,,,0,0,2,2,0.0,0,0
Troy Dye,28251,LB,MIN,10,5,5.2,0,0,18,37.3,28.8,79.5,65.4,29.0,56.1,14.3,3,0,121,122,3.3,4,13
Kevin Givens,28308,DI,SF,13,2,0.3,2,0,28,62.5,59.8,32.6,64.9,57.2,52.4,5.6,1,3,152,157,7.9,12,15
Robert Windsor,28310,DI,IND,2,0,4.5,0,0,14,,36.3,0.0,68.9,51.1,68.4,0.0,0,1,4,4,25.0,1,2
Bilal Nichols,28451,DI,CHI,17,15,2.0,0,0,6,71.4,71.4,64.6,72.1,61.4,46.8,4.9,2,2,300,307,6.7,20,24
Kameron Cline,28668,DI,IND,1,1,6.0,0,0,14,,30.3,73.5,57.0,35.5,28.4,33.3,1,0,8,8,0.0,0,1
Jimmy Moreland,28704,CB,WAS,17,1,10.6,0,0,32,55.7,57.6,56.0,56.0,72.4,50.1,0.0,0,2,162,166,2.5,4,7
Jermaine Carter,28838,LB,CAR,13,6,3.5,1,0,5,70.3,66.5,0.0,69.1,62.4,54.9,13.3,4,3,137,137,8.8,12,20
DeShon Elliott,28854,S,BLT,18,16,9.7,0,2,3,70.6,69.6,73.4,55.5,70.2,69.7,10.4,5,1,384,387,2.6,10,27
Javin White,28987,LB,LV,2,0,-4.0,0,0,23,47.6,47.9,68.4,55.7,60.8,74.8,0.0,0,0,5,5,20.0,1,1
Robert Jackson,28990,CB,CLV,2,0,,0,0,8,55.0,54.2,81.0,,46.5,68.6,100.0,1,0,35,35,0.0,0,0
Joejuan Williams,29113,CB,NE,7,1,9.0,1,0,19,53.7,55.5,80.9,57.6,64.5,82.5,0.0,0,2,50,52,0.0,0,1
Darius Harris,29188,LB,KC,2,3,3.6,1,0,16,30.8,28.8,0.0,47.4,48.6,28.9,7.7,1,2,51,53,11.8,6,9
David Long,29367,LB,TEN,11,10,2.2,0,0,31,50.0,54.4,44.6,77.3,57.6,31.9,23.7,9,1,159,165,8.8,14,19
Germaine Pratt,29407,LB,CIN,16,13,5.8,1,0,7,64.2,41.5,56.7,56.0,29.3,56.4,9.5,6,1,355,360,5.4,19,44
Chris Board,29456,LB,BLT,16,0,6.0,0,0,3,58.7,51.6,82.6,70.7,27.5,29.1,42.9,3,0,55,55,3.6,2,4
Logan Wilson,29623,LB,CIN,12,4,3.3,0,0,7,63.1,54.7,83.5,51.7,48.1,55.8,15.8,3,0,112,115,6.3,7,12
Jordan Brailford,29695,ED,MIN,1,0,3.0,0,0,18,74.0,92.1,80.1,57.4,60.7,33.9,0.0,0,0,1,1,0.0,0,1
Dakota Allen,30076,LB,JAX,5,1,3.5,0,0,15,28.6,29.5,77.0,70.9,50.2,72.8,25.0,1,1,40,42,2.5,1,2
Ty Summers,30242,LB,GB,8,2,3.7,0,0,12,39.9,47.7,81.2,59.0,68.0,57.4,6.7,1,0,66,70,9.1,6,12
Andrew Van Ginkel,30267,ED,MIA,16,7,2.5,1,1,17,58.8,79.3,55.8,78.1,77.6,58.5,12.5,4,4,193,196,7.3,14,21
Derick Roberson,30462,ED,TEN,8,1,5.2,0,0,31,61.6,52.2,63.7,57.0,47.2,76.5,0.0,0,1,67,69,3.0,2,5
T.J. Edwards,30737,LB,PHI,12,12,3.6,0,0,24,63.6,66.5,83.5,75.9,62.6,62.3,15.1,8,1,248,254,6.9,17,33
P.J. Hall,31211,DI,HST,10,9,2.4,0,0,13,60.0,56.7,86.2,57.7,54.6,49.3,9.7,3,0,198,200,7.6,15,19
George Odum,31342,S,IND,4,1,,0,0,14,63.2,36.2,76.6,,27.6,70.5,0.0,0,0,12,12,0.0,0,0
Khalen Saunders,31534,DI,KC,3,0,2.7,0,0,16,60.8,64.3,81.0,58.9,63.9,35.4,40.0,2,0,37,37,5.4,2,3
Abdullah Anderson,32708,DI,MIN,1,0,,0,0,18,,61.9,74.0,65.9,57.2,,,0,0,4,4,0.0,0,0
Dane Jackson,32989,CB,BUF,3,1,7.2,0,0,4,65.7,68.4,81.7,,76.0,71.1,0.0,0,0,61,62,3.3,2,6
DeAndre Baker,33356,CB,KC,1,0,,0,0,16,61.6,67.3,76.7,82.2,62.9,78.0,,0,0,15,15,0.0,0,0
Diontae Johnson,33441,WR,PIT,1,0,,1,0,25,,59.9,60.0,,60.0,,,0,1,1,1,0.0,0,0
Cam Gill,33560,ED,TB,5,0,5.7,0,0,30,,71.2,86.1,78.1,53.9,74.2,0.0,0,0,17,17,11.8,2,3
Nasir Adderley,33880,S,LAC,15,2,12.1,0,0,27,42.5,50.8,64.7,54.2,74.3,60.3,12.5,4,1,323,328,1.2,4,26
Mike Hughes,34057,CB,MIN,4,2,1.5,0,0,18,56.7,54.4,80.6,73.1,39.5,35.4,42.9,3,1,60,62,1.7,1,2
Kendall Sheffield,34105,CB,ATL,12,4,10.0,2,0,2,36.9,40.3,49.8,,71.0,55.2,0.0,0,4,162,165,0.0,0,1
Kris Boyd,34222,CB,MIN,8,2,5.0,1,0,18,50.3,55.8,84.5,,83.6,29.9,0.0,0,2,114,116,4.4,5,7
Darnell Savage,34247,S,GB,17,6,6.1,0,0,12,73.6,72.1,67.1,84.7,62.6,53.7,15.6,7,1,367,385,2.7,10,32
Zack Baun,34632,LB,NO,12,1,1.8,0,0,20,76.5,65.1,80.1,53.7,57.5,38.1,16.7,1,0,72,72,5.6,4,4
Johnathan Abram,34646,S,LV,13,10,8.3,0,0,23,30.3,36.8,0.0,67.8,60.0,56.8,17.8,8,5,301,308,4.0,12,27
Akeem Davis-Gaither,34788,LB,CIN,11,1,4.7,0,0,7,49.7,40.7,80.8,48.0,31.6,59.0,12.5,1,0,80,81,3.8,3,6
Jamel Dean,34918,CB,TB,18,6,7.4,1,0,30,78.6,76.4,67.5,59.1,60.7,83.1,11.8,2,4,249,252,1.2,3,9
Tae Hayes,35173,CB,MIN,2,1,,1,0,18,43.5,46.2,0.0,73.1,70.9,38.2,0.0,0,2,6,6,0.0,0,0
Trevis Gipson,35241,ED,CHI,7,1,7.0,0,0,6,60.0,46.6,24.8,63.4,40.6,29.0,25.0,1,1,28,30,3.6,1,2
Tyshun Render,35744,ED,MIA,1,0,,0,0,17,,52.8,73.4,52.6,60.0,,,0,0,1,1,0.0,0,0
Tae Crowder,35774,LB,NYG,9,7,3.6,0,0,21,41.7,36.4,82.6,60.3,33.2,39.9,18.2,6,0,153,159,8.5,13,20
Austin Bryant,36248,ED,DET,6,2,1.4,1,0,11,49.5,54.8,0.0,59.1,70.3,53.2,17.6,3,5,86,92,9.3,8,12
Kyle Phillips,36340,ED,NYJ,6,5,0.2,0,0,22,33.5,52.3,49.7,51.0,65.4,77.8,0.0,0,1,92,94,6.5,6,6
Ron'Dell Carter,36346,ED,DAL,3,0,,0,0,9,60.0,60.5,76.8,53.8,64.4,,,0,0,10,10,0.0,0,0
Chauncey Rivers,36669,ED,BLT,1,0,,0,0,3,60.3,52.4,73.9,50.4,60.0,,,0,0,2,2,0.0,0,0
Albert Huggins,36862,DI,DET,1,0,,0,0,11,,42.5,73.6,55.5,46.8,,,0,0,8,8,0.0,0,0
Shy Tuttle,37279,DI,NO,15,10,2.9,0,0,20,58.0,73.1,85.6,53.5,78.6,56.0,8.3,3,0,185,188,8.6,16,23
Darryl Johnson,37479,ED,BUF,16,1,-9.0,0,0,4,59.2,57.2,87.7,61.1,48.1,34.2,33.3,1,0,90,91,1.1,1,1
Davontae Harris,37492,CB,BLT,4,0,11.0,1,0,3,46.5,47.1,0.0,,69.1,65.7,0.0,0,3,42,42,0.0,0,1
Derrek Tuszka,37724,ED,DEN,5,0,,0,0,10,60.8,49.2,76.1,56.2,46.9,70.5,,0,0,10,13,0.0,0,0
Troy Reeder,38268,LB,LA,10,21,3.5,0,0,26,59.2,61.3,83.6,77.3,56.7,56.5,14.5,9,0,212,217,7.5,16,32
Linden Stephens,38426,CB,SEA,3,0,,0,0,29,62.3,63.4,73.5,,62.7,72.8,,0,0,16,16,0.0,0,0
Bryan Mone,38461,DI,SEA,11,4,1.8,0,0,29,60.0,58.5,83.8,65.6,51.6,38.0,27.3,3,0,125,128,2.4,3,4
Casey Toohill,38472,ED,WAS,8,1,1.0,0,0,32,60.0,59.1,81.2,61.7,53.7,71.2,0.0,0,0,23,23,4.3,1,1
Cortez Broughton,38524,DI,LAC,8,2,2.0,0,0,27,60.0,56.3,80.1,61.7,51.3,70.7,0.0,0,0,37,38,2.7,1,1
Marquise Copeland,38540,DI,LA,1,0,4.0,0,0,26,,70.8,68.0,58.5,60.0,68.1,0.0,0,0,1,1,100.0,1,1
Jordan Kunaszyk,38548,LB,WAS,1,0,,0,0,32,,60.0,60.0,,60.0,,,0,0,1,1,0.0,0,0
Folorunso Fatukasi,38558,DI,NYJ,15,11,1.8,0,2,22,,80.1,30.2,64.0,86.2,44.1,11.4,5,4,262,268,8.4,22,28
Maurice Hurst,38563,DI,LV,11,5,3.6,0,0,23,66.8,77.9,84.2,78.5,62.5,57.0,9.5,2,0,127,128,5.5,7,14
Alijah Holder,38567,S,DEN,2,0,,1,0,10,29.9,31.1,76.5,52.5,60.0,22.7,,0,1,2,2,0.0,0,0
Eric Wilson,38587,LB,MIN,16,16,4.9,0,1,18,65.5,53.5,67.6,67.9,38.3,52.7,12.3,9,1,430,440,4.0,17,48
Austin Larkin,38754,ED,CAR,9,2,1.6,0,0,5,51.4,51.0,84.1,53.0,54.2,44.4,16.7,2,0,60,61,11.7,7,8
Chapelle Russell,38876,LB,TB,1,0,,0,0,30,60.0,29.2,65.5,60.0,60.0,,,0,0,2,2,0.0,0,0
Randy Ramsey,39094,ED,GB,6,0,,0,0,12,76.6,48.0,15.3,53.8,42.7,25.3,100.0,1,1,19,20,0.0,0,0
Joe Giles-Harris,39382,LB,JAX,7,4,3.9,0,0,15,56.8,75.6,84.1,78.9,74.1,67.3,6.7,1,0,124,126,5.6,7,10
Frank Herron,39383,DI,DET,4,2,4.7,0,0,11,,29.2,26.6,59.8,28.3,70.5,0.0,0,1,50,51,2.0,1,3
Breon Borders,39398,CB,TEN,6,2,-0.3,0,0,31,71.4,71.1,83.5,,62.4,60.3,16.7,1,0,127,132,1.6,2,3
Justin Layne,40160,CB,PIT,8,0,8.0,0,0,25,47.3,48.3,80.5,,57.6,27.9,0.0,0,0,22,22,4.5,1,1
Tershawn Wharton,40292,DI,KC,19,9,2.6,0,0,16,63.7,61.8,87.6,65.3,50.4,65.5,3.4,1,0,185,190,6.5,12,19
Stephen Sullivan,40411,ED,SEA,1,1,,0,0,29,61.9,55.8,77.7,48.8,60.0,69.6,0.0,0,0,1,1,0.0,0,0
L'Jarius Sneed,40588,CB,KC,12,2,6.8,0,0,16,71.2,68.4,84.9,63.9,51.6,52.3,26.3,5,3,180,183,2.2,4,12
Alohi Gilman,41662,S,LAC,3,0,,0,0,27,50.4,47.5,74.5,67.3,44.6,28.6,,0,0,16,16,0.0,0,0
Trevon Diggs,41817,CB,DAL,12,3,6.3,1,0,9,63.9,62.7,60.8,65.2,55.8,61.6,9.5,2,4,309,314,1.6,5,16
Trayvon Mullen,41968,CB,LV,16,4,5.6,0,0,23,58.3,55.3,88.3,,37.3,30.1,31.8,7,6,351,357,1.7,6,11
Parnell Motley,42189,CB,DEN,2,1,14.5,0,0,10,43.1,44.1,77.5,,52.8,45.1,40.0,2,0,28,29,0.0,0,2
Ed Oliver,42200,DI,BUF,19,8,1.2,2,0,4,62.6,45.8,16.4,72.3,30.0,34.8,10.8,4,8,253,255,7.1,18,25
Bryce Hall,42313,CB,NYJ,8,0,7.7,1,0,22,62.8,59.9,85.6,,37.9,61.7,25.0,1,5,195,199,0.0,0,3
Isaiah Simmons,42451,LB,ARZ,15,4,5.0,1,1,1,69.9,59.9,0.0,54.1,57.6,76.3,14.3,3,5,109,112,7.3,8,14
K'Von Wallace,42467,S,PHI,11,5,7.0,0,0,24,54.0,51.7,79.9,73.7,46.9,37.1,15.4,2,0,92,94,3.3,3,6
Cameron Dantzler,42472,CB,MIN,11,3,2.4,0,0,18,69.8,70.9,86.3,,68.5,62.1,25.0,4,0,258,263,1.6,4,9
Antoine Winfield Jr.,42475,S,TB,19,9,10.2,0,0,30,57.2,67.2,70.8,77.6,85.4,76.3,9.3,4,1,380,389,1.8,7,30
Chris Jackson,42512,CB,TEN,8,3,3.2,0,0,31,31.1,32.5,83.4,45.5,50.6,56.3,11.1,1,0,69,70,4.3,3,5
Cam Brown,42516,ED,NYG,7,0,4.7,0,0,21,48.9,45.9,84.4,52.9,43.2,29.0,25.0,1,0,17,18,11.8,2,3
Daniel Thomas,42544,S,JAX,5,2,10.2,0,0,15,62.4,52.3,78.8,58.7,32.6,55.1,12.5,1,0,56,57,3.6,2,5
Krys Barnes,42548,LB,GB,14,14,3.8,0,1,12,40.6,43.0,82.5,56.4,51.1,75.4,5.5,3,0,226,229,10.6,24,38
Shaun Bradley,42632,LB,PHI,10,0,0.0,0,0,24,37.6,66.9,78.0,,88.2,50.9,0.0,0,0,47,48,8.5,4,4
Nick Bosa,42741,ED,SF,2,1,1.6,0,1,28,60.0,84.9,82.8,68.9,84.3,52.7,0.0,0,0,23,24,21.7,5,5
J.C. Jackson,42781,CB,NE,16,1,6.9,1,0,19,70.1,69.5,87.9,54.8,60.0,48.7,11.1,1,2,346,351,1.2,4,7
Amani Bledsoe,42782,ED,CIN,14,8,3.3,0,0,7,45.5,41.1,87.4,50.9,39.7,49.9,12.5,2,0,151,153,2.6,4,6
Terrell Lewis,42845,ED,LA,8,0,2.0,0,0,26,65.1,71.4,81.2,63.5,74.2,76.0,0.0,0,0,27,28,7.4,2,3
Omari Cobb,42867,LB,KC,1,0,6.0,0,0,16,60.5,28.8,67.9,60.0,30.1,71.7,0.0,0,0,6,7,0.0,0,1
Troy Pride Jr.,42883,CB,CAR,13,4,6.9,0,0,5,41.7,39.3,85.5,60.0,30.8,64.4,13.3,2,4,199,202,1.5,3,9
Kristian Fulton,42894,CB,TEN,6,0,7.4,0,0,31,54.7,56.1,81.5,81.5,50.2,48.5,28.6,2,1,66,70,1.5,1,5
Rashan Gary,42905,ED,GB,17,7,1.9,0,0,12,85.3,68.1,73.5,65.9,58.2,76.4,4.5,1,1,167,173,7.8,13,14
Khalid Kareem,42993,ED,CIN,16,3,1.8,0,0,7,81.2,59.0,42.2,59.0,55.5,28.7,31.3,5,2,120,122,5.0,6,8
John Brannon III,43000,CB,LAC,1,0,,0,0,27,62.7,63.3,69.4,,60.0,,,0,0,2,2,0.0,0,0
Charvarius Ward,43034,CB,KC,17,5,7.7,2,0,16,66.8,64.3,28.6,77.1,53.2,89.0,0.0,0,11,341,351,1.2,4,16
Brandon Jones,43049,S,MIA,16,7,6.8,0,0,17,59.2,60.8,43.7,63.5,63.5,66.9,5.0,1,1,107,107,4.7,5,12
McTelvin Agim,43069,DI,DEN,9,4,3.5,0,0,10,60.0,47.1,81.4,63.1,39.7,30.8,16.7,2,0,69,71,4.3,3,6
Vernon Scott,43076,S,GB,4,0,9.0,0,0,12,58.1,57.4,77.1,81.6,42.7,30.4,50.0,1,0,10,10,0.0,0,1
Devin White,43089,LB,TB,18,15,3.0,0,0,30,49.6,48.1,18.1,81.8,38.3,68.3,10.0,8,4,362,371,9.4,34,57
Jeremy Chinn,43179,S,CAR,15,15,7.3,1,1,5,64.4,59.0,66.1,62.2,47.2,55.4,16.2,11,3,353,357,4.2,15,42
Mack Wilson,43190,LB,CLV,15,11,3.6,0,0,8,49.3,41.9,45.0,77.2,37.7,43.9,14.3,5,1,184,188,6.0,11,19
Joe Bachie,43250,LB,PHI,1,1,,0,0,24,61.7,30.3,70.4,,32.9,76.0,0.0,0,0,15,17,0.0,0,0
Myles Bryant,43336,S,NE,8,1,6.3,0,0,19,59.6,52.2,0.0,50.5,42.5,65.0,0.0,0,1,44,44,2.3,1,4
Josh Metellus,43395,S,MIN,3,0,,1,0,18,47.1,43.3,73.8,,60.0,,,0,1,4,5,0.0,0,0
BoPete Keyes,43467,CB,KC,3,0,4.0,0,0,16,41.7,39.1,77.5,,37.0,45.9,33.3,1,1,36,36,2.8,1,2
Carter Coughlin,43498,ED,NYG,6,2,2.0,0,0,21,29.1,42.7,83.6,59.6,49.0,54.3,10.0,1,0,54,54,11.1,6,7
Alex Highsmith,43507,ED,PIT,17,10,2.5,0,0,25,82.1,72.9,70.8,71.4,59.6,69.6,5.4,2,1,202,203,9.4,19,25
Cassh Maluia,43524,LB,NE,2,1,,0,0,19,,42.2,99.9,60.0,47.2,71.7,0.0,0,0,10,10,0.0,0,0
Grayland Arnold,43528,S,PHI,2,0,1.8,0,0,24,45.7,45.6,76.9,76.2,48.6,28.2,37.5,3,0,33,36,6.1,2,5
Sam Franklin,43580,S,CAR,6,0,11.0,0,0,5,51.6,55.0,82.7,75.3,62.5,65.9,20.0,2,1,97,98,2.1,2,8
Jeffery Simmons,43742,DI,TEN,16,13,2.6,0,0,31,79.9,83.3,71.5,67.3,77.5,53.9,4.7,2,2,317,328,6.9,22,28
Rashad Smith,43811,LB,PHI,1,0,,0,0,24,53.6,41.9,69.6,58.7,44.9,76.8,,0,0,16,16,0.0,0,0
Alexander Myres,43823,CB,DET,1,0,7.0,0,0,11,47.7,45.6,75.3,,49.5,51.8,50.0,1,1,11,11,0.0,0,1
Derrick Brown,43883,DI,CAR,16,3,1.7,0,0,5,72.1,61.0,7.8,72.5,54.1,48.0,10.0,3,9,270,271,7.4,20,24
Tyler Hall,43958,CB,ATL,2,0,,0,0,2,29.4,29.0,72.1,59.0,60.0,27.4,100.0,1,0,2,2,0.0,0,0
Bradlee Anae,43982,ED,DAL,2,0,,0,0,9,,85.2,72.4,77.8,62.7,,,0,0,3,3,0.0,0,0
Byron Murphy Jr.,44027,CB,ARZ,15,3,7.6,1,0,1,63.3,64.7,88.1,47.6,74.7,56.5,0.0,0,4,254,259,1.2,3,5
Benito Jones,44035,DI,MIA,6,1,-1.0,0,0,17,60.0,50.4,77.7,52.5,52.3,69.0,0.0,0,0,23,23,4.3,1,1
Julian Okwara,44152,ED,DET,5,2,-1.0,0,0,11,45.2,35.5,80.7,51.8,32.4,24.2,40.0,2,0,22,23,4.5,1,1
Quinnen Williams,44216,DI,NYJ,13,10,1.3,0,1,22,57.5,81.4,25.7,77.7,79.9,59.8,6.5,3,5,200,206,14.0,28,33
Justin Madubuike,44304,DI,BLT,12,5,2.4,0,0,3,66.5,70.3,63.2,66.3,65.1,64.2,5.3,1,1,149,149,6.0,9,13
Josiah Coatney,44361,DI,SF,1,0,,0,0,28,,46.9,73.0,66.4,44.8,,,0,0,5,5,0.0,0,0
Jachai Polite,44383,ED,LA,2,0,,0,0,26,60.5,52.8,76.8,52.4,60.0,70.5,,0,0,2,2,0.0,0,0
Saivion Smith,44429,CB,DAL,2,0,,0,0,9,49.6,52.1,79.9,,65.6,28.7,,0,0,26,27,0.0,0,0
Elijah Riley,44440,CB,PHI,1,0,,0,0,24,60.1,50.2,68.0,,55.9,26.5,100.0,1,0,2,2,0.0,0,0
Doug Costin,44473,DI,JAX,12,11,3.6,0,0,15,62.5,68.3,86.6,60.7,66.2,77.5,0.0,0,0,241,250,4.6,11,17
Kyzir White,44485,LB,LAC,11,11,4.5,0,0,27,61.1,51.5,24.5,71.2,41.2,54.0,17.5,7,2,211,215,3.3,7,22
Rashard Lawrence,44515,DI,ARZ,9,1,1.8,0,0,1,77.8,47.8,83.7,55.0,40.8,51.5,0.0,0,0,72,73,5.6,4,6
Trysten Hill,44519,DI,DAL,5,3,1.8,0,0,9,60.0,33.8,54.7,60.3,29.8,27.3,15.4,2,1,103,104,6.8,7,8
Cedrick Lattimore,44521,DI,SEA,1,3,2.0,0,0,29,60.0,49.6,75.0,56.9,50.5,29.1,16.7,1,0,19,19,5.3,1,2
Brian Burns,44522,ED,CAR,15,10,1.6,1,0,5,52.9,76.8,52.4,86.9,61.5,72.6,3.8,1,5,241,241,4.6,11,15
Ross Blacklock,44526,DI,HST,15,2,5.0,0,0,13,62.3,30.2,53.8,49.9,29.4,35.1,20.0,3,1,127,132,4.7,6,10
D.J. Wonnum,44550,ED,MIN,14,1,2.5,0,0,18,64.1,51.1,77.2,53.5,49.2,27.1,30.4,7,1,186,189,5.4,10,15
Raekwon Davis,44582,DI,MIA,16,12,2.9,0,0,17,57.6,71.1,73.0,71.0,66.8,29.5,13.0,6,1,276,279,7.2,20,28
Tuzar Skipper,44583,ED,TEN,3,1,1.3,0,0,31,,63.3,79.6,62.5,60.2,35.4,16.7,1,0,22,22,18.2,4,4
Leki Fotu,44614,DI,ARZ,11,3,0.5,0,0,1,56.3,41.0,40.9,58.0,39.1,47.0,8.3,1,2,115,116,7.0,8,8
Joe Jackson,44615,ED,CLV,3,1,1.3,0,0,8,64.3,60.8,82.6,55.1,63.9,43.3,20.0,1,0,13,14,23.1,3,3
Francis Bernard,44722,LB,DAL,1,0,,0,0,9,61.6,67.1,99.9,60.0,62.3,,,0,0,4,4,0.0,0,0
Khari Blasingame,44889,FB,TEN,1,0,,0,0,31,,60.0,60.0,,60.0,,,0,0,1,1,0.0,0,0
Olamide Zaccheaus,44920,WR,ATL,1,0,,2,0,2,,60.7,89.4,,60.0,,,0,2,1,1,0.0,0,0
Leon Jacobs,44980,LB,JAX,3,0,-3.0,0,0,15,67.0,66.5,77.2,63.7,60.1,75.7,0.0,0,0,17,18,5.9,1,1
Terrell Burgess,45255,S,LA,3,0,8.0,0,0,26,49.7,47.7,76.4,,58.2,81.8,0.0,0,0,4,4,0.0,0,2
Essang Bassey,45258,CB,DEN,10,1,1.5,0,0,10,48.4,50.8,82.4,42.5,68.5,68.5,0.0,0,0,116,119,4.3,5,6
Jordan Fuller,45326,S,LA,14,9,8.7,0,0,26,62.6,65.6,92.8,,69.2,68.5,11.1,4,1,297,304,2.4,7,23
Emeke Egbule,45378,ED,LAC,4,0,0.5,0,0,27,,49.0,76.5,55.8,48.7,35.4,33.3,1,0,12,12,16.7,2,2
Ryan Nall,45753,HB,CHI,1,0,,0,0,6,,63.0,60.0,,61.9,68.5,,0,1,0,1,,0,0
Ty Johnson,45769,HB,NYJ,1,0,,0,0,22,,59.9,60.0,,60.0,,,0,0,1,1,0.0,0,0
Travis Homer,45859,HB,SEA,1,0,,0,0,29,,60.0,60.0,,60.0,,,0,0,1,1,0.0,0,0
Devine Ozigbo,45903,HB,JAX,1,0,,0,0,15,,60.0,60.0,,60.0,,,0,0,1,1,0.0,0,0
Benny Snell Jr.,45954,HB,PIT,1,0,,0,0,25,,60.0,60.0,,60.0,,,0,0,1,1,0.0,0,0
Nathan Cottrell,45980,FB,JAX,1,0,,0,0,15,,60.0,60.0,,60.0,,,0,0,1,1,0.0,0,0
Jaylen Samuels,47297,HB,PIT,2,0,,0,0,25,,60.3,60.0,60.0,60.0,,,0,1,2,2,0.0,0,0
Hunter Renfrow,47509,WR,LV,1,0,22.0,0,0,23,,63.6,60.0,,62.5,71.4,0.0,0,1,1,1,0.0,0,1
Blake Lynch,47621,LB,MIN,2,3,4.4,0,0,18,29.6,34.1,75.3,54.9,51.2,81.7,0.0,0,0,46,47,6.5,3,7
Cameron Batson,47669,WR,TEN,2,0,,0,0,31,,60.7,60.0,,60.0,,,0,1,2,2,0.0,0,0
Collin Johnson,47808,WR,JAX,1,0,,0,0,15,,60.0,60.0,,60.0,,,0,0,1,1,0.0,0,0
Michael Jacquet III,47826,CB,PHI,4,1,4.0,1,0,24,39.1,46.2,82.4,82.7,65.1,70.7,0.0,0,2,71,71,1.4,1,3
Nick Westbrook-Ikhine,47861,WR,TEN,2,0,3.0,0,0,31,,70.7,92.0,,60.0,70.8,0.0,0,2,2,2,50.0,1,1
Ray-Ray McCloud III,47895,WR,PIT,1,0,39.0,0,0,25,60.0,67.4,60.0,,62.3,71.4,0.0,0,0,1,1,0.0,0,1
Braxton Berrios,47961,WR,NYJ,1,0,,0,0,22,60.7,69.6,60.0,,60.0,,,0,0,1,1,0.0,0,0
Deante Burton,47970,CB,DAL,2,1,,0,0,9,57.6,62.2,74.3,,70.8,37.9,0.0,0,0,5,6,0.0,0,0
Stantley Thomas-Oliver III,47981,CB,CAR,5,0,0.0,0,0,5,61.2,59.9,78.0,,52.7,57.1,50.0,1,0,22,22,4.5,1,1
Brandon Powell,48036,WR,ATL,2,0,28.0,1,0,2,60.7,74.2,60.0,,64.4,71.4,0.0,0,1,2,2,0.0,0,1
James Proche,48037,WR,BLT,1,0,,0,0,3,60.7,70.6,60.0,,60.0,,,0,0,1,1,0.0,0,0
Jayson Stanley,48212,CB,SEA,1,0,,0,0,29,60.0,41.5,70.3,,60.0,,,0,0,6,6,0.0,0,0
Isaiah Johnson,48233,CB,LV,6,2,6.5,0,0,23,35.7,40.7,82.0,54.3,77.3,48.4,20.0,1,2,51,52,2.0,1,2
Steven Sims,48341,WR,WAS,1,0,,0,0,32,,60.0,60.0,,60.0,,,0,0,1,1,0.0,0,0
Jaylon Ferguson,48362,ED,BLT,14,4,1.6,0,0,3,70.8,68.6,64.1,63.9,65.8,52.7,7.7,2,1,137,138,10.2,14,20
Freedom Akinmoladun,48374,DI,CIN,2,0,1.0,0,0,7,,62.5,75.4,52.4,67.1,70.0,0.0,0,0,10,11,20.0,2,2
Mike Love,48376,ED,BUF,1,0,-3.0,0,0,4,60.0,65.7,79.5,47.7,83.4,71.7,0.0,0,0,10,10,20.0,2,2
Da'Shawn Hand,48386,DI,DET,10,2,2.2,0,1,11,60.0,65.8,85.6,54.6,69.4,58.7,5.6,1,0,148,154,7.4,11,15
Jalyn Holmes,48400,ED,MIN,14,12,3.0,0,0,18,68.5,52.7,68.5,49.0,56.4,58.0,7.7,3,2,233,237,7.7,18,24
Kentavius Street,48404,DI,SF,15,4,3.7,0,0,28,53.0,32.6,50.6,58.5,29.1,75.0,0.0,0,2,161,165,1.2,2,6
Anthony Nelson,48405,ED,TB,20,4,2.5,0,0,30,33.8,69.5,88.5,66.1,80.5,49.7,11.8,2,0,112,117,6.3,7,11
Jonathan Greenard,48407,ED,HST,11,4,4.6,1,0,13,43.1,51.9,61.3,62.6,51.7,40.3,23.5,4,1,117,121,3.4,4,9
Michael Danna,48415,ED,KC,16,8,3.4,1,0,16,64.1,63.2,89.5,52.8,66.8,58.2,4.8,1,1,163,165,4.3,7,12
Demone Harris,48452,ED,KC,1,1,6.0,0,0,16,60.5,37.1,79.5,49.3,37.7,72.8,0.0,0,0,17,17,0.0,0,2
James Smith-Williams,48455,DI,WAS,12,0,-1.5,0,0,32,70.0,59.9,85.0,50.3,58.1,28.5,42.9,3,0,38,41,10.5,4,4
Sam Hubbard,48457,ED,CIN,13,12,2.2,0,0,7,66.3,67.9,81.5,59.1,68.9,49.6,10.7,6,1,265,269,11.7,31,38
Tim Ward,48467,ED,KC,1,0,10.3,0,0,16,60.0,64.1,79.1,63.9,59.6,75.2,0.0,0,0,28,28,7.1,2,4
Tyquan Lewis,48475,ED,IND,17,1,1.0,0,0,14,61.7,61.3,58.3,63.7,57.2,49.9,14.3,3,2,167,171,8.4,14,17
Joe Ostman,48487,ED,PHI,3,0,54.0,0,0,24,,47.7,77.8,51.7,51.0,21.3,66.7,2,0,15,15,0.0,0,1
Justin Hollins,48498,ED,LA,18,6,3.7,0,0,26,67.7,67.5,49.0,60.4,70.4,61.5,10.3,3,2,180,186,6.1,11,20
Carl Granderson,48500,ED,NO,17,1,3.4,0,0,20,63.0,65.8,69.4,71.9,52.3,25.5,43.8,7,1,131,131,3.8,5,8
Chase Winovich,48523,ED,NE,15,6,3.4,0,0,19,69.9,69.5,60.8,72.3,56.6,47.9,12.5,4,2,202,207,5.9,12,22
Bradley Chubb,48526,ED,DEN,14,9,1.9,1,0,10,66.4,70.7,24.4,79.4,56.0,45.2,20.0,7,6,260,265,5.8,15,19
Oshane Ximines,48538,ED,NYG,4,1,2.8,0,0,21,61.6,63.4,84.2,65.4,56.2,52.8,16.7,1,0,47,50,8.5,4,4
Jason Strowbridge,48547,DI,MIA,6,2,0.5,0,0,17,,58.2,3.1,61.2,62.7,39.8,20.0,1,1,33,33,6.1,2,2
Kylie Fitts,48553,ED,ARZ,10,1,1.3,0,0,1,34.2,43.2,82.7,52.5,49.7,45.3,20.0,1,0,44,45,6.8,3,3
Dorance Armstrong,48557,ED,DAL,16,2,3.9,0,0,9,74.4,56.0,87.4,43.6,58.8,61.2,7.1,2,0,184,189,7.1,13,24
Malik Reed,48567,ED,DEN,16,7,2.1,0,0,10,64.0,64.3,69.4,57.3,69.8,53.4,14.7,5,2,289,295,6.2,18,22
Trent Harris,48575,ED,NYG,4,1,4.3,0,0,21,45.9,49.2,79.1,58.6,49.4,37.2,16.7,1,0,28,30,10.7,3,4
Harold Landry III,48600,ED,TEN,17,12,2.8,0,0,31,52.7,64.9,90.0,61.1,67.5,53.1,9.1,5,0,399,410,6.3,25,38
Tyler Lancaster,48604,DI,GB,17,7,1.8,0,0,12,58.2,66.4,50.3,57.5,71.0,54.6,8.7,2,2,187,200,5.9,11,14
Darrion Daniels,48659,DI,SF,4,1,2.7,0,0,28,,37.9,10.9,53.7,43.1,41.1,20.0,1,1,26,27,7.7,2,3
Carlos Davis,48662,DI,PIT,8,0,2.2,0,0,25,69.5,60.3,77.6,55.2,56.8,72.1,0.0,0,0,34,34,8.8,3,5
Braxton Hoyett,48665,DI,KC,1,0,,0,0,16,,61.5,67.9,60.0,60.0,,,0,0,1,1,0.0,0,0
Harrison Phillips,48690,DI,BUF,15,7,1.7,0,0,4,65.2,66.7,85.7,64.3,60.5,57.5,7.1,2,0,172,177,10.5,18,19
Daron Payne,48698,DI,WAS,17,20,1.9,0,2,32,59.0,70.6,57.0,62.5,74.8,72.3,3.3,2,4,367,378,9.0,33,39
Greg Gaines,48706,DI,LA,18,5,1.8,0,0,26,60.0,68.0,83.9,71.5,59.6,61.0,4.5,1,0,119,122,10.1,12,16
Kingsley Keke,48718,DI,GB,15,8,2.7,0,0,12,62.3,69.1,85.8,70.9,57.6,35.0,15.0,3,1,148,152,5.4,8,9
Aaron Crawford,48721,DI,BLT,1,1,,0,0,3,,72.5,74.2,61.4,70.8,68.6,0.0,0,0,9,9,0.0,0,0
Rasheem Green,48731,DI,SEA,11,4,5.8,0,0,29,59.6,53.1,85.3,56.0,48.2,76.0,0.0,0,0,113,115,2.7,3,5
Marlon Davidson,48741,DI,ATL,8,3,2.0,0,0,2,60.0,58.1,81.0,50.5,68.5,72.6,0.0,0,0,35,36,8.6,3,4
Taven Bryan,48753,DI,JAX,16,5,3.2,0,0,15,60.0,59.0,43.9,59.9,60.6,56.9,5.3,1,3,233,243,4.3,10,13
Deadrin Senat,48815,DI,ATL,5,1,12.3,0,0,2,60.0,72.3,77.2,54.7,73.3,27.6,33.3,2,0,16,16,6.3,1,3
L.J. Collier,48822,DI,SEA,17,5,1.4,0,0,29,63.6,60.2,51.6,61.8,58.4,69.4,0.0,0,3,230,238,4.8,11,12
Michael Dogbe,48850,DI,ARZ,3,0,,0,0,1,60.0,47.8,77.5,66.5,41.6,67.3,,0,0,23,24,0.0,0,0
Eli Ankou,48856,DI,DAL,7,2,2.0,0,0,9,,42.9,82.6,51.5,42.5,71.5,0.0,0,0,101,103,4.0,4,4
Daniel Ekuale,48874,DI,JAX,9,7,3.0,0,0,15,60.0,52.7,23.0,54.1,58.5,29.8,18.8,3,3,155,158,2.6,4,6
Poona Ford,48875,DI,SEA,17,10,1.6,0,0,29,77.0,79.8,77.1,61.7,73.0,49.7,10.5,4,1,264,272,8.0,21,24
Henry Mondeaux,48889,DI,PIT,10,1,-1.0,0,0,25,60.0,60.6,21.4,67.4,58.8,42.6,20.0,1,2,46,46,6.5,3,3
Hercules Mata'afa,48931,ED,MIN,13,5,3.1,1,0,18,64.1,64.3,66.1,62.5,60.3,29.2,18.2,4,1,96,98,8.3,8,13
Taylor Stallworth,48935,DI,IND,17,6,2.0,1,0,14,59.4,44.8,37.2,49.8,49.9,27.3,18.8,3,2,118,123,3.4,4,7
Justin Jones,48940,DI,LAC,13,9,1.9,1,0,27,64.3,70.6,60.3,54.9,79.2,77.9,0.0,0,2,212,214,7.5,16,20
Vita Vea,48956,DI,TB,7,1,1.3,0,0,30,60.7,89.9,62.0,88.9,78.2,44.6,9.1,1,1,92,93,8.7,8,9
Tim Settle,48966,DI,WAS,17,1,2.2,0,0,32,62.3,69.3,50.3,74.1,60.9,64.5,6.3,1,2,163,167,7.4,12,14
Kevin Strong Jr.,48981,DI,DET,6,4,2.9,0,0,11,60.0,37.6,83.5,70.0,29.1,50.1,11.1,2,0,107,110,7.5,8,12
Khalil Davis,48988,DI,TB,2,1,1.0,0,0,30,60.0,54.7,77.9,61.1,45.0,69.4,0.0,0,0,10,10,10.0,1,1
Kendal Vickers,48993,DI,LV,15,2,2.3,1,0,23,60.0,47.5,64.1,63.9,38.7,39.9,20.0,2,1,136,140,2.9,4,6
Nick Scott,49012,S,LA,10,2,12.8,0,0,26,55.0,60.1,79.5,91.1,69.4,89.9,0.0,0,0,40,42,0.0,0,4
Josh Woods,49023,LB,CHI,4,1,3.5,0,0,6,36.2,38.0,76.1,59.2,59.2,50.8,0.0,0,0,15,16,6.7,1,2
Justin Reid,49048,S,HST,13,7,7.7,0,0,13,67.2,60.7,40.1,66.5,48.3,58.1,18.4,9,2,378,387,3.4,13,33
Tre Flowers,49059,CB,SEA,11,0,4.8,3,1,29,51.1,54.4,23.1,73.3,81.8,69.6,14.3,1,5,149,158,2.7,4,6
Khaleke Hudson,49073,LB,WAS,5,2,1.5,0,0,32,58.0,65.8,72.7,60.0,70.5,54.7,0.0,0,0,35,35,8.6,3,4
Jalen Thompson,49116,S,ARZ,5,3,10.3,0,0,1,68.4,70.1,80.1,50.6,67.3,76.3,10.0,1,0,71,72,1.4,1,6
Dallin Leavitt,49120,S,LV,5,1,3.7,0,0,23,56.9,59.2,77.7,,63.7,52.8,20.0,1,0,43,45,4.7,2,3
Ryan Neal,49132,S,SEA,9,3,5.1,0,0,29,52.8,56.1,83.6,61.8,62.8,52.1,20.0,4,0,119,125,5.0,6,13
Trey Marshall,49154,S,DEN,1,0,,0,0,10,51.0,52.1,68.9,,60.0,,,0,0,1,1,0.0,0,0
Myles Hartsfield,49159,CB,CAR,6,2,2.7,0,0,5,59.8,59.6,80.1,48.0,63.0,60.8,0.0,0,1,38,38,5.3,2,3
Jessie Bates III,49162,S,CIN,16,15,10.6,1,1,7,90.0,90.1,87.2,69.8,81.9,64.3,10.8,7,2,427,434,3.3,14,43
Ezekiel Turner,49167,LB,ARZ,1,0,,0,0,1,61.2,55.2,99.7,51.5,60.0,71.4,,0,0,0,1,,0,0
Tarvarius Moore,49178,S,SF,11,3,6.4,0,1,28,56.1,60.2,86.3,52.0,70.1,54.8,14.8,4,0,195,197,3.6,7,20
Jordan Whitehead,49196,S,TB,20,10,4.1,0,0,30,72.0,70.0,67.4,56.1,67.0,63.6,9.8,5,3,374,383,5.3,20,36
Ronnie Harrison,49206,S,CLV,9,7,3.8,0,0,8,74.5,76.6,43.0,74.6,71.0,72.8,12.5,3,1,134,138,6.0,8,14
Demetrius Flannigan-Fowles,49231,LB,SF,3,0,8.0,0,0,28,60.3,57.2,73.5,59.1,52.4,52.4,50.0,1,0,21,21,0.0,0,1
Tony Brown,49255,CB,CIN,2,0,1.7,0,0,7,43.4,47.4,82.0,60.0,64.6,48.0,25.0,1,0,36,37,5.6,2,3
Troy Apke,49260,S,WAS,8,5,10.6,0,0,32,58.0,53.8,39.4,54.7,48.9,65.5,12.5,2,1,167,172,0.0,0,9
Marcus Allen,49263,S,PIT,8,4,3.2,0,0,25,60.6,49.5,82.4,57.0,35.1,28.4,23.5,4,0,82,82,7.3,6,9
Andrew Wingard,49268,S,JAX,11,5,2.6,0,0,15,69.8,68.8,51.3,53.2,65.5,76.7,7.7,2,3,218,225,6.0,13,19
Jamal Carter,49282,LB,ATL,1,0,2.0,1,0,2,25.4,25.6,73.7,57.6,71.1,83.0,0.0,0,2,12,12,16.7,2,2
Rashad Fenton,49329,CB,KC,14,0,5.5,0,0,16,74.6,70.0,85.1,45.0,47.4,87.8,11.1,1,0,175,177,2.3,4,8
Carlton Davis,49335,CB,TB,18,2,3.9,1,0,30,64.8,65.7,19.3,49.6,82.8,48.2,13.3,2,11,361,370,1.7,6,11
Chris Jones,49339,CB,MIN,9,0,3.0,0,0,18,46.8,46.0,82.9,,41.3,36.0,50.0,1,2,92,94,1.1,1,1
Kindle Vildor,49346,CB,CHI,5,0,6.5,0,0,6,45.9,47.1,83.6,,54.2,67.1,33.3,2,2,72,73,2.8,2,4
Kevin Toliver II,49348,CB,DEN,1,0,4.0,0,0,10,63.4,65.7,71.4,,63.7,77.3,0.0,0,0,9,9,11.1,1,1
Chandon Sullivan,49349,CB,GB,18,3,4.1,0,0,12,62.0,60.2,84.4,33.8,57.4,62.2,10.5,2,3,244,258,2.9,7,14
Jaire Alexander,49350,CB,GB,17,5,12.4,0,0,12,91.1,90.7,87.9,74.3,61.4,69.3,18.8,3,1,362,378,1.1,4,8
Ugo Amadi,49352,CB,SEA,14,2,2.8,1,0,29,67.8,66.8,86.1,41.6,65.4,78.4,0.0,0,2,114,119,2.6,3,6
Isaac Yiadom,49355,CB,NYG,12,6,8.8,0,0,21,52.1,56.8,84.9,82.1,68.4,50.5,23.1,3,1,229,240,0.9,2,4
Chauncey Gardner-Johnson,49371,CB,NO,17,6,2.3,2,0,20,61.2,60.3,15.4,79.0,57.1,36.5,21.6,8,9,320,326,5.0,16,23
Donte Jackson,49377,CB,CAR,13,5,5.4,1,0,5,69.0,70.4,53.3,,75.7,54.7,7.1,1,5,206,208,1.9,4,8
Danny Johnson,49379,CB,WAS,1,0,,0,0,32,,60.0,60.0,,60.0,,,0,0,1,1,0.0,0,0
John Reid,49381,CB,HST,5,0,6.5,0,0,13,56.8,53.9,79.9,46.5,50.2,55.1,33.3,1,0,50,50,2.0,1,2
Montre Hartage,49390,S,NYG,2,0,,0,0,21,62.0,62.7,74.2,58.5,60.0,,,0,0,4,5,0.0,0,0
Mark Fields,49394,CB,HST,1,0,,0,0,13,65.9,66.2,73.2,,60.0,72.5,,0,0,5,5,0.0,0,0
Cameron Lewis,49395,CB,BUF,2,1,1.0,0,0,4,54.0,52.1,77.6,59.3,49.6,33.1,14.3,1,0,35,36,14.3,5,5
M.J. Stewart,49397,CB,CLV,9,1,7.0,1,0,8,48.0,44.8,83.2,55.2,29.2,50.4,22.2,2,4,71,72,2.8,2,6
Chris Westry,49401,CB,DAL,1,0,,0,0,9,43.2,44.2,71.1,,60.0,72.5,,0,0,3,3,0.0,0,0
Donovan Wilson,49408,S,DAL,11,6,8.2,1,0,9,70.5,72.0,29.5,96.9,55.6,70.6,18.4,7,3,300,308,2.7,8,25
Julian Blackmon,49434,S,IND,16,1,8.6,0,0,14,53.6,59.4,64.4,59.4,75.8,58.0,0.0,0,1,329,338,1.8,6,19
Ka'Dar Hollman,49446,CB,GB,5,0,19.0,0,0,12,54.9,56.7,79.9,,67.1,80.8,0.0,0,0,26,27,0.0,0,1
Keion Crossen,49454,CB,HST,6,5,5.6,0,0,13,61.5,58.6,82.9,,44.5,49.4,25.0,4,0,124,128,0.8,1,7
Darius Phillips,49507,CB,CIN,12,2,13.3,0,0,7,68.1,72.1,84.6,93.4,68.7,66.0,7.7,1,3,231,234,1.7,4,10
Taron Johnson,49511,CB,BUF,19,10,4.0,0,1,4,58.4,61.5,87.1,66.3,64.8,63.5,16.3,8,0,321,329,6.5,21,31
Madre Harper,49537,S,NYG,4,0,,0,0,21,53.1,49.1,0.0,,62.7,75.5,,0,1,9,10,0.0,0,0
Juju Hughes,49545,S,LA,1,0,,0,0,26,63.7,66.1,99.9,,60.0,,,0,0,2,2,0.0,0,0
Denzel Ward,49558,CB,CLV,13,2,7.6,3,1,8,73.2,70.5,39.1,83.6,57.3,66.9,25.0,4,5,300,307,0.7,2,10
Ashtyn Davis,49560,S,NYJ,8,3,6.6,0,0,22,45.1,53.0,85.9,61.0,72.7,90.0,0.0,0,1,143,145,1.4,2,7
Rock Ya-Sin,49564,CB,IND,13,3,4.3,0,0,14,48.2,49.9,51.1,,64.9,74.4,12.5,1,6,163,168,0.6,1,4
Duke Shelley,49569,CB,CHI,7,0,5.0,0,0,6,59.1,57.9,81.4,63.5,49.1,46.8,33.3,1,1,88,89,1.1,1,2
Nate Brooks,49572,CB,BLT,1,0,,0,0,3,64.1,65.4,71.8,,60.8,,,0,0,7,7,0.0,0,0
Breiden Fehoko,49589,DI,LAC,2,0,,0,0,27,,51.6,76.2,63.2,48.8,,,0,0,11,11,0.0,0,0
Matt Dickerson,49601,DI,TEN,11,2,2.3,0,0,31,73.4,48.4,85.9,51.4,46.0,29.9,16.7,2,0,122,126,4.9,6,8
Zach Allen,49605,ED,ARZ,13,6,2.2,0,0,1,69.4,54.9,76.0,58.3,45.7,79.9,0.0,0,1,209,211,6.7,14,18
Nick Thurman,49607,DI,NE,7,5,4.3,0,0,19,,46.0,81.4,65.2,40.3,74.5,0.0,0,0,73,75,4.1,3,6
Andrew Brown,49636,DI,HST,6,2,6.0,0,0,13,52.3,35.8,79.1,64.5,47.6,26.7,0.0,0,0,33,33,0.0,0,1
Markus Bailey,49681,LB,CIN,5,0,,0,0,7,70.5,32.6,72.6,64.9,27.0,22.3,100.0,1,0,28,28,0.0,0,0
Shaquille Leonard,49684,LB,IND,15,18,4.2,0,0,14,67.0,70.4,41.1,80.8,67.1,77.2,10.8,7,2,297,309,6.4,19,40
Genard Avery,49699,ED,PHI,8,0,2.4,0,0,24,49.8,60.2,5.2,59.4,73.3,57.3,12.5,1,2,53,56,9.4,5,7
Shaun Dion Hamilton,49706,LB,WAS,10,4,3.4,0,0,32,29.5,36.5,78.7,66.1,53.9,65.0,7.7,1,1,61,64,8.2,5,8
Josh Watson,49722,LB,DEN,1,0,,0,0,10,60.0,64.4,66.0,,60.0,,,0,0,2,2,0.0,0,0
Antoine Brooks Jr.,49751,CB,PIT,1,0,,0,0,25,62.7,64.5,75.6,59.2,65.0,77.0,,0,0,6,6,0.0,0,0
Cole Holcomb,49753,LB,WAS,11,7,3.7,0,0,32,62.1,64.8,58.8,64.2,65.9,68.8,5.0,2,2,238,245,7.1,17,31
Otaro Alaka,49757,LB,BLT,1,0,,0,0,3,,60.0,60.0,,60.0,,,0,0,1,1,0.0,0,0
Quincy Williams,49779,LB,JAX,2,2,-0.7,0,0,15,45.3,51.1,76.3,51.1,65.8,30.6,16.7,1,0,38,40,7.9,3,3
Azeez Al-Shaair,49792,LB,SF,12,5,3.9,0,0,28,49.9,61.0,79.5,69.8,70.2,63.7,11.8,2,0,134,135,3.0,4,10
Zaire Franklin,49834,LB,IND,8,5,6.0,0,0,14,59.1,69.3,74.2,67.1,70.3,71.8,10.0,1,0,53,54,1.9,1,4
Ryan Connelly,49840,LB,MIN,1,0,,0,0,18,,30.3,61.7,,57.1,22.6,100.0,1,0,1,1,0.0,0,0
Devante Downs,49842,LB,NYG,14,3,3.8,0,0,21,60.7,46.2,83.0,57.6,35.0,48.5,20.0,3,0,100,109,5.0,5,9
B.J. Hill,49894,DI,NYG,16,6,4.7,0,0,21,60.2,73.4,51.1,69.0,73.0,51.3,12.0,3,2,120,127,8.3,10,16
Sebastian Joseph-Day,49935,DI,LA,18,14,2.6,0,1,26,70.3,76.8,86.9,65.4,72.4,66.9,3.2,2,0,246,253,14.2,35,47
Jerry Tillery,49949,ED,LAC,16,6,3.4,0,1,27,63.3,43.9,26.0,58.2,37.8,40.4,7.4,2,7,273,277,3.7,10,19
Derrick Nnadi,49970,DI,KC,18,17,2.7,0,0,16,53.0,74.8,87.9,58.1,81.3,29.2,11.7,7,0,266,274,9.0,24,36
Broderick Washington Jr.,50049,DI,BLT,8,2,2.0,0,0,3,,30.2,82.3,47.5,29.4,30.0,0.0,0,0,72,73,1.4,1,1
Uchenna Nwosu,50084,ED,LAC,13,7,3.2,0,0,27,84.5,73.2,86.5,67.4,63.2,63.0,7.7,2,0,143,144,7.0,10,17
John Franklin-Myers,50088,DI,NYJ,15,6,1.0,0,0,22,57.2,71.5,59.3,76.4,57.1,29.0,18.8,3,2,140,143,4.3,6,7
Peter Kalambayi,50089,ED,HST,5,0,,0,0,13,60.0,59.3,73.5,56.6,60.5,,,0,0,5,7,0.0,0,0
Wyatt Ray,50115,ED,TEN,5,0,,1,0,31,58.4,51.0,21.6,54.6,59.3,72.0,,0,1,15,15,0.0,0,0
Harvey Langi,50118,LB,NYJ,8,8,3.6,0,0,22,44.0,34.9,56.3,55.5,29.7,49.2,17.9,5,2,187,194,5.3,10,15
Josh Sweat,50120,ED,PHI,14,7,1.1,0,0,24,67.1,70.2,48.9,73.6,56.6,67.4,7.4,2,3,169,174,9.5,16,18
Lorenzo Carter,50126,ED,NYG,5,1,2.2,0,0,21,64.5,67.7,53.8,61.0,70.4,75.3,0.0,0,1,104,107,6.7,7,10
Ogbonnia Okoronkwo,50130,ED,LA,10,1,3.5,0,0,26,61.6,67.1,84.2,63.7,63.6,77.8,0.0,0,0,27,28,14.8,4,4
Jacob Tuioti-Mariner,50141,ED,ATL,16,0,1.6,0,0,2,37.5,52.1,90.7,57.5,60.5,66.2,0.0,0,0,92,95,6.5,6,9
Jacob Martin,50152,ED,HST,14,2,2.6,0,0,13,57.1,53.8,87.4,60.3,41.7,28.1,10.0,1,0,95,98,6.3,6,7
Olasunkanmi Adeniyi,50154,ED,PIT,12,1,1.0,0,0,25,77.1,54.9,82.6,51.6,51.4,56.0,20.0,1,0,67,67,3.0,2,3
Tashawn Bower,50170,ED,NE,7,2,2.2,0,0,19,39.5,69.5,82.1,70.2,69.1,29.9,21.4,3,0,84,85,6.0,5,9
Malcolm Roach,50191,DI,NO,9,4,2.0,0,0,20,52.7,35.0,29.6,58.5,37.2,60.4,0.0,0,2,99,103,6.1,6,9
Benning Potoa'e,50195,DI,TB,2,0,,0,0,30,,67.1,74.9,53.1,71.0,,,0,0,10,10,0.0,0,0
Arden Key,50201,ED,LV,14,3,1.8,0,0,23,44.5,58.7,28.4,63.8,62.0,38.5,6.3,1,4,117,120,6.8,8,12
Oren Burks,50203,LB,GB,8,2,2.0,0,0,12,30.1,28.6,80.0,48.3,29.7,59.2,0.0,0,0,29,31,3.4,1,1
Rashaan Evans,50213,LB,TEN,17,13,5.1,1,0,31,60.8,55.1,0.0,62.7,56.8,89.5,4.7,3,8,390,403,6.9,27,48
Josh Allen,50235,ED,JAX,8,1,1.0,0,0,15,63.1,69.6,74.8,74.2,52.1,65.1,12.5,1,1,140,145,3.6,5,6
Marquis Haynes,50244,ED,CAR,15,3,2.7,1,0,5,57.6,51.8,71.0,52.1,54.4,33.3,23.1,3,1,100,103,4.0,4,7
Tipa Galeai,50275,ED,GB,1,0,,0,0,12,60.0,65.1,72.1,64.2,60.0,,,0,0,2,3,0.0,0,0
Porter Gustin,50290,ED,CLV,16,5,2.8,0,0,8,70.8,65.7,73.8,57.8,67.3,69.5,4.0,1,1,149,153,9.4,14,19
Marcus Davenport,50291,ED,NO,13,4,3.3,0,0,20,76.3,74.8,42.2,73.3,68.3,68.4,3.8,1,3,144,146,11.1,16,21
Christian Wilkins,50293,DI,MIA,14,6,3.1,1,0,17,58.1,68.9,64.8,59.9,73.9,62.4,4.3,2,2,257,260,11.3,29,38
Xavier Crawford,50326,CB,CHI,1,0,,0,0,6,54.2,55.0,70.6,,60.0,75.1,,0,0,1,2,0.0,0,0
Michael Ojemudia,50327,CB,DEN,14,2,10.0,0,1,10,49.9,48.7,58.8,50.9,46.7,37.9,45.0,9,3,293,302,2.0,6,9
Nik Needham,50356,CB,MIA,14,7,14.3,1,0,17,45.3,49.7,54.3,73.9,66.1,54.4,12.5,2,7,173,175,0.0,0,7
Cole Luke,50361,S,WAS,1,0,-1.0,0,0,32,,60.0,60.4,,60.0,70.8,0.0,0,0,1,1,100.0,1,1
Anthony Averett,50365,CB,BLT,10,1,,0,0,3,63.4,64.5,86.8,59.2,67.1,54.2,0.0,0,2,92,92,0.0,0,0
Tre Herndon,50380,CB,JAX,16,2,7.9,2,0,15,50.7,52.6,87.9,76.6,50.6,57.4,18.9,7,7,437,453,3.0,13,28
Isaiah Oliver,50393,CB,ATL,16,3,3.5,2,0,2,53.3,58.8,86.8,65.5,77.0,66.2,9.1,2,4,249,256,3.6,9,17
A.J. Green,50394,CB,CLV,1,0,,0,0,8,,60.0,64.2,,60.0,,,0,0,0,1,,0,0
Jeremy Reaves,50406,S,WAS,7,5,11.2,0,0,32,79.6,84.1,84.5,83.3,72.8,85.4,5.3,1,0,123,126,2.4,3,13
Holton Hill,50414,CB,MIN,4,2,8.3,0,0,18,38.2,42.6,83.1,78.7,54.4,51.3,18.2,2,4,107,112,0.9,1,7
Josh Jackson,50417,CB,GB,7,2,10.9,1,0,12,51.7,52.0,31.3,,59.2,45.2,16.7,2,6,125,128,2.4,3,8
Juan Thornhill,50426,S,KC,17,3,16.3,0,0,16,63.6,59.0,64.1,56.4,45.2,55.4,16.0,4,1,271,277,1.8,5,18
Emmanuel Moseley,50430,CB,SF,11,5,9.6,2,0,28,54.6,58.3,84.1,55.2,70.2,53.5,13.3,2,5,192,199,1.0,2,8
Jalen Davis,50431,CB,CIN,3,0,13.0,0,0,7,46.5,49.2,77.7,69.0,54.1,59.6,33.3,1,1,23,25,0.0,0,2
Blessuan Austin,50434,CB,NYJ,11,6,6.8,2,1,22,47.4,51.1,59.1,54.4,70.9,47.5,12.0,3,8,259,268,1.9,5,16
Michael Jackson,50437,CB,NE,1,0,,0,0,19,64.4,65.5,68.7,,60.0,72.8,,0,0,2,2,0.0,0,0
Sheldrick Redwine,50458,S,CLV,11,2,7.3,0,0,8,47.8,41.5,28.8,56.6,36.5,42.7,33.3,3,1,99,101,2.0,2,4
Jace Whittaker,50465,CB,ARZ,1,0,,0,0,1,49.3,51.3,77.0,60.0,64.5,29.6,,0,1,15,15,0.0,0,0
Jeff Gladney,50471,CB,MIN,16,5,3.6,1,1,18,48.5,50.1,49.0,57.0,59.9,47.4,21.6,8,5,393,404,2.8,11,24
Grant Haley,50473,CB,NO,1,0,,0,0,20,50.2,53.0,76.9,62.0,61.7,80.8,,0,1,6,6,0.0,0,0
Herb Miller III,50480,CB,TB,2,0,3.0,0,0,30,93.3,94.1,74.1,,62.9,77.8,0.0,0,0,2,2,50.0,1,1
Kareem Orr,50513,CB,TEN,2,0,18.0,0,0,31,60.9,60.4,77.4,51.1,64.1,61.4,0.0,0,0,15,15,6.7,1,2
Lamar Jackson,50532,CB,NYJ,8,1,5.9,1,0,22,45.8,50.4,87.0,,69.2,76.1,14.3,2,1,171,174,3.5,6,11
Amani Oruwariye,50533,CB,DET,16,2,4.2,3,0,11,51.2,50.4,88.4,68.6,43.3,29.2,35.3,6,7,422,437,0.9,4,9
Mike Ford,50535,CB,DET,4,0,,0,0,11,87.6,80.8,77.3,,53.8,50.6,100.0,1,0,32,32,0.0,0,0
Avonte Maddox,50543,CB,PHI,9,2,3.4,0,0,24,37.1,37.8,84.4,40.7,45.4,57.5,29.4,5,3,216,218,1.9,4,10
Brandon Facyson,50564,CB,LAC,4,0,4.0,0,0,27,57.1,58.7,76.7,,65.1,80.4,0.0,0,1,9,9,11.1,1,1
Cameron Malveaux,50587,ED,CLV,2,0,4.5,0,0,8,61.5,69.0,76.8,53.3,61.9,72.2,0.0,0,0,12,12,8.3,1,2
Byron Cowart,50588,DI,NE,14,11,2.2,0,0,19,60.0,52.3,85.9,58.3,48.9,78.1,0.0,0,0,234,239,5.1,12,17
Charles Omenihu,50612,DI,HST,15,6,2.5,0,0,13,60.4,52.1,60.9,64.4,41.5,34.9,15.0,3,2,198,204,4.0,8,11
Chris Orr,50653,LB,CAR,1,0,,0,0,5,60.0,43.3,68.5,,50.9,25.7,100.0,1,0,5,5,0.0,0,0
Shaquem Griffin,50657,ED,SEA,5,1,,0,0,29,73.3,66.5,83.1,60.3,54.5,76.5,0.0,0,0,15,16,0.0,0,0
Hardy Nickerson,50712,LB,MIN,5,1,7.3,0,0,18,28.3,29.9,77.1,53.9,51.8,81.0,0.0,0,0,68,68,1.5,1,3
Josey Jewell,50720,LB,DEN,16,18,3.5,1,0,10,65.5,68.1,46.6,72.5,66.9,74.9,6.8,5,3,376,386,8.8,33,51
Cody Barton,50727,LB,SEA,8,5,5.8,0,0,29,53.8,54.3,76.8,74.9,54.5,75.9,0.0,0,0,66,68,4.5,3,10
Jack Cichy,50787,LB,TB,1,0,,0,0,30,60.0,63.3,62.6,,60.0,,,0,0,1,1,0.0,0,0
Ulysees Gilbert III,50810,LB,PIT,2,0,4.0,0,0,25,58.5,53.8,98.2,50.8,54.0,75.1,0.0,0,0,8,8,0.0,0,1
Tegray Scales,50819,LB,PIT,1,0,,0,0,25,,45.5,68.2,,50.0,26.5,100.0,1,0,3,3,0.0,0,0
Jordyn Brooks,50851,LB,SEA,15,13,4.7,0,0,29,29.4,50.0,80.3,58.3,73.7,72.8,9.1,4,1,198,202,9.6,19,27
Micah Kiser,50879,LB,LA,9,14,3.0,0,1,26,39.5,40.0,50.0,53.4,49.3,64.5,4.3,2,2,195,202,10.8,21,31
Malik Jefferson,50884,LB,LAC,1,0,,0,0,27,62.9,70.8,71.1,,60.0,,,0,0,1,1,0.0,0,0
Roquan Smith,50892,LB,CHI,16,18,4.8,0,0,6,84.0,67.2,66.3,74.8,39.8,77.5,9.2,8,1,391,403,9.2,36,61
Andre Smith,50897,LB,BUF,5,0,2.5,0,0,4,84.0,63.7,73.0,,37.6,63.7,0.0,0,0,24,24,8.3,2,2
Tremaine Edmunds,50905,LB,BUF,18,23,4.7,0,0,4,37.5,41.0,88.4,45.6,51.5,53.9,8.2,7,0,423,431,6.1,26,55
Robert Spillane,50918,LB,PIT,11,7,4.6,0,0,25,59.3,56.1,44.2,72.7,50.7,66.4,12.1,4,1,199,203,5.5,11,22
Leighton Vander Esch,50950,LB,DAL,10,18,3.4,0,0,9,42.2,50.6,43.9,86.8,60.2,56.5,10.0,5,2,226,231,8.4,19,27
Bobby Okereke,50954,LB,IND,15,8,3.4,0,0,14,52.8,47.7,60.7,54.4,42.8,64.0,13.9,5,1,234,243,4.7,11,23
Ja'Whaun Bentley,50966,LB,NE,13,14,3.7,0,0,19,63.4,53.2,54.8,57.4,47.1,72.3,8.2,5,1,292,297,8.2,24,42
Ben Burr-Kirven,50967,LB,SEA,2,0,4.5,0,0,29,79.3,86.2,69.4,,67.7,76.9,0.0,0,0,7,7,14.3,1,2
Frankie Luvu,51028,ED,NYJ,12,0,-3.2,0,0,22,43.5,64.1,83.7,67.6,69.2,33.1,23.1,3,0,94,96,9.6,9,10
Kenny Young,51029,LB,LA,18,11,4.5,0,0,26,44.9,38.1,83.9,54.2,33.3,71.7,3.4,1,0,212,220,3.8,8,17
Tyrel Dodson,51045,LB,BUF,4,2,3.7,0,0,4,55.7,52.3,80.9,68.3,45.0,43.4,37.5,3,0,54,57,3.7,2,3
Jahlani Tavai,51055,LB,DET,16,12,4.3,0,0,11,35.7,32.1,64.7,50.0,36.5,59.7,5.4,2,1,257,265,5.1,13,23
Julian Love,51081,S,NYG,15,2,7.3,0,0,21,54.9,55.2,90.4,63.8,52.3,76.3,10.5,2,0,228,241,1.8,4,15
Brandon Rusnak,51088,S,JAX,7,0,3.7,0,0,15,41.2,40.2,81.8,64.5,48.3,54.8,8.3,1,2,95,100,8.4,8,11
Ben Niemann,51099,LB,KC,17,7,5.5,0,0,16,57.9,48.5,88.0,56.0,33.9,63.2,9.1,2,0,156,157,2.6,4,13
Terez Hall,51107,LB,NE,8,3,4.5,0,0,19,57.8,51.8,0.0,60.8,53.9,73.8,11.5,3,2,119,122,8.4,10,20
A.J. Moore,51146,S,HST,9,6,15.1,0,1,13,53.4,52.9,79.7,70.8,47.5,73.3,13.3,2,0,116,119,0.0,0,7
Taylor Rapp,51172,S,LA,8,4,6.0,0,1,26,69.1,67.5,88.3,58.8,55.5,71.0,11.1,2,0,122,127,5.7,7,12
P.J. Locke,51189,S,DEN,2,0,,0,0,10,45.5,43.6,71.2,59.7,60.0,72.5,,0,0,3,3,0.0,0,0
Joshua Kalu,51203,S,TEN,4,0,8.0,0,0,31,56.6,57.3,81.2,,63.2,85.1,0.0,0,0,9,9,0.0,0,1
Minkah Fitzpatrick,51206,S,PIT,17,11,10.3,0,1,25,77.8,76.4,67.4,53.0,73.3,60.6,13.5,7,3,412,416,0.7,3,34
Steven Parker,51220,S,DAL,3,1,10.5,0,0,9,57.3,60.2,80.5,60.0,69.5,81.9,0.0,0,0,21,22,0.0,0,2
Joel Iyiegbuniwe,51221,LB,CHI,6,1,0.5,0,0,6,71.8,78.8,84.4,60.0,72.9,76.4,0.0,0,0,10,11,20.0,2,2
Fred Warner,51222,LB,SF,16,24,3.6,1,0,28,91.1,88.6,26.5,75.9,68.7,72.4,7.9,6,4,363,374,6.9,25,46
Armani Watts,51264,S,KC,5,2,5.7,0,0,16,59.7,63.6,78.1,66.4,66.5,46.7,16.7,1,0,40,41,2.5,1,3
Tracy Walker,51266,S,DET,15,7,5.3,1,0,11,40.8,51.0,61.7,76.8,68.0,55.2,9.8,4,2,285,293,4.6,13,30
Drue Tranquill,51276,LB,LAC,1,0,,0,0,27,49.4,36.6,66.0,,60.0,71.6,,0,0,1,1,0.0,0,0
Mike Edwards,51282,S,TB,11,0,6.0,0,0,30,76.4,76.6,84.6,51.4,63.2,62.1,0.0,0,0,41,41,4.9,2,5
Kristian Welch,51283,LB,BLT,1,0,,0,0,3,61.3,28.0,70.7,59.1,28.3,22.2,100.0,1,0,5,5,0.0,0,0
Khari Willis,51304,S,IND,15,6,6.2,0,0,14,64.4,70.5,84.7,67.1,76.6,84.2,6.4,3,2,324,336,6.2,20,38
Terrell Edmunds,51334,S,PIT,16,9,5.1,0,0,25,75.3,71.2,84.5,48.8,62.0,71.3,12.2,5,3,342,346,5.0,17,27
Will Harris,51336,S,DET,15,2,7.8,0,0,11,55.5,50.5,0.1,54.8,51.6,66.5,12.5,2,2,124,128,0.8,1,12
Amani Hooker,51378,S,TEN,13,6,3.9,0,0,31,70.8,66.6,47.7,54.0,51.8,51.9,21.1,4,2,102,105,5.9,6,9
Marcus Epps,51391,S,PHI,9,2,4.8,0,0,24,74.8,75.1,83.5,60.8,64.7,68.6,23.1,3,0,109,112,4.6,5,8
Marcell Harris,51408,S,SF,11,3,4.1,1,0,28,36.6,40.6,35.2,53.4,62.8,57.4,19.0,4,1,133,136,5.3,7,14
Jaylinn Hawkins,51423,S,ATL,5,2,6.5,0,0,2,55.3,60.0,79.2,63.1,69.7,62.1,0.0,0,1,24,24,4.2,1,2
Jaquan Johnson,51433,S,BUF,2,0,,0,0,4,56.2,53.9,77.1,,60.0,28.9,,0,0,9,9,0.0,0,0
Kaden Elliss,51485,ED,NO,2,0,,0,0,20,40.0,35.7,73.1,62.7,60.0,,,0,0,3,3,0.0,0,0
Dorian O'Daniel,51487,LB,KC,2,0,17.0,0,0,16,63.6,66.9,71.8,70.6,54.8,78.0,0.0,0,0,2,2,0.0,0,1
J.T. Gray,51495,S,NO,1,0,,0,0,20,83.1,78.7,72.3,,43.7,77.2,,0,0,7,7,0.0,0,0
Dylan Mabin,51496,CB,MIN,1,0,,0,0,18,50.0,51.2,73.8,,60.0,75.1,,0,0,5,5,0.0,0,0
Nate Hall,51497,LB,HST,1,0,4.0,0,0,13,69.2,85.9,73.8,92.6,44.1,79.0,0.0,0,0,3,3,33.3,1,1
Dre Greenlaw,51503,LB,SF,13,13,4.7,0,0,28,65.3,59.8,58.8,55.3,55.2,74.7,5.9,3,2,283,292,5.3,15,35
Duke Dawson Jr.,51576,CB,DEN,4,2,2.0,0,0,10,57.1,62.1,78.3,59.0,83.2,80.2,0.0,0,0,12,12,16.7,2,2
Daniel Ross,51592,DI,JAX,5,3,1.5,0,0,15,60.0,38.5,21.8,69.6,40.9,72.1,0.0,0,1,45,46,6.7,3,4
Keelan Cole,51593,WR,JAX,1,0,,0,0,15,,60.0,60.0,,60.0,,,0,1,1,1,0.0,0,0
Kenny Moore II,51596,CB,IND,17,9,3.3,0,0,14,77.5,73.8,47.8,50.7,65.3,52.6,31.4,11,4,339,351,2.9,10,15
Nicholas Morrow,51674,LB,LV,14,5,5.8,0,0,23,70.4,63.7,59.0,70.4,50.9,74.1,6.5,3,3,266,272,7.5,20,38
Harrison Hand,55576,CB,MIN,5,1,3.0,0,0,18,62.4,65.8,80.9,60.0,81.6,54.6,0.0,0,0,40,43,5.0,2,2
A.J. Terrell,55586,CB,ATL,14,3,8.0,0,3,2,57.0,60.8,64.5,78.7,75.1,53.5,20.0,4,5,289,298,1.4,4,13
C.J. Henderson,55593,CB,JAX,8,1,7.4,0,0,15,58.3,57.9,85.2,58.6,53.7,54.6,20.0,2,2,196,203,1.0,2,7
Lonnie Johnson Jr.,55615,S,HST,16,2,10.5,0,0,13,69.1,65.5,85.3,67.0,49.3,67.0,11.5,3,1,227,234,1.8,4,21
Amik Robertson,55619,CB,LV,2,1,,0,0,23,45.4,42.2,75.9,58.4,42.4,28.6,50.0,1,0,6,6,0.0,0,0
Josiah Scott,55634,CB,JAX,4,0,2.0,0,0,15,46.8,46.9,0.0,51.9,68.2,82.9,0.0,0,1,26,28,3.8,1,2
Jeffrey Okudah,55674,CB,DET,9,3,2.4,0,0,11,30.9,42.5,84.1,56.2,86.2,59.7,10.5,2,2,189,193,5.3,10,14
Darious Williams,55724,CB,LA,18,4,5.9,2,0,26,81.5,81.0,88.2,56.3,67.2,73.6,8.3,1,4,279,284,1.1,3,7
Xavier McKinney,55775,S,NYG,5,3,11.5,0,0,21,69.2,70.0,83.8,58.9,63.8,83.2,0.0,0,0,70,70,0.0,0,4
Kamren Curl,55800,S,WAS,16,12,4.4,0,0,32,69.5,68.4,84.5,63.8,61.8,51.6,18.3,11,1,306,314,6.2,19,37
Stanford Samuels III,55893,CB,GB,1,0,3.0,0,0,12,67.5,67.9,0.0,79.1,68.2,77.2,0.0,0,1,3,3,33.3,1,1
Geno Stone,55967,S,HST,1,0,,0,0,13,,60.0,65.4,,60.0,,,0,0,2,2,0.0,0,0
Keisean Nixon,56167,CB,LV,5,1,4.0,0,0,23,40.7,44.6,81.5,74.6,57.8,83.0,0.0,0,0,57,59,1.8,1,3
Darnay Holmes,56247,CB,NYG,12,1,7.3,0,0,21,48.8,48.1,44.0,67.5,42.5,38.2,42.9,3,5,105,108,1.0,1,3
Jaylon Johnson,56259,CB,CHI,13,1,4.8,2,0,6,56.1,54.9,64.9,60.0,50.9,47.9,28.6,4,6,337,347,1.5,5,9
Javelin Guidry,56262,CB,NYJ,6,1,6.8,0,1,22,76.5,73.1,79.4,62.3,57.6,76.7,10.0,1,1,59,62,6.8,4,8
Marquise Blair,56263,CB,SEA,2,0,4.0,1,1,29,41.9,48.5,76.9,53.6,78.8,62.8,0.0,0,1,13,13,7.7,1,3
A.J. Epenesa,56369,ED,BUF,17,2,1.2,0,0,4,67.5,61.5,56.7,67.4,50.4,59.9,15.4,2,2,128,130,7.0,9,9
Chase Young,56436,ED,WAS,16,2,1.6,1,1,32,82.3,87.1,56.9,75.9,82.8,79.9,0.0,0,4,293,301,6.8,20,29
Yetur Gross-Matos,56444,ED,CAR,11,4,2.5,0,0,5,64.1,54.7,40.3,58.9,53.6,79.6,0.0,0,3,138,138,6.5,9,10
Isaiah Buggs,56503,DI,PIT,9,2,2.3,0,0,25,60.0,46.5,80.7,64.7,37.5,74.9,0.0,0,0,65,66,12.3,8,8
Jonathan Garvin,56703,ED,GB,5,1,4.5,0,0,12,60.7,53.5,79.6,51.3,59.4,49.5,25.0,1,0,23,23,4.3,1,2
Walter Palmore,56733,DI,DAL,1,0,,0,0,9,,31.9,75.5,55.2,35.8,19.0,100.0,1,0,12,13,0.0,0,0
Jordan Elliott,56734,DI,CLV,18,6,3.9,0,1,8,60.4,51.3,85.1,56.7,47.5,75.2,0.0,0,0,160,164,2.5,4,11
Javon Kinlaw,56834,DI,SF,14,6,1.4,1,0,28,68.3,54.1,22.8,58.0,46.9,51.5,7.4,2,5,199,205,8.0,16,19
Alton Robinson,56857,ED,SEA,14,3,0.8,1,0,29,59.0,67.7,52.6,65.9,68.4,69.1,6.7,1,2,117,122,6.8,8,11
Anthony Rush,56895,DI,GB,4,1,1.7,0,0,12,,64.3,79.5,54.5,67.5,71.1,0.0,0,0,30,31,10.0,3,3
James Lynch,56962,DI,MIN,9,0,3.5,0,0,18,,48.9,78.9,58.5,47.1,26.7,33.3,1,0,30,30,6.7,2,2
Larrell Murchison,57004,DI,TEN,11,1,4.8,0,0,31,62.9,45.8,81.9,50.0,42.7,72.9,0.0,0,0,52,54,1.9,1,4
John Penisini,57037,DI,DET,16,9,2.7,0,0,11,44.0,41.4,87.0,52.5,39.8,35.3,13.2,5,0,302,314,6.6,20,24
Mykal Walker,57834,LB,ATL,16,9,4.6,0,0,2,90.7,74.0,53.3,55.8,50.4,68.2,3.8,1,1,158,165,4.4,7,16
Patrick Queen,57941,LB,BLT,18,20,4.0,0,1,3,30.0,29.7,66.5,71.2,29.0,34.3,17.3,13,1,351,354,7.1,25,42
Jacob Phillips,57942,LB,CLV,11,8,2.6,0,0,8,43.2,39.0,82.8,56.3,42.6,68.3,0.0,0,0,77,79,7.8,6,7
K'Lavon Chaisson,57945,ED,JAX,16,3,2.0,0,0,15,60.9,49.6,69.7,58.5,39.2,30.0,25.0,4,3,207,215,3.4,7,9
Willie Gay Jr.,57987,LB,KC,12,7,1.7,0,0,16,67.3,68.1,78.7,45.9,69.8,51.9,7.7,2,0,144,151,8.3,12,17
Kenneth Murray,58099,LB,LAC,16,21,4.4,0,0,27,50.8,54.4,66.7,59.2,60.1,70.9,4.5,3,1,375,381,5.6,21,43
James Pierre,60649,CB,PIT,4,0,,0,0,25,82.2,80.5,88.0,,65.6,72.8,,0,0,18,18,0.0,0,0
Kenny Robinson Jr.,60789,S,CAR,2,0,,0,0,5,,60.0,67.3,,60.0,,,0,0,6,6,0.0,0,0
Noah Igbinoghene,61155,CB,MIA,9,2,,2,0,17,38.8,37.1,24.9,,40.5,34.2,50.0,2,2,98,98,0.0,0,0
Kahlil McKenzie,62935,DI,CIN,7,4,5.0,0,0,7,,44.4,80.4,53.9,43.8,72.5,0.0,0,0,52,54,1.9,1,4
Zach Sieler,66917,DI,MIA,16,6,1.4,2,0,17,63.6,69.3,59.1,65.7,67.3,45.2,11.6,5,2,205,206,13.2,27,32
Dennis Gardeck,66928,ED,ARZ,3,0,7.0,0,0,1,65.2,89.6,81.7,84.4,61.8,63.9,0.0,0,0,8,9,0.0,0,1
Jonathan Owens,66930,S,HST,1,0,,0,0,13,62.8,50.7,69.3,,60.0,23.8,100.0,1,0,1,1,0.0,0,0
Tavierre Thomas,66931,CB,CLV,5,0,5.0,0,0,8,51.0,50.2,80.8,50.5,52.8,62.9,0.0,0,0,42,45,2.4,1,1
Chris Claybrooks,76692,CB,JAX,11,2,9.4,0,0,15,57.4,54.4,84.3,58.3,39.5,67.1,13.3,2,1,141,146,2.1,3,11
Auzoyah Alufohai,79271,DI,HST,3,1,,0,0,13,,27.5,13.2,50.7,27.8,25.8,50.0,1,1,37,40,0.0,0,0
Davion Taylor,81991,LB,PHI,4,0,13.5,0,0,24,27.0,27.4,69.6,,42.1,77.9,0.0,0,0,21,21,4.8,1,2
Teair Tart,82261,DI,TEN,7,1,2.0,0,0,31,60.0,48.7,15.4,64.1,44.6,24.2,50.0,3,2,72,75,2.8,2,2
Jessie Lemonier,82302,ED,LAC,4,0,12.0,0,0,27,60.0,61.0,0.3,63.8,64.6,71.4,0.0,0,1,8,9,0.0,0,1
Luq Barcoo,83079,CB,JAX,3,1,10.0,1,0,15,31.3,31.6,80.0,,39.4,33.8,50.0,3,2,68,71,1.5,1,2
Delrick Abrams Jr.,83192,CB,ATL,1,1,,0,0,2,62.0,65.4,69.7,,62.0,72.8,0.0,0,0,4,4,0.0,0,0
Corey Ballentine,83833,CB,NYJ,4,0,13.3,0,0,22,34.4,36.7,88.3,70.9,44.4,46.2,25.0,1,0,43,44,2.3,1,3
John Cominsky,88313,DI,ATL,13,7,3.7,1,0,2,60.8,67.4,68.6,66.5,62.8,62.5,3.8,1,1,136,136,8.8,12,18
Austin Edwards,89210,DI,ATL,1,0,,0,0,2,,60.1,65.1,,60.0,,,0,0,1,1,0.0,0,0
Kyle Dugger,90621,S,NE,14,7,3.5,0,0,19,55.4,64.1,81.0,80.4,73.6,61.7,6.7,2,2,210,214,5.2,11,21
Tevaughn Campbell,91247,CB,LAC,8,0,4.6,0,0,27,50.3,52.4,83.2,68.7,57.6,61.7,16.7,1,1,114,115,2.6,3,5
E.J. Speed,94351,LB,IND,1,0,,0,0,14,,60.0,65.0,,60.0,,,0,0,1,1,0.0,0,0
Niko Lalos,106295,ED,NYG,5,2,3.5,0,0,21,85.5,68.8,79.4,56.8,61.9,75.7,0.0,0,0,34,34,0.0,0,2
