player,player_id,position,team_name,player_game_count,batted_passes,declined_penalties,franchise_id,grades_pass_rush_defense,hits,hurries,pass_rush_opp,pass_rush_percent,pass_rush_win_rate,pass_rush_wins,penalties,prp,sacks,snap_counts_pass_play,snap_counts_pass_rush,total_pressures,true_pass_set_batted_passes,true_pass_set_grades_pass_rush_defense,true_pass_set_hits,true_pass_set_hurries,true_pass_set_pass_rush_opp,true_pass_set_pass_rush_percent,true_pass_set_pass_rush_win_rate,true_pass_set_pass_rush_wins,true_pass_set_prp,true_pass_set_sacks,true_pass_set_snap_counts_pass_play,true_pass_set_snap_counts_pass_rush,true_pass_set_total_pressures
Terrell Suggs,1326,ED,KC,18,1,0,16,65.6,6,32,477,93.1,10.1,48,6,5.7,8,539,502,46,0,69.4,4,22,216,95.0,13.9,30,8.3,5,242,230,31
Thomas Davis Sr.,2231,LB,LAC,16,0,0,27,71.5,0,1,18,4.5,27.8,5,3,13.9,2,421,19,3,0,70.4,0,0,7,5.5,28.6,2,14.3,1,146,8,1
Lorenzo Alexander,2476,ED,BUF,17,4,0,4,68.4,7,21,217,70.9,13.8,30,1,7.8,3,316,224,31,3,67.9,6,19,146,86.8,17.1,25,9.9,2,174,151,27
Johnathan Joseph,2969,CB,HST,14,0,2,13,75.9,0,0,2,0.5,50.0,1,3,0.0,0,414,2,0,0,60.0,0,0,1,0.5,100.0,1,0.0,0,215,1,0
Domata Peko Sr.,3068,DI,BLT,8,0,0,3,55.4,0,7,62,97.0,11.3,7,1,5.6,0,67,65,7,0,57.4,0,4,26,96.6,15.4,4,7.7,0,29,28,4
Antoine Bethea,3152,S,NYG,16,0,0,21,63.1,0,0,7,1.1,14.3,1,1,0.0,0,657,7,0,0,58.5,0,0,1,0.4,0.0,0,0.0,0,252,1,0
Tramon Williams,3558,CB,GB,18,0,0,12,54.3,1,1,9,1.8,0.0,0,5,11.1,0,549,10,2,0,51.0,0,1,3,1.1,0.0,0,16.7,0,279,3,1
Eric Weddle,3653,S,LA,16,0,1,26,73.0,1,2,6,1.0,0.0,0,2,25.0,0,620,6,3,0,,0,0,0,0.0,,0,,0,271,0,0
Brandon Mebane,3701,DI,LAC,13,0,0,27,48.2,1,6,190,100.0,3.2,6,1,2.4,1,208,208,8,0,54.4,1,3,45,100.0,8.9,4,6.7,1,56,56,5
Calais Campbell,4364,DI,JAX,16,1,0,15,81.4,19,46,480,99.6,18.1,87,8,8.2,7,517,515,72,0,79.1,11,28,218,100.0,22.9,50,11.2,5,238,238,44
Brandon Carr,4454,CB,BLT,17,0,1,3,66.2,7,6,36,6.7,11.1,4,3,23.6,2,537,36,15,0,67.9,5,3,20,7.8,15.0,3,25.0,1,257,20,9
Orlando Scandrick,4457,CB,PHI,3,0,0,24,99.9,0,1,5,8.2,40.0,2,0,50.0,2,61,5,3,0,99.9,0,0,2,6.5,100.0,2,100.0,2,31,2,2
Wesley Woodyard,4583,LB,TEN,17,0,0,31,57.4,1,3,29,11.4,6.9,2,0,10.3,1,273,31,5,0,58.4,0,2,18,16.0,5.6,1,11.1,1,119,19,3
Cameron Wake,4907,ED,TEN,9,1,0,31,77.8,8,20,174,98.9,21.8,38,0,9.8,3,183,181,31,0,84.6,8,14,101,99.1,29.7,30,12.9,2,107,106,24
Malcolm Jenkins,4937,S,PHI,17,0,1,24,68.9,7,6,77,11.1,9.1,7,4,16.2,6,712,79,19,0,68.8,4,0,24,7.3,8.3,2,20.8,3,328,24,7
Clay Matthews,4949,ED,LA,13,2,0,26,63.6,6,28,277,80.9,12.6,35,3,9.0,8,361,292,42,0,60.5,3,17,135,92.9,16.3,22,11.9,6,155,144,26
Patrick Chung,4957,S,NE,14,0,1,19,48.0,0,2,37,9.4,2.7,1,1,2.7,0,424,40,2,0,53.2,0,2,11,6.4,9.1,1,9.1,0,202,13,2
Jason McCourty,5127,CB,NE,12,0,0,19,53.4,0,0,3,0.9,0.0,0,4,0.0,0,333,3,0,0,53.4,0,0,3,1.8,0.0,0,0.0,0,170,3,0
Clinton McDonald,5173,DI,ARZ,9,0,1,1,56.3,0,4,76,97.6,6.6,5,1,2.6,0,82,80,4,0,64.8,0,4,34,100.0,14.7,5,5.9,0,36,36,4
Steve McLendon,5232,DI,NYJ,16,0,0,22,67.8,4,12,218,99.6,10.6,23,2,5.0,3,239,238,19,0,62.4,2,8,85,100.0,14.1,12,7.1,1,90,90,11
Michael Bennett,5273,ED,DAL,15,0,1,9,62.0,9,26,355,98.5,13.8,49,8,6.9,7,392,386,42,0,62.3,4,19,183,99.0,18.0,33,8.5,4,201,199,27
Ndamukong Suh,5527,DI,TB,16,2,0,30,60.3,10,26,573,99.7,9.6,55,5,3.7,3,616,614,39,0,63.5,7,20,283,99.3,14.5,41,5.8,3,303,301,30
Gerald McCoy,5528,DI,CAR,16,2,0,5,69.4,8,27,387,100.0,14.5,56,8,6.6,8,422,422,43,2,73.9,6,23,194,100.0,21.1,41,11.6,8,214,214,37
Joe Haden,5532,CB,PIT,16,0,0,25,56.2,0,0,1,0.2,0.0,0,3,0.0,0,613,1,0,0,56.2,0,0,1,0.4,0.0,0,0.0,0,282,1,0
Tyson Alualu,5535,DI,PIT,16,2,1,25,68.2,2,13,200,100.0,11.5,23,2,4.3,1,215,215,16,1,76.6,1,9,78,100.0,17.9,14,7.7,1,86,86,11
Brandon Graham,5538,ED,PHI,17,0,0,24,72.6,11,48,505,97.6,15.4,78,2,7.6,9,546,533,68,0,73.9,7,26,235,97.3,20.4,48,10.4,8,258,251,41
Earl Thomas III,5539,S,BLT,16,0,0,3,67.4,3,9,59,10.0,11.9,7,3,15.3,3,623,62,15,0,63.7,3,6,22,9.3,27.3,6,25.0,1,270,25,10
Jason Pierre-Paul,5540,ED,TB,10,3,1,30,67.8,7,28,383,97.4,13.8,53,6,6.9,9,418,407,44,1,78.6,7,23,190,99.0,22.6,43,11.1,6,206,204,36
Kareem Jackson,5545,S,DEN,13,0,0,10,71.8,0,1,3,0.6,33.3,1,1,16.7,0,517,3,1,0,,0,0,0,0.0,,0,,0,227,0,0
Devin McCourty,5552,S,NE,17,0,0,19,52.2,0,4,17,2.8,11.8,2,1,11.8,0,642,18,4,0,49.7,0,2,9,3.2,11.1,1,11.1,0,316,10,2
Jerry Hughes,5556,ED,BUF,17,1,0,4,74.5,7,40,433,96.8,15.9,69,6,7.0,7,472,457,54,0,76.3,1,35,208,96.5,22.6,47,10.1,3,227,219,39
Patrick Robinson,5557,S,NO,9,0,0,20,53.7,1,2,20,16.8,0.0,0,0,7.5,0,137,23,3,0,54.6,1,2,17,29.7,0.0,0,8.8,0,64,19,3
Linval Joseph,5571,DI,MIN,15,0,0,18,62.9,3,12,327,99.1,7.3,24,1,3.2,3,350,347,18,0,71.1,2,7,92,100.0,14.1,13,6.0,1,105,105,10
Carlos Dunlap,5579,ED,CIN,14,4,0,7,77.8,13,28,375,90.8,16.5,62,1,8.1,10,426,387,51,0,67.7,7,16,183,94.9,19.7,36,9.6,6,198,188,29
Sean Lee,5580,LB,DAL,16,0,0,9,61.5,0,3,27,8.5,14.8,4,0,9.3,1,353,30,4,0,61.6,0,1,11,10.3,18.2,2,13.6,1,117,12,2
Morgan Burnett,5596,S,CLV,8,0,0,8,75.1,0,6,13,6.5,7.7,1,1,38.5,2,214,14,8,0,58.3,0,1,1,1.2,0.0,0,50.0,0,83,1,1
Earl Mitchell,5605,DI,SF,3,0,1,28,63.7,0,1,26,100.0,11.5,3,1,5.8,1,27,27,2,0,71.3,0,1,13,100.0,23.1,3,11.5,1,13,13,2
Corey Peters,5607,DI,ARZ,16,0,0,1,58.0,2,21,466,98.8,7.1,33,3,3.1,3,499,493,26,0,65.3,2,15,173,100.0,12.1,21,6.6,3,189,189,20
Everson Griffen,5624,ED,MIN,17,0,0,18,76.6,15,44,564,96.4,15.6,88,8,7.2,11,618,596,70,0,84.6,8,32,239,98.1,23.8,57,11.3,7,263,258,47
Geno Atkins,5643,DI,CIN,16,0,0,7,74.4,6,42,461,99.4,13.7,63,2,6.3,5,483,480,53,0,76.9,4,25,205,99.5,19.5,40,9.5,5,214,213,34
Al Woods,5646,DI,SEA,14,0,1,29,56.5,0,10,234,100.0,5.1,12,3,2.6,1,249,249,11,0,63.7,0,5,71,100.0,8.5,6,3.5,0,75,75,5
Sherrick McManis,5667,CB,CHI,8,0,0,6,59.4,0,0,1,4.3,0.0,0,0,0.0,0,23,1,0,0,59.4,0,0,1,14.3,0.0,0,0.0,0,7,1,0
Reshad Jones,5686,S,MIA,4,0,1,17,53.8,0,1,8,9.6,12.5,1,1,6.3,0,83,8,1,0,56.3,0,0,2,8.0,0.0,0,0.0,0,25,2,0
Kurt Coleman,5767,LB,BUF,4,0,0,4,56.0,0,0,3,7.9,0.0,0,1,0.0,0,38,3,0,0,56.3,0,0,2,8.3,0.0,0,0.0,0,24,2,0
Kyle Love,5806,DI,CAR,15,2,1,5,63.7,2,16,218,100.0,9.6,21,2,4.1,0,233,233,18,0,65.9,2,12,84,100.0,16.7,14,8.3,0,91,91,14
Darian Stewart,5820,S,TB,6,0,0,30,59.5,1,1,7,6.4,0.0,0,1,14.3,0,110,7,2,0,56.3,0,0,1,2.2,0.0,0,0.0,0,45,1,0
Tramaine Brock Sr.,5903,CB,TEN,17,1,1,31,70.0,2,2,18,2.8,11.1,2,5,11.1,0,636,18,4,0,58.5,1,2,6,2.2,16.7,1,25.0,0,279,6,3
Anthony Levine,6013,S,BLT,14,0,0,3,72.2,3,3,32,21.3,21.9,7,0,9.4,0,155,33,6,0,69.9,3,2,21,22.7,23.8,5,11.9,0,97,22,5
Albert McClellan,6022,LB,NYJ,1,0,0,22,54.1,0,0,2,21.4,0.0,0,0,0.0,0,14,3,0,0,,0,0,0,0.0,,0,,0,7,0,0
Andrew Sendejo,6118,S,MIN,15,0,0,18,70.6,1,0,12,3.7,8.3,1,2,12.5,1,322,12,2,0,70.6,1,0,5,3.0,0.0,0,30.0,1,164,5,2
Von Miller,6154,ED,DEN,15,1,1,10,71.4,10,58,443,91.1,19.2,85,8,9.7,9,519,473,77,1,74.0,6,40,213,94.7,24.9,53,13.1,5,247,234,51
Marcell Dareus,6155,DI,JAX,6,1,0,15,53.0,0,3,108,100.0,5.6,6,0,2.3,1,113,113,4,0,50.3,0,1,39,100.0,5.1,2,1.3,0,40,40,1
Patrick Peterson,6157,CB,ARZ,10,0,0,1,82.0,0,0,3,0.7,0.0,0,3,33.3,1,449,3,1,0,86.5,0,0,2,1.1,0.0,0,50.0,1,183,2,1
J.J. Watt,6163,ED,HST,10,4,0,13,88.9,17,38,360,99.7,23.3,84,6,9.3,6,393,392,61,0,90.3,11,24,158,100.0,32.3,51,13.6,4,178,178,39
Robert Quinn,6166,ED,DAL,14,2,2,9,78.3,12,33,374,99.5,16.3,61,5,9.2,12,406,404,57,0,74.3,7,18,174,99.5,20.1,35,11.8,8,191,190,33
Ryan Kerrigan,6168,ED,WAS,12,1,1,32,73.2,7,23,283,86.9,12.7,36,2,7.8,7,351,305,37,0,66.1,1,11,112,92.4,16.1,18,8.9,4,131,121,16
Corey Liuget,6170,DI,BUF,11,0,1,4,60.6,1,1,99,98.2,4.0,4,3,2.0,1,110,108,3,0,67.7,1,0,37,100.0,8.1,3,4.1,1,40,40,2
Prince Amukamara,6171,CB,CHI,15,0,2,6,60.0,0,0,1,0.2,0.0,0,5,0.0,0,567,1,0,0,,0,0,0,0.0,,0,,0,242,0,0
Adrian Clayborn,6172,ED,ATL,15,0,0,2,76.6,5,39,303,97.3,21.1,64,2,8.6,4,331,322,48,0,76.9,2,25,123,97.2,29.3,36,14.2,4,141,137,31
Cameron Jordan,6176,ED,NO,17,2,1,20,83.1,8,59,575,98.0,16.9,97,5,8.8,17,639,626,84,1,90.7,5,34,245,98.5,24.1,59,12.9,12,270,266,51
Jimmy Smith,6179,CB,BLT,10,0,0,3,83.4,0,0,1,0.3,0.0,0,4,100.0,1,288,1,1,0,,0,0,0,0.0,,0,,0,141,0,0
Cameron Heyward,6183,DI,PIT,16,5,0,25,84.0,14,36,476,100.0,15.3,73,1,7.4,10,505,505,60,3,85.8,11,25,231,100.0,19.0,44,11.3,8,248,248,44
Jabaal Sheard,6189,ED,IND,13,0,0,14,63.5,5,32,359,97.4,12.8,46,0,6.5,5,388,378,42,0,71.1,3,25,174,97.9,19.5,34,10.3,4,191,187,32
Brooks Reed,6194,ED,ARZ,8,0,0,1,57.4,0,2,37,83.3,8.1,3,0,5.4,1,48,40,3,0,65.6,0,0,15,84.2,20.0,3,6.7,1,19,16,1
Marcus Gilchrist,6202,S,JAX,3,0,0,15,60.0,0,0,1,2.0,0.0,0,0,0.0,0,49,1,0,0,,0,0,0,0.0,,0,,0,30,0,0
Terrell McClain,6217,DI,OAK,5,0,0,23,68.2,0,2,28,100.0,7.1,2,0,3.6,0,32,32,2,0,70.7,0,2,7,100.0,14.3,1,14.3,0,8,8,2
Justin Houston,6222,ED,IND,16,0,0,14,81.9,9,40,433,95.8,18.5,80,2,8.2,11,478,458,60,0,87.6,7,30,205,96.5,27.3,56,12.9,8,231,223,45
Jurrell Casey,6229,DI,TEN,17,0,0,31,64.6,5,29,547,99.3,10.8,59,2,4.6,8,580,576,42,0,65.8,4,17,250,100.0,12.8,32,6.6,6,261,261,27
Allen Bailey,6238,DI,ATL,15,0,0,2,63.4,1,12,246,98.9,9.8,24,1,3.0,1,265,262,14,0,68.0,0,6,71,100.0,16.9,12,5.6,1,81,81,7
K.J. Wright,6251,LB,SEA,18,0,0,29,59.5,1,7,48,7.7,14.6,7,1,10.4,1,689,53,9,0,77.2,0,4,17,6.8,23.5,4,17.6,1,295,20,5
Sam Acho,6255,ED,TB,5,0,0,30,67.0,0,1,24,96.2,12.5,3,0,6.3,1,26,25,2,0,76.4,0,1,14,100.0,21.4,3,10.7,1,14,14,2
Buster Skrine,6289,CB,CHI,16,0,1,6,72.0,2,3,26,5.4,11.5,3,1,9.6,0,520,28,5,0,87.8,2,2,13,5.3,23.1,3,15.4,0,263,14,4
Pernell McPhee,6317,ED,BLT,7,1,0,3,64.6,3,8,163,95.1,13.5,22,4,5.2,3,184,175,14,0,73.4,3,4,67,98.7,25.4,17,9.7,3,76,75,10
Lawrence Guy,6385,DI,NE,17,0,0,19,60.5,3,15,239,100.0,10.0,24,1,5.0,3,262,262,21,0,61.8,0,7,79,100.0,13.9,11,5.7,1,85,85,8
Malcolm Smith,6394,LB,DAL,2,0,0,9,62.1,0,1,4,10.9,0.0,0,0,12.5,0,46,5,1,0,65.8,0,1,2,15.8,0.0,0,25.0,0,19,3,1
Chris Harris Jr.,6457,CB,DEN,16,0,1,10,58.6,0,0,1,0.2,0.0,0,6,0.0,0,639,1,0,0,58.6,0,0,1,0.3,0.0,0,0.0,0,301,1,0
Josh Bynes,6503,LB,BLT,13,0,0,3,55.2,1,3,34,17.8,5.9,2,1,8.8,1,214,38,5,0,46.0,0,0,13,19.7,0.0,0,0.0,0,71,14,0
Mario Addison,6558,ED,CAR,15,0,1,5,67.7,6,32,401,94.9,15.2,61,4,7.5,11,453,430,49,0,69.9,2,20,193,98.6,18.7,36,9.8,8,213,210,30
Craig Robertson,7003,LB,NO,6,0,0,20,60.7,1,2,36,25.0,13.9,5,0,6.9,1,152,38,4,0,58.8,1,1,23,30.0,8.7,2,8.7,1,80,24,3
Mark Barron,7013,LB,PIT,15,0,1,25,62.2,0,6,52,11.2,9.6,5,4,13.5,4,473,53,10,0,60.3,0,4,23,10.6,13.0,3,17.4,2,226,24,6
Luke Kuechly,7015,LB,CAR,16,0,0,5,55.6,5,1,24,3.9,16.7,4,1,12.5,0,661,26,6,0,60.1,2,0,10,3.8,20.0,2,10.0,0,316,12,2
Dontari Poe,7017,DI,CAR,11,0,0,5,63.6,2,11,214,100.0,8.4,18,1,4.9,4,237,237,17,0,68.2,2,7,98,100.0,14.3,14,8.7,4,111,111,13
Fletcher Cox,7018,DI,PHI,17,0,0,24,85.6,11,45,528,98.4,14.0,74,0,6.1,4,569,560,60,0,83.3,6,31,250,99.3,18.4,46,8.6,3,268,266,40
Michael Brockers,7020,DI,LA,16,1,0,26,57.3,7,25,411,100.0,8.8,36,3,4.9,4,438,438,36,1,62.7,4,15,170,100.0,12.9,22,7.9,4,184,184,23
Bruce Irvin,7021,ED,CAR,13,0,1,5,62.6,8,20,319,91.0,12.5,40,2,6.9,8,379,345,36,0,70.3,3,14,165,95.8,18.2,30,10.0,8,192,184,25
Dre Kirkpatrick,7023,CB,CIN,6,0,0,7,83.9,0,0,1,0.6,0.0,0,2,100.0,1,172,1,1,0,,0,0,0,0.0,,0,,0,59,0,0
Melvin Ingram III,7024,ED,LAC,13,3,1,27,75.6,4,35,352,90.1,16.8,59,4,7.8,8,416,375,47,1,75.3,3,17,129,94.8,22.5,29,11.6,5,153,145,25
Chandler Jones,7027,ED,ARZ,16,4,0,1,90.0,7,49,578,90.7,17.0,98,6,8.1,19,677,614,75,0,90.3,4,25,239,92.5,22.6,54,10.7,11,279,258,40
Dont'a Hightower,7030,LB,NE,16,0,0,19,63.4,8,20,266,58.4,15.0,40,1,7.9,7,488,285,35,0,65.7,6,15,164,76.6,17.1,28,10.1,6,231,177,27
Whitney Mercilus,7031,ED,HST,18,0,2,13,59.5,10,38,624,93.4,11.5,72,2,5.3,9,715,668,57,0,65.9,6,26,306,97.1,15.4,47,7.5,7,342,332,39
Derek Wolfe,7040,DI,DEN,12,1,0,10,67.7,6,9,271,99.7,8.9,24,4,5.4,7,289,288,22,1,76.0,5,8,125,99.3,13.6,17,10.0,6,138,137,19
Janoris Jenkins,7043,CB,NO,16,0,1,20,65.5,0,2,7,1.1,14.3,1,8,28.6,1,624,7,3,0,55.4,0,1,3,1.2,0.0,0,16.7,0,243,3,1
Mychal Kendricks,7049,LB,SEA,14,2,0,29,75.3,0,14,76,22.8,15.8,12,3,13.2,3,368,84,17,0,71.9,0,3,23,24.1,21.7,5,15.2,2,112,27,5
Bobby Wagner,7050,LB,SEA,18,1,1,29,83.2,3,9,88,12.0,18.2,16,2,10.2,3,757,91,15,0,77.5,2,6,46,14.6,21.7,10,10.9,1,329,48,9
Tavon Wilson,7051,S,DET,16,0,2,11,59.4,2,0,27,5.5,11.1,3,4,7.4,1,506,28,3,0,56.3,0,0,9,4.8,0.0,0,0.0,0,209,10,0
Zach Brown,7055,LB,PHI,6,0,0,24,55.7,1,3,16,10.5,6.3,1,2,12.5,0,153,16,4,0,55.1,0,0,2,5.6,0.0,0,0.0,0,36,2,0
Lavonte David,7060,LB,TB,16,1,0,30,53.9,6,11,88,12.7,15.9,14,1,10.8,1,781,99,18,1,57.7,1,7,45,13.0,15.6,7,11.1,1,377,49,9
Vinny Curry,7061,ED,PHI,17,0,2,24,81.7,9,30,261,98.2,20.3,53,2,9.4,5,280,275,44,0,85.8,7,20,137,98.0,27.0,37,11.3,2,147,144,29
Trumaine Johnson,7067,CB,NYJ,7,0,0,22,56.3,0,0,2,1.0,0.0,0,4,0.0,0,197,2,0,0,56.3,0,0,2,2.0,0.0,0,0.0,0,99,2,0
Olivier Vernon,7074,ED,CLV,10,0,0,8,75.7,7,24,250,94.0,16.4,41,0,7.8,4,282,265,35,0,67.5,3,12,91,95.0,18.7,17,10.4,2,101,96,17
Demario Davis,7079,LB,NO,17,2,1,20,82.5,6,20,166,25.0,16.9,28,4,10.2,4,705,176,30,0,88.0,5,17,95,34.0,23.2,22,14.7,3,297,101,25
Tyrone Crawford,7083,DI,DAL,4,0,0,9,58.8,1,1,58,98.5,8.6,5,0,3.4,1,65,64,3,0,69.0,1,1,26,100.0,19.2,5,7.7,1,28,28,3
Akiem Hicks,7090,DI,CHI,5,0,0,6,63.3,4,5,120,98.5,9.2,11,0,4.6,1,133,131,10,0,66.1,1,5,55,98.3,12.7,7,7.3,1,60,59,7
Nigel Bradham,7105,LB,PHI,13,0,0,24,56.9,1,7,62,12.0,11.3,7,0,6.5,0,535,64,8,0,65.3,1,7,30,12.5,20.0,6,13.3,0,257,32,8
Kyle Wilber,7113,LB,OAK,6,1,0,23,54.7,0,2,13,50.0,7.7,1,1,7.7,0,34,17,2,1,60.0,0,0,8,81.8,0.0,0,0.0,0,11,9,0
Coty Sensabaugh,7115,CB,WAS,5,0,0,32,49.0,0,0,6,6.1,0.0,0,1,0.0,0,98,6,0,0,48.8,0,0,5,10.4,0.0,0,0.0,0,48,5,0
Mike Daniels,7132,DI,DET,9,0,0,11,66.3,1,11,119,100.0,13.4,16,0,5.9,1,125,125,13,0,65.8,1,4,57,100.0,14.0,8,6.1,1,60,60,6
Tahir Whitehead,7135,LB,OAK,16,0,1,23,57.6,1,6,32,6.7,15.6,5,2,10.9,0,554,37,7,0,56.2,0,1,8,3.8,12.5,1,6.3,0,234,9,1
Najee Goode,7137,LB,JAX,7,0,0,15,68.1,0,3,9,5.5,22.2,2,0,27.8,1,164,9,4,0,71.0,0,3,6,8.1,33.3,2,41.7,1,74,6,4
Jack Crawford,7151,DI,ATL,16,1,0,2,53.7,3,10,241,96.7,9.1,22,2,3.1,1,271,262,14,0,55.3,3,5,89,100.0,12.4,11,5.6,1,102,102,9
Danny Trevathan,7177,LB,CHI,9,0,0,6,77.3,3,6,37,12.3,16.2,6,1,14.9,1,350,43,10,0,61.0,1,1,18,16.4,5.6,1,11.1,1,140,23,3
Nate Stupar,7214,LB,NYG,2,0,0,21,58.9,0,0,1,5.6,0.0,0,0,0.0,0,18,1,0,0,58.9,0,0,1,25.0,0.0,0,0.0,0,4,1,0
Rodney McLeod,7271,S,PHI,17,0,0,24,64.1,0,7,33,4.8,9.1,3,1,13.6,1,711,34,8,0,54.2,0,2,4,1.5,25.0,1,25.0,0,328,5,2
Michael Thomas,7279,S,NYG,16,0,0,21,46.2,0,1,18,9.4,0.0,0,1,2.8,0,212,20,1,0,47.0,0,1,11,11.8,0.0,0,4.5,0,102,12,1
Vontaze Burfict,7280,LB,OAK,4,0,0,23,79.2,0,0,12,14.5,25.0,3,1,0.0,0,110,16,0,0,80.8,0,0,6,20.0,33.3,2,0.0,0,50,10,0
Tashaun Gipson Sr.,7288,S,HST,14,0,0,13,50.5,3,2,17,3.2,23.5,4,2,14.7,0,561,18,5,0,47.8,2,1,8,2.9,37.5,3,18.8,0,272,8,3
L.J. Fort,7292,LB,BLT,12,0,0,3,84.8,0,8,43,28.5,34.9,15,2,14.0,2,165,47,10,0,76.0,0,4,17,25.7,47.1,8,17.6,1,74,19,5
Damon Harrison Sr.,7355,DI,DET,15,3,0,11,55.2,0,4,240,100.0,3.8,9,2,1.7,2,255,255,6,1,49.9,0,0,55,100.0,0.0,0,0.0,0,60,60,0
Julian Stanford,7372,LB,BUF,1,0,0,4,63.8,0,1,6,17.6,16.7,1,0,8.3,0,34,6,1,0,66.1,0,1,4,18.2,25.0,1,12.5,0,22,4,1
Brandon Bolden,7469,HB,NE,1,0,0,19,60.0,0,0,1,100.0,0.0,0,1,0.0,0,1,1,0,0,,0,0,0,,,0,,0,0,0,0
Jamize Olawale,7572,FB,DAL,1,0,0,9,60.0,0,0,1,100.0,0.0,0,0,0.0,0,1,1,0,0,60.0,0,0,1,100.0,0.0,0,0.0,0,1,1,0
Harrison Smith,7641,S,MIN,17,1,0,18,63.1,1,5,37,5.6,5.4,2,2,8.1,0,681,38,6,0,59.5,1,2,12,4.4,8.3,1,12.5,0,275,12,3
Malik Jackson,7647,DI,PHI,1,0,0,24,59.9,0,1,20,100.0,10.0,2,0,2.5,0,21,21,1,0,57.7,0,0,8,100.0,12.5,1,0.0,0,9,9,0
Dion Jordan,7785,ED,OAK,7,1,0,23,66.7,0,10,113,98.4,15.0,17,2,7.1,3,127,125,13,0,70.3,0,8,61,98.6,23.0,14,11.5,3,74,73,11
Barkevious Mingo,7787,ED,HST,9,0,0,13,57.0,2,3,32,71.7,15.6,5,2,7.8,0,46,33,5,0,51.5,1,0,19,79.2,5.3,1,2.6,0,24,19,1
D.J. Hayden,7793,CB,JAX,15,0,0,15,82.7,3,2,38,9.1,5.3,2,2,11.8,2,440,40,7,0,80.3,0,1,15,7.6,6.7,1,10.0,1,223,17,2
Sheldon Richardson,7794,DI,CLV,16,2,1,8,66.5,4,29,424,97.4,11.6,49,6,4.8,4,459,447,37,2,72.1,3,21,198,99.0,16.2,32,7.6,3,210,208,27
Star Lotulelei,7795,DI,BUF,17,1,0,4,53.5,1,8,260,100.0,5.0,13,1,2.5,2,279,279,11,0,50.4,1,5,77,100.0,9.1,7,6.5,2,82,82,8
Kenny Vaccaro,7796,S,TEN,19,1,2,31,79.6,6,5,67,8.4,19.4,13,4,9.7,1,841,71,12,1,85.3,4,5,45,13.5,26.7,12,12.2,1,348,47,10
Eric Reid,7799,S,CAR,16,0,0,5,72.3,1,5,45,7.0,22.2,10,2,15.6,4,668,47,10,0,71.5,0,2,14,4.7,14.3,2,28.6,3,317,15,5
Sylvester Williams,7809,DI,LAC,5,0,0,27,65.2,0,1,29,100.0,3.4,1,0,1.7,0,31,31,1,0,82.3,0,1,8,100.0,12.5,1,6.3,0,8,8,1
Alec Ogletree,7811,LB,NYG,13,1,0,21,76.7,3,9,74,16.6,16.2,12,3,10.8,2,501,83,14,0,83.9,3,5,31,20.3,22.6,7,16.1,1,182,37,9
Johnathan Cyprien,7814,S,ATL,5,0,0,2,59.4,0,0,1,3.7,0.0,0,1,0.0,0,27,1,0,0,59.4,0,0,1,6.3,0.0,0,0.0,0,16,1,0
Manti Te'o,7819,LB,NO,2,0,0,20,52.6,1,0,2,22.2,50.0,1,0,25.0,0,18,4,1,0,,0,0,0,0.0,,0,,0,2,0,0
Tank Carradine,7821,DI,MIA,1,0,0,17,61.4,0,1,8,90.9,12.5,1,0,6.3,0,11,10,1,0,57.0,0,0,2,100.0,0.0,0,0.0,0,2,2,0
Kawann Short,7825,DI,CAR,2,0,0,5,74.3,3,1,37,100.0,16.2,6,0,5.4,0,38,38,4,0,71.6,1,1,14,100.0,21.4,3,7.1,0,14,14,2
Kevin Minter,7826,LB,TB,7,0,0,30,74.3,1,11,50,27.7,20.0,10,1,12.0,0,202,56,12,0,68.7,0,6,24,24.5,25.0,6,12.5,0,102,25,6
Kiko Alonso,7827,LB,NO,13,0,0,20,60.4,2,5,46,23.9,8.7,4,0,7.6,0,205,49,7,0,55.3,0,2,24,28.3,8.3,2,4.2,0,92,26,2
Johnathan Hankins,7830,DI,OAK,16,1,2,23,59.5,6,14,324,99.7,8.3,27,6,3.7,2,349,348,22,0,54.7,3,7,110,100.0,10.9,12,5.5,1,122,122,11
Jon Bostic,7831,LB,WAS,16,0,0,32,56.2,4,6,54,9.8,9.3,5,1,11.1,1,593,58,11,0,57.3,3,1,22,11.2,9.1,2,9.1,0,223,25,4
Jamie Collins Sr.,7833,LB,NE,17,2,0,19,76.8,4,21,178,35.3,15.2,27,0,11.5,8,547,193,33,1,88.5,3,11,98,39.3,19.4,19,15.3,8,272,107,22
Margus Hunt,7834,DI,IND,16,0,0,14,51.3,1,6,223,96.7,4.9,11,2,1.6,0,244,236,7,0,56.3,1,4,78,100.0,10.3,8,3.2,0,85,85,5
Jamar Taylor,7835,CB,ATL,11,0,1,2,41.7,0,1,19,10.1,5.3,1,3,2.6,0,198,20,1,0,42.3,0,1,17,14.5,5.9,1,2.9,0,124,18,1
D.J. Swearinger Sr.,7838,S,NO,9,0,0,20,58.3,2,2,19,7.1,5.3,1,0,10.5,0,281,20,4,0,58.2,1,0,7,6.2,0.0,0,7.1,0,113,7,1
Tyrann Mathieu,7850,S,KC,19,1,1,16,59.2,1,5,54,6.9,11.1,6,4,9.3,2,817,56,8,0,56.8,0,2,23,6.6,4.3,1,8.7,1,361,24,3
Damontre Moore,7862,ED,SF,2,0,0,28,71.2,1,6,36,100.0,13.9,5,1,9.7,0,37,37,7,0,72.3,0,3,12,100.0,25.0,3,12.5,0,12,12,3
John Jenkins,7863,DI,MIA,16,1,0,17,70.3,1,10,185,99.0,10.3,19,0,3.5,1,206,204,12,1,74.5,0,3,38,100.0,18.4,7,3.9,0,41,41,3
Logan Ryan,7864,CB,TEN,19,0,4,31,78.6,3,7,53,6.2,11.3,6,11,18.9,5,867,54,15,0,82.7,3,3,30,8.5,13.3,4,23.3,4,366,31,10
Shawn Williams,7865,S,CIN,16,0,0,7,57.3,3,4,48,9.6,8.3,4,0,9.4,1,563,54,8,0,56.7,1,2,19,8.6,5.3,1,7.9,0,255,22,3
Duron Harmon,7872,S,NE,17,1,0,19,58.9,2,2,25,5.4,8.0,2,0,8.0,0,484,26,4,0,51.3,0,2,10,4.2,20.0,2,10.0,0,264,11,2
Brandon Williams,7875,DI,BLT,15,0,0,3,57.2,6,8,301,98.8,6.0,18,3,2.7,1,334,330,15,0,61.1,3,5,114,98.4,8.8,10,4.4,1,127,125,9
Akeem Spence,7882,DI,JAX,15,0,0,15,52.5,1,4,170,97.8,3.5,6,4,1.5,0,183,179,5,0,61.5,1,3,49,96.4,10.2,5,4.1,0,55,53,4
Alex Okafor,7885,ED,KC,10,1,1,16,54.2,4,12,235,89.9,7.2,17,2,5.5,5,276,248,21,0,53.1,1,10,124,96.4,9.7,12,6.0,2,137,132,13
B.W. Webb,7896,CB,CIN,15,0,1,7,46.4,0,1,8,1.6,0.0,0,6,6.3,0,506,8,1,0,60.0,0,0,1,0.4,0.0,0,0.0,0,232,1,0
William Gholston,7908,DI,TB,16,2,0,30,64.9,6,12,255,100.0,11.4,29,1,4.3,2,273,273,20,1,71.5,4,7,85,100.0,20.0,17,7.6,1,95,95,12
John Simon,7911,ED,NE,17,2,0,19,61.6,4,16,228,87.9,10.1,23,1,6.1,4,282,248,24,1,66.5,2,5,94,92.8,12.8,12,8.0,4,111,103,11
A.J. Klein,7930,LB,NO,16,1,2,20,65.8,2,8,87,17.9,13.8,12,3,9.2,3,519,93,13,0,67.5,2,5,42,23.3,19.0,8,15.5,3,193,45,10
Micah Hyde,7941,S,BUF,17,0,0,4,54.3,1,3,15,2.3,6.7,1,0,13.3,0,658,15,4,0,59.4,1,3,6,2.0,16.7,1,33.3,0,297,6,4
Rex Burkhead,7971,HB,NE,1,0,1,19,60.0,0,0,1,100.0,0.0,0,1,0.0,0,1,1,0,0,,0,0,0,,,0,,0,0,0,0
Stacy McGee,7987,DI,CAR,4,0,0,5,69.2,0,2,36,100.0,8.3,3,0,5.6,1,39,39,3,0,77.7,0,1,12,100.0,8.3,1,4.2,0,14,14,1
Vince Williams,7988,LB,PIT,14,0,0,25,78.4,7,9,54,28.9,27.8,15,1,20.4,3,194,56,19,0,63.9,1,6,31,42.1,22.6,7,14.5,1,76,32,8
Jordan Poyer,8000,S,BUF,17,0,0,4,63.4,0,5,32,5.6,6.3,2,1,10.9,1,660,37,6,0,51.7,0,0,6,2.0,0.0,0,0.0,0,298,6,0
Nick Williams,8006,DI,CHI,16,2,0,6,62.6,3,12,270,99.0,8.5,23,2,5.0,6,295,292,21,0,64.4,1,7,102,98.3,12.7,13,7.8,4,115,113,12
Kemal Ishmael,8026,S,ATL,10,0,0,2,66.4,0,2,5,3.7,0.0,0,0,20.0,0,136,5,2,0,56.1,0,0,2,6.5,0.0,0,0.0,0,31,2,0
Damion Square,8042,DI,LAC,16,1,1,27,55.5,2,3,185,99.0,3.8,7,1,1.4,0,196,194,5,0,56.1,0,2,59,100.0,3.4,2,1.7,0,64,64,2
Daren Bates,8077,LB,TEN,3,0,0,31,58.2,0,0,2,25.0,0.0,0,0,0.0,0,8,2,0,0,,0,0,0,0.0,,0,,0,2,0,0
Ezekiel Ansah,8094,ED,SEA,12,2,1,29,56.4,6,13,239,92.0,9.2,22,3,5.2,3,275,253,22,1,54.3,3,12,125,90.6,14.4,18,8.4,3,149,135,18
Rontez Miles,8102,S,NYJ,5,0,0,22,58.4,0,0,1,6.3,0.0,0,0,0.0,0,16,1,0,0,58.4,0,0,1,10.0,0.0,0,0.0,0,10,1,0
Jahleel Addae,8117,LB,HST,17,0,0,13,51.6,0,6,28,7.4,14.3,4,3,10.7,0,379,28,6,0,55.9,0,4,19,8.8,21.1,4,10.5,0,215,19,4
Lerentee McCray,8159,ED,JAX,8,0,0,15,56.7,0,2,40,97.7,5.0,2,0,2.5,0,43,42,2,0,58.0,0,1,23,100.0,4.3,1,2.2,0,25,25,1
Abry Jones,8177,DI,JAX,16,0,0,15,56.6,1,12,274,100.0,6.6,18,1,3.5,3,288,288,16,0,54.0,1,7,80,100.0,11.3,9,6.3,1,84,84,9
Benson Mayowa,8196,ED,OAK,15,0,0,23,70.2,4,18,225,95.8,18.2,41,4,8.4,8,263,252,30,0,78.7,3,17,138,95.8,25.4,35,12.3,7,165,158,27
Bradley McDougald,8220,S,SEA,17,1,0,29,72.7,1,3,21,3.2,14.3,3,3,19.0,2,689,22,6,0,61.6,0,2,12,4.2,8.3,1,16.7,1,308,13,3
Will Compton,8308,LB,OAK,9,0,0,23,48.6,0,1,8,6.0,0.0,0,0,6.3,0,134,8,1,0,53.0,0,0,3,4.6,0.0,0,0.0,0,65,3,0
Rashaan Melvin,8334,CB,DET,13,1,1,11,79.9,0,2,8,1.4,0.0,0,4,12.5,0,566,8,2,1,81.5,0,0,2,0.8,0.0,0,0.0,0,238,2,0
Tony Jefferson,8361,S,BLT,5,0,0,3,53.2,0,1,15,8.2,6.7,1,2,3.3,0,194,16,1,0,48.8,0,1,4,7.2,0.0,0,12.5,0,69,5,1
Brandon Copeland,8378,LB,NYJ,12,0,0,22,64.4,2,3,47,32.0,14.9,7,0,9.6,2,178,57,7,0,62.5,2,1,17,31.0,17.6,3,14.7,1,71,22,4
Jeff Heath,8396,S,DAL,13,0,0,9,61.8,2,4,20,4.6,15.0,3,2,15.0,0,474,22,6,0,50.3,0,1,6,3.3,16.7,1,8.3,0,211,7,1
Chris Banjo,8419,S,ARZ,5,0,0,1,57.1,0,0,2,8.0,0.0,0,0,0.0,0,25,2,0,0,59.4,0,0,1,5.9,0.0,0,0.0,0,17,1,0
Jordan Dangerfield,8468,S,PIT,1,0,0,25,68.0,1,0,1,100.0,100.0,1,0,50.0,0,1,1,1,0,,0,0,0,,,0,,0,0,0,0
Brynden Trawick,8471,ED,BLT,2,0,0,3,58.4,0,0,1,14.3,0.0,0,0,0.0,0,7,1,0,0,58.4,0,0,1,50.0,0.0,0,0.0,0,2,1,0
Nickell Robey-Coleman,8483,CB,LA,16,0,0,26,73.1,0,2,4,0.8,50.0,2,2,25.0,0,525,4,2,0,65.6,0,2,1,0.4,200.0,2,100.0,0,265,1,2
Wes Horton,8484,DI,CAR,6,0,1,5,49.7,1,3,50,100.0,2.0,1,1,4.0,0,53,53,4,0,53.6,1,2,18,100.0,5.6,1,8.3,0,19,19,3
LaRoy Reynolds,8500,LB,CIN,6,1,0,7,57.2,1,3,11,39.3,27.3,3,0,18.2,0,28,11,4,1,60.4,1,3,8,61.5,37.5,3,25.0,0,13,8,4
Deon Lacey,8512,LB,MIA,3,0,0,17,58.5,0,0,1,33.3,0.0,0,0,0.0,0,3,1,0,0,58.5,0,0,1,100.0,0.0,0,0.0,0,1,1,0
Mike Purcell,8530,DI,DEN,13,0,0,10,48.9,2,7,192,99.5,4.7,9,4,2.3,0,210,209,9,0,50.4,0,5,76,100.0,6.6,5,3.3,0,86,86,5
Jadeveon Clowney,8636,ED,SEA,15,2,0,29,76.7,11,43,450,95.4,16.2,73,12,6.9,4,505,482,58,1,82.6,6,30,216,96.7,22.7,49,9.7,3,240,232,39
Khalil Mack,8640,ED,CHI,16,2,1,6,81.3,7,54,499,90.5,15.0,75,4,7.9,9,587,531,70,0,83.8,3,36,235,95.9,19.6,46,10.9,6,266,255,45
Anthony Barr,8644,LB,MIN,16,1,2,18,61.0,7,13,112,18.2,15.2,17,4,10.7,2,660,120,22,0,58.2,4,5,42,18.1,16.7,7,13.1,1,265,48,10
Aaron Donald,8648,DI,LA,16,2,1,26,92.8,13,53,543,99.8,21.9,119,4,8.7,14,577,576,80,1,92.0,7,34,238,100.0,29.0,69,12.4,9,258,258,50
C.J. Mosley,8652,LB,NYJ,2,0,0,22,58.1,1,0,16,23.4,6.3,1,0,3.1,0,77,18,1,0,70.8,1,0,7,21.1,14.3,1,7.1,0,38,8,1
Ha Ha Clinton-Dix,8656,S,CHI,16,0,0,6,48.5,0,1,16,2.9,6.3,1,2,3.1,0,663,19,1,0,48.3,0,1,9,3.4,11.1,1,5.6,0,292,10,1
Dee Ford,8658,ED,SF,14,1,0,28,71.2,3,22,239,97.3,16.3,39,2,8.6,8,259,252,33,0,74.6,2,18,130,98.6,22.3,29,12.3,6,142,140,26
Darqueze Dennard,8659,CB,CIN,9,0,0,7,68.4,2,1,15,5.5,6.7,1,1,10.0,0,307,17,3,0,83.7,2,0,6,4.7,16.7,1,16.7,0,169,8,2
Deone Bucannon,8662,LB,NYG,11,0,0,21,60.2,1,4,22,14.4,18.2,4,0,11.4,0,174,25,5,0,60.1,1,3,13,18.1,23.1,3,15.4,0,83,15,4
Jimmie Ward,8665,S,SF,16,0,0,28,53.5,0,0,4,0.8,0.0,0,1,0.0,0,628,5,0,0,54.5,0,0,2,1.2,0.0,0,0.0,0,256,3,0
Bradley Roby,8666,CB,HST,12,0,1,13,72.7,0,0,5,1.3,0.0,0,6,20.0,1,549,7,1,0,74.6,0,0,4,2.3,0.0,0,25.0,1,261,6,1
Demarcus Lawrence,8669,ED,DAL,16,1,0,9,78.6,11,39,411,98.9,15.6,64,6,7.5,6,448,443,56,0,73.5,6,23,193,98.6,18.7,36,9.1,3,218,215,32
Kyle Van Noy,8675,ED,NE,16,3,1,19,72.1,9,43,428,83.5,12.1,52,2,7.9,8,556,464,60,1,73.7,8,28,219,87.1,16.4,36,11.0,6,272,237,42
Lamarcus Joyner,8676,CB,OAK,14,0,2,23,57.7,0,3,18,4.2,5.6,1,9,8.3,0,481,20,3,0,61.3,0,0,6,3.5,0.0,0,0.0,0,230,8,0
Stephon Tuitt,8681,DI,PIT,6,0,0,25,85.0,2,12,156,100.0,18.6,29,1,7.1,4,168,168,18,0,91.0,1,10,56,100.0,35.7,20,13.4,2,63,63,13
Trent Murphy,8682,ED,BUF,17,2,1,4,69.2,5,30,412,95.9,13.8,57,5,5.9,7,460,441,42,1,72.4,3,18,192,94.4,19.3,37,8.1,5,215,203,26
Timmy Jernigan,8683,DI,PHI,11,0,1,24,67.3,0,10,166,97.8,7.2,12,4,4.2,2,184,180,12,0,65.1,0,6,66,98.6,10.6,7,7.6,2,73,72,8
Jeremiah Attaochu,8685,ED,DEN,11,0,0,10,57.7,2,8,167,90.5,10.8,18,2,5.4,4,199,180,14,0,55.0,1,4,88,96.0,10.2,9,4.0,1,101,97,6
Christian Kirksey,8706,LB,CLV,2,0,0,8,48.5,0,0,10,17.5,0.0,0,0,0.0,0,63,11,0,0,54.3,0,0,3,13.0,0.0,0,0.0,0,23,3,0
Preston Brown,8708,LB,JAX,10,0,0,15,60.1,0,2,16,8.6,6.3,1,0,6.3,0,185,16,2,0,75.4,0,2,5,9.4,20.0,1,20.0,0,53,5,2
Terrence Brooks,8714,S,NE,16,0,0,19,60.0,3,3,13,6.7,23.1,3,2,23.1,0,209,14,6,0,60.5,1,1,4,4.5,25.0,1,25.0,0,112,5,2
Kareem Martin,8719,ED,NYG,5,0,0,21,47.1,0,1,22,96.2,4.5,1,0,2.3,0,26,25,1,0,51.3,0,0,6,100.0,0.0,0,0.0,0,9,9,0
Phillip Gaines,8722,CB,HST,4,0,1,13,60.0,0,1,1,1.1,100.0,1,3,50.0,0,93,1,1,0,,0,0,0,0.0,,0,,0,33,0,0
Jaylen Watkins,8736,S,LAC,13,0,0,27,68.1,0,1,2,0.9,0.0,0,0,25.0,0,232,2,1,0,,0,0,0,0.0,,0,,0,116,0,0
Bashaud Breeland,8737,CB,KC,19,0,3,16,75.2,1,1,3,0.6,0.0,0,13,33.3,0,704,4,2,0,63.3,0,1,1,0.3,0.0,0,50.0,0,313,1,1
Justin Ellis,8742,DI,BLT,5,0,0,3,62.4,0,2,36,100.0,8.3,3,0,2.8,0,36,36,2,0,72.2,0,2,13,100.0,23.1,3,7.7,0,13,13,2
Cassius Marsh,8743,ED,ARZ,16,0,1,1,59.3,3,14,209,84.2,12.0,25,2,6.0,4,260,219,21,0,63.6,1,8,94,90.2,18.1,17,6.9,2,112,101,11
Ross Cockrell,8744,CB,CAR,13,0,0,5,61.1,0,0,7,1.6,14.3,1,4,0.0,0,487,8,0,0,66.6,0,0,4,1.7,25.0,1,0.0,0,238,4,0
Maurice Alexander,8745,LB,BUF,2,0,0,4,53.8,0,0,4,12.9,0.0,0,0,0.0,0,31,4,0,0,53.8,0,0,4,22.2,0.0,0,0.0,0,18,4,0
DaQuan Jones,8747,DI,TEN,19,3,0,31,66.6,3,23,415,96.3,8.9,37,0,3.6,2,459,442,28,3,71.2,1,13,158,100.0,12.7,20,5.7,2,167,167,16
Aaron Colvin,8749,CB,WAS,5,0,1,32,56.8,0,0,0,0.7,,0,1,,0,141,1,0,0,56.8,0,0,0,1.6,,0,,0,61,1,0
Anthony Hitchens,8754,LB,KC,18,0,0,16,58.5,3,2,51,12.0,5.9,3,1,8.8,2,449,54,7,0,56.2,0,1,18,13.2,5.6,1,8.3,1,151,20,2
Walt Aikens,8760,S,MIA,6,0,0,17,52.6,0,0,6,11.8,0.0,0,0,0.0,0,51,6,0,0,55.1,0,0,2,12.5,0.0,0,0.0,0,16,2,0
Tre Boston,8763,S,CAR,16,0,0,5,74.0,1,1,4,0.6,0.0,0,5,25.0,0,673,4,2,0,74.4,1,1,3,0.9,0.0,0,33.3,0,321,3,2
Kevin Pierre-Louis,8767,LB,CHI,6,1,0,6,86.1,2,6,25,18.1,32.0,8,0,16.0,0,144,26,8,0,73.9,1,2,10,14.5,30.0,3,15.0,0,69,10,3
Nevin Lawson,8768,CB,OAK,10,0,0,23,49.5,1,0,5,2.3,0.0,0,4,10.0,0,220,5,1,0,50.6,1,0,4,3.4,0.0,0,12.5,0,119,4,1
Brent Urban,8769,DI,CHI,13,3,1,6,55.5,1,4,103,100.0,2.9,3,1,2.4,0,108,108,5,1,60.0,1,1,25,100.0,8.0,2,4.0,0,27,27,2
Ricardo Allen,8782,S,ATL,16,0,0,2,60.6,0,2,8,1.4,0.0,0,2,12.5,0,585,8,2,0,56.5,0,0,2,0.9,0.0,0,0.0,0,217,2,0
Aaron Lynch,8785,ED,CHI,16,2,1,6,62.9,7,14,139,88.0,13.7,19,7,9.0,2,166,146,23,1,62.0,6,9,80,95.5,17.5,14,9.4,0,89,85,15
Caraun Reid,8793,DI,ARZ,3,0,0,1,58.4,1,5,76,98.8,10.5,8,1,3.9,0,81,80,6,0,64.2,0,3,24,100.0,25.0,6,6.3,0,27,27,3
Chris Smith,8794,ED,CLV,9,1,0,8,49.3,1,5,88,96.9,5.7,5,0,3.4,0,98,95,6,1,54.3,0,4,42,94.1,9.5,4,4.8,0,51,48,4
Devon Kennard,8809,ED,DET,16,0,0,11,58.4,9,27,404,74.6,13.1,53,0,6.2,7,578,431,43,0,62.9,1,24,204,90.1,17.2,35,7.6,3,243,219,28
Dan McCullers,8849,DI,PIT,15,1,1,25,63.1,0,5,55,100.0,9.1,5,2,4.5,0,60,60,5,1,66.6,0,3,21,100.0,14.3,3,7.1,0,23,23,3
T.J. Carrie,8853,CB,CLV,15,0,2,8,70.0,1,6,38,9.2,10.5,4,3,11.8,1,447,41,8,0,72.8,1,5,21,9.7,19.0,4,19.0,1,226,22,7
Shamar Stephen,8854,DI,MIN,17,2,0,18,53.2,1,4,334,100.0,3.0,10,3,1.0,1,350,350,6,1,59.1,1,4,100,100.0,7.0,7,3.5,1,108,108,6
Beau Allen,8858,DI,TB,13,0,0,30,61.1,0,3,92,99.0,4.3,4,0,2.7,1,96,95,4,0,53.4,0,1,28,96.6,3.6,1,1.8,0,29,28,1
Shelby Harris,8869,DI,DEN,16,8,0,10,73.1,0,22,328,99.7,7.9,26,1,5.2,6,347,346,28,6,79.3,0,12,130,99.3,10.0,13,7.7,4,142,141,16
Corey Nelson,8876,LB,DEN,4,0,0,10,63.2,0,0,6,13.0,16.7,1,0,0.0,0,46,6,0,0,59.0,0,0,1,9.1,0.0,0,0.0,0,11,1,0
Kerry Wynn,8938,ED,CIN,2,0,0,7,56.2,0,0,4,80.0,0.0,0,0,0.0,0,5,4,0,0,,0,0,0,,,0,,0,0,0,0
Jamie Meder,8940,DI,DET,1,0,0,11,54.2,0,1,9,100.0,11.1,1,0,5.6,0,10,10,1,0,56.8,0,0,2,100.0,0.0,0,0.0,0,3,3,0
Denico Autry,8982,DI,IND,14,2,0,14,68.0,6,20,397,99.1,9.1,36,0,4.3,4,428,424,30,2,74.1,4,14,190,99.5,13.2,25,6.3,3,206,205,21
Shaquil Barrett,9000,ED,TB,16,0,1,30,82.0,18,44,538,91.2,17.5,94,11,9.5,20,636,580,82,0,85.2,8,29,275,95.8,20.4,56,11.8,14,309,296,51
Josh Mauro,9003,ED,OAK,13,1,0,23,49.2,0,0,120,97.8,1.7,2,1,0.0,0,134,131,0,0,45.7,0,0,27,97.1,0.0,0,0.0,0,35,34,0
Todd Davis,9007,LB,DEN,14,0,0,10,49.7,1,7,28,5.7,28.6,8,1,14.3,0,557,32,8,0,54.3,1,4,19,8.2,26.3,5,13.2,0,269,22,5
Christian Jones,9020,LB,DET,13,3,1,11,58.4,2,8,118,35.8,12.7,15,1,5.9,2,352,126,12,3,53.7,0,1,62,49.6,8.1,5,2.4,1,133,66,2
Malcolm Butler,9040,CB,TEN,9,0,0,31,80.9,0,3,5,1.3,20.0,1,5,30.0,0,380,5,3,0,91.6,0,1,2,1.2,50.0,1,25.0,0,173,2,1
Kerry Hyder,9045,ED,DAL,16,0,0,9,61.9,4,21,270,100.0,11.1,30,0,5.4,2,289,289,27,0,66.4,3,9,109,100.0,16.5,18,7.3,2,116,116,14
Adarius Taylor,9074,LB,CLV,4,0,0,8,55.0,0,0,5,23.8,0.0,0,0,0.0,0,21,5,0,0,,0,0,0,0.0,,0,,0,4,0,0
Adrian Phillips,9177,S,LAC,7,0,0,27,52.8,0,1,4,2.2,25.0,1,0,12.5,0,184,4,1,0,58.4,0,1,1,1.6,100.0,1,50.0,0,64,1,1
Zach Kerr,9195,DI,ARZ,12,1,0,1,70.3,2,13,157,97.7,12.1,19,4,4.8,0,175,171,15,0,71.2,2,6,51,100.0,15.7,8,7.8,0,56,56,8
Daniel Sorensen,9253,S,KC,19,1,0,16,57.7,2,6,53,10.1,1.9,1,1,7.5,0,554,56,8,0,47.2,0,2,28,10.4,0.0,0,3.6,0,278,29,2
Brandon Dunn,9262,DI,HST,18,0,0,13,53.8,3,6,223,97.2,5.8,13,0,2.5,1,248,241,10,0,54.5,2,2,64,100.0,6.3,4,3.1,0,72,72,4
Joe Thomas,9272,LB,DAL,13,0,0,9,63.8,1,1,12,8.3,16.7,2,0,8.3,0,145,12,2,0,63.6,0,1,4,6.2,25.0,1,12.5,0,65,4,1
Keith Smith,9302,FB,ATL,2,0,0,2,60.0,0,0,2,100.0,0.0,0,0,0.0,0,2,2,0,0,,0,0,0,,,0,,0,0,0,0
Mike Pennel,9316,DI,KC,11,0,0,16,56.9,2,5,108,97.5,8.3,9,0,4.2,1,119,116,8,0,55.7,1,2,33,97.4,9.1,3,4.5,0,39,38,3
K'Waun Williams,9332,CB,SF,18,0,1,28,81.4,2,3,33,6.7,15.2,5,3,16.7,3,504,34,8,0,74.0,0,2,16,7.1,12.5,2,18.8,2,241,17,4
Jayrone Elliott,9336,ED,PIT,4,0,0,25,58.3,0,2,11,91.7,9.1,1,0,9.1,0,12,11,2,0,66.8,0,1,3,100.0,33.3,1,16.7,0,3,3,1
Dante Fowler Jr.,9436,ED,LA,16,5,2,26,73.3,3,49,478,89.8,13.4,64,7,8.6,15,567,509,67,0,78.9,2,29,218,96.0,22.0,48,12.2,11,247,237,42
Leonard Williams,9439,DI,NYG,15,2,1,21,66.2,19,28,424,99.4,12.5,53,6,5.8,1,469,466,48,1,69.3,15,19,197,100.0,16.8,33,8.6,0,217,217,34
Vic Beasley Jr.,9441,ED,ATL,16,1,4,2,62.3,3,24,378,83.1,9.5,36,7,6.0,9,480,399,36,0,59.5,2,11,152,90.2,12.5,19,7.6,5,184,166,18
Danny Shelton,9445,DI,NE,17,0,0,19,73.3,3,12,233,99.6,11.6,27,2,4.5,3,251,250,18,0,74.3,0,5,81,100.0,12.3,10,4.3,1,87,87,6
Kevin Johnson,9449,CB,BUF,16,0,1,4,56.9,0,1,9,3.1,11.1,1,3,16.7,1,286,9,2,0,60.2,0,1,6,3.8,16.7,1,25.0,1,157,6,2
Arik Armstead,9450,ED,SF,19,1,1,28,75.1,10,50,553,99.3,17.2,95,2,7.8,13,597,593,73,1,76.7,7,27,240,99.2,22.5,54,11.3,10,265,263,44
Marcus Peters,9451,CB,BLT,17,0,0,3,53.4,0,0,3,0.5,0.0,0,2,0.0,0,644,3,0,0,58.7,0,0,1,0.3,0.0,0,0.0,0,304,1,0
Bud Dupree,9455,ED,PIT,16,1,0,25,76.3,8,30,507,91.9,12.6,64,5,6.3,13,590,542,51,0,86.0,3,20,246,94.1,18.3,45,8.7,10,286,269,33
Shaq Thompson,9458,LB,CAR,14,0,0,5,70.9,1,8,56,11.1,21.4,12,1,13.4,3,602,67,12,0,71.0,0,5,28,11.5,28.6,8,16.1,2,296,34,7
Byron Jones,9460,CB,DAL,15,0,0,9,56.6,0,0,2,0.3,0.0,0,3,0.0,0,581,2,0,0,59.7,0,0,1,0.4,0.0,0,0.0,0,264,1,0
Damarious Randall,9463,S,CLV,11,0,0,8,69.9,0,0,20,4.8,5.0,1,2,15.0,3,414,20,3,0,74.2,0,0,10,5.3,0.0,0,30.0,3,187,10,3
Stephone Anthony,9464,LB,NO,2,0,0,20,55.1,0,0,5,38.5,0.0,0,0,0.0,0,13,5,0,0,59.1,0,0,1,33.3,0.0,0,0.0,0,3,1,0
Malcom Brown,9465,DI,NO,17,1,0,20,63.6,2,12,274,97.4,9.5,26,0,3.6,3,309,301,17,0,64.6,2,7,98,100.0,14.3,14,5.6,1,107,107,10
Landon Collins,9466,S,WAS,15,0,1,32,78.1,2,6,33,5.8,27.3,9,3,15.2,1,608,35,9,0,61.3,1,1,11,4.7,18.2,2,9.1,0,233,11,2
Mario Edwards Jr.,9468,ED,NO,15,0,0,20,70.7,0,12,173,100.0,11.0,19,0,5.2,3,185,185,15,0,61.6,0,5,53,100.0,18.9,10,6.6,1,58,58,6
Preston Smith,9471,ED,GB,18,3,0,12,73.3,12,35,431,75.5,15.1,65,3,8.9,15,604,456,62,1,81.7,7,24,223,82.9,22.0,49,12.8,13,280,232,44
Eddie Goldman,9472,DI,CHI,15,0,0,6,67.1,1,13,255,99.6,8.6,22,2,3.1,1,276,275,15,0,72.9,1,7,98,100.0,14.3,14,5.1,1,103,103,9
Benardrick McKinney,9476,LB,HST,16,3,0,13,63.1,3,12,131,22.5,10.7,14,1,7.3,2,636,143,17,2,58.1,2,6,84,31.9,10.7,9,6.0,1,285,91,9
Eric Kendricks,9478,LB,MIN,17,0,0,18,64.8,1,15,74,12.1,17.6,13,0,12.2,1,669,81,17,0,74.4,1,9,33,13.9,27.3,9,18.2,1,274,38,11
Jaquiski Tartt,9479,S,SF,15,0,0,28,61.8,0,4,18,3.9,16.7,3,0,22.2,2,543,21,6,0,60.0,0,0,0,0.4,,0,,0,225,1,0
Eric Rowe,9480,CB,MIA,16,0,1,17,56.2,0,1,13,2.3,0.0,0,8,3.8,0,604,14,1,0,55.5,0,0,1,0.9,0.0,0,0.0,0,215,2,0
Denzel Perryman,9481,LB,LAC,12,0,0,27,50.1,0,0,4,3.6,0.0,0,1,0.0,0,165,6,0,0,55.0,0,0,0,3.9,,0,,0,51,2,0
Ronald Darby,9483,CB,PHI,11,0,0,24,57.3,0,0,2,0.6,0.0,0,0,0.0,0,345,2,0,0,58.7,0,0,1,0.7,0.0,0,0.0,0,151,1,0
Nate Orchard,9484,ED,WAS,5,1,0,32,61.6,1,4,68,88.5,8.8,6,0,5.1,1,78,69,6,0,58.2,0,3,34,92.1,8.8,3,7.4,1,38,35,4
Jordan Phillips,9485,DI,BUF,17,0,1,4,60.6,6,13,343,99.2,9.0,31,10,5.7,10,365,362,29,0,59.4,4,8,160,100.0,10.6,17,8.8,8,168,168,20
Markus Golden,9491,ED,NYG,16,0,0,21,63.0,15,37,477,91.1,12.8,61,6,8.0,12,559,509,64,0,67.3,6,23,189,94.1,19.0,36,13.0,10,220,207,39
Frank Clark,9496,ED,KC,17,2,3,16,64.3,11,40,517,96.0,14.7,76,8,7.4,13,580,557,64,2,75.3,8,23,256,98.9,21.1,54,10.7,12,276,273,43
P.J. Williams,9511,CB,NO,15,1,0,20,86.2,1,4,38,7.4,7.9,3,4,9.2,1,582,43,6,0,74.0,0,3,21,8.2,9.5,2,11.9,1,281,23,4
Jordan Hicks,9517,LB,ARZ,16,0,1,1,67.7,5,9,91,13.4,8.8,8,5,9.9,2,710,95,16,0,80.8,3,3,37,14.1,16.2,6,13.5,2,291,41,8
Danielle Hunter,9521,ED,MIN,18,1,0,18,84.5,13,66,583,98.2,18.0,105,1,9.9,18,627,616,97,0,90.4,10,36,236,98.1,28.8,68,14.8,12,260,255,58
Carl Davis,9523,DI,JAX,3,0,0,15,51.9,0,0,16,89.5,0.0,0,0,0.0,0,19,17,0,0,55.4,0,0,3,100.0,0.0,0,0.0,0,4,4,0
Henry Anderson,9526,DI,NYJ,13,0,0,22,55.1,8,8,275,97.0,9.5,26,1,3.6,2,303,294,18,0,58.2,4,7,137,98.6,12.4,17,4.7,1,145,143,12
Steven Nelson,9531,CB,PIT,15,0,1,25,59.0,0,0,1,0.2,0.0,0,3,0.0,0,585,1,0,0,59.0,0,0,1,0.4,0.0,0,0.0,0,268,1,0
Angelo Blackson,9533,DI,HST,17,0,1,13,55.6,2,7,249,100.0,6.4,16,2,1.8,0,264,264,9,0,62.4,1,5,86,100.0,14.0,12,3.5,0,91,91,6
Trey Flowers,9534,ED,DET,15,0,0,11,78.6,14,41,423,95.3,20.8,88,6,8.2,7,468,446,62,0,72.2,7,21,195,98.1,24.6,48,10.3,6,211,207,34
Clayton Geathers,9542,S,IND,14,0,0,14,64.7,0,0,4,1.6,25.0,1,1,0.0,0,316,5,0,0,66.9,0,0,1,0.8,100.0,1,0.0,0,124,1,0
Ibraheim Campbell,9548,S,GB,9,0,0,12,50.5,0,1,10,7.6,10.0,1,0,5.0,0,132,10,1,0,52.7,0,0,4,8.0,0.0,0,0.0,0,50,4,0
Rodney Gunter,9549,DI,ARZ,13,0,0,1,65.9,5,24,335,99.7,11.3,38,3,5.8,5,358,357,34,0,69.3,3,16,133,100.0,17.3,23,8.6,2,144,144,21
Blake Bell,9550,TE,KC,1,0,2,16,60.0,0,0,1,100.0,0.0,0,3,0.0,0,1,1,0,0,,0,0,0,,,0,,0,0,0,0
Za'Darius Smith,9555,ED,GB,18,0,1,12,88.8,24,63,562,98.0,21.5,121,7,10.9,18,606,594,105,0,87.7,13,36,261,98.6,26.1,68,14.0,12,276,272,61
Kwon Alexander,9557,LB,SF,11,0,0,28,54.6,0,2,24,8.9,12.5,3,1,8.3,1,269,24,3,0,60.8,0,2,11,9.6,27.3,3,18.2,1,115,11,3
Damien Wilson,9560,LB,KC,19,0,0,16,57.4,2,7,76,17.7,9.2,7,2,8.6,2,440,78,11,0,54.0,1,2,24,18.5,8.3,2,6.3,0,130,24,3
Grady Jarrett,9570,DI,ATL,16,0,1,2,86.5,9,29,459,99.6,15.0,69,4,5.9,8,493,491,46,0,79.1,4,14,168,100.0,17.3,29,7.7,4,185,185,22
Adrian Amos,9575,S,GB,18,0,0,12,63.3,1,6,27,4.2,11.1,3,0,16.7,1,697,29,8,0,68.1,1,2,14,5.0,7.1,1,17.9,1,318,16,4
Bobby McCain,9578,S,MIA,9,0,1,17,54.0,0,1,15,5.0,6.7,1,2,3.3,0,301,15,1,0,59.5,0,1,6,5.8,16.7,1,8.3,0,104,6,1
Tyeler Davison,9587,DI,ATL,16,0,0,2,63.7,1,10,240,98.5,7.5,18,3,2.7,1,261,257,12,0,66.2,0,3,49,100.0,14.3,7,3.1,0,56,56,3
David Mayo,9602,LB,NYG,13,0,0,21,64.1,0,6,39,12.2,12.8,5,0,10.3,1,327,40,7,0,68.1,0,3,11,13.1,27.3,3,13.6,0,84,11,3
Quandre Diggs,9633,S,SEA,12,0,0,29,58.5,0,0,2,0.4,0.0,0,1,0.0,0,464,2,0,0,59.1,0,0,1,0.5,0.0,0,0.0,0,202,1,0
Anthony Chickillo,9645,ED,PIT,11,0,0,25,55.6,1,2,55,88.1,9.1,5,0,4.5,1,67,59,4,0,54.5,0,1,25,96.6,8.0,2,6.0,1,29,28,2
Christian Covington,9649,DI,DAL,16,1,0,9,54.8,2,15,252,97.8,7.9,20,1,3.8,1,276,270,18,1,61.8,1,9,96,100.0,13.5,13,6.3,1,102,102,11
Rakeem Nunez-Roches,9650,DI,TB,16,0,0,30,62.1,2,5,166,98.9,7.2,12,3,2.1,0,182,180,7,0,67.2,2,3,71,100.0,11.3,8,3.5,0,76,76,5
Bryce Hager,9657,LB,LA,4,0,0,26,68.6,0,1,2,5.9,0.0,0,0,25.0,0,34,2,1,0,,0,0,0,0.0,,0,,0,9,0,0
Darryl Roberts,9680,CB,NYJ,11,0,1,22,64.1,1,1,5,1.1,0.0,0,7,20.0,0,441,5,2,0,56.0,0,1,4,2.0,0.0,0,12.5,0,197,4,1
Akeem King,9682,S,SEA,10,0,0,29,61.6,1,0,6,3.3,0.0,0,0,8.3,0,181,6,1,0,64.1,1,0,5,6.1,0.0,0,10.0,0,82,5,1
Jermaine Whitehead,9698,S,CLV,8,0,1,8,51.5,2,4,25,9.9,4.0,1,3,12.0,0,284,28,6,0,55.9,0,1,8,10.5,0.0,0,6.3,0,95,10,1
Xavier Williams,9809,DI,KC,7,0,0,16,62.3,0,5,75,98.7,9.3,7,4,3.3,0,79,78,5,0,75.6,0,3,22,100.0,22.7,5,6.8,0,23,23,3
Neville Hewitt,9836,LB,NYJ,12,1,0,22,72.3,5,8,73,16.3,19.2,14,2,13.0,3,484,79,16,0,75.8,4,7,44,21.3,27.3,12,17.0,2,221,47,13
Troy Hill,9881,CB,LA,13,0,0,26,91.6,1,0,1,0.3,100.0,1,2,150.0,1,328,1,2,0,91.6,1,0,1,0.7,100.0,1,150.0,1,151,1,2
Justin Coleman,9892,CB,DET,16,0,2,11,92.8,1,5,16,2.7,31.3,5,7,18.8,0,628,17,6,0,93.1,1,3,12,4.6,41.7,5,16.7,0,284,13,4
Anthony Harris,9895,S,MIN,16,0,0,18,67.5,1,2,12,2.0,25.0,3,3,12.5,0,653,13,3,0,57.5,1,2,6,2.2,33.3,2,25.0,0,268,6,3
James Vaughters,9934,ED,CHI,3,0,0,6,51.8,0,0,8,76.9,0.0,0,0,0.0,0,13,10,0,0,53.2,0,0,3,100.0,0.0,0,0.0,0,4,4,0
Dean Marlowe,9966,S,BUF,8,0,0,4,75.5,0,1,7,12.1,14.3,1,1,7.1,0,66,8,1,0,89.0,0,0,1,6.7,100.0,1,0.0,0,30,2,0
Olsen Pierre,10010,DI,OAK,9,0,0,23,51.3,0,6,107,100.0,7.5,8,0,4.7,2,111,111,8,0,55.8,0,6,51,100.0,13.7,7,7.8,1,53,53,7
Justin March-Lillard,10065,LB,DAL,3,0,0,9,58.9,0,0,3,9.1,0.0,0,0,0.0,0,33,3,0,0,60.0,0,0,1,5.9,0.0,0,0.0,0,17,1,0
Quinton Dunbar,10073,CB,WAS,11,0,0,32,58.6,0,0,1,0.3,0.0,0,1,0.0,0,368,1,0,0,58.6,0,0,1,0.7,0.0,0,0.0,0,141,1,0
Curtis Riley,10109,S,OAK,10,0,0,23,53.6,0,2,5,3.8,0.0,0,1,20.0,0,184,7,2,0,58.5,0,0,0,1.0,,0,,0,97,1,0
Nick Dzubnar,10127,LB,LAC,2,0,0,27,60.0,0,0,2,100.0,0.0,0,0,0.0,0,2,2,0,0,,0,0,0,,,0,,0,0,0,0
Tyrell Adams,10140,LB,HST,2,0,0,13,51.6,0,3,6,11.8,0.0,0,0,25.0,0,51,6,3,0,,0,0,0,0.0,,0,,0,18,0,0
T.Y. McGill,10156,DI,LAC,3,0,0,27,63.6,0,1,8,88.9,25.0,2,0,6.3,0,9,8,1,0,56.1,0,1,3,100.0,33.3,1,16.7,0,3,3,1
Efe Obada,10235,ED,CAR,16,1,0,5,64.3,4,6,158,100.0,8.2,13,1,3.2,0,170,170,10,0,63.0,1,3,60,100.0,10.0,6,3.3,0,67,67,4
Erik Harris,10346,S,OAK,15,0,0,23,50.6,0,1,11,2.0,0.0,0,3,4.5,0,558,11,1,0,54.2,0,0,3,1.2,0.0,0,0.0,0,256,3,0
Joey Bosa,10637,ED,LAC,16,0,1,27,90.3,17,43,459,99.8,22.9,105,5,9.2,12,491,490,72,0,90.2,8,26,173,100.0,33.5,58,16.2,11,193,193,45
DeForest Buckner,10641,DI,SF,19,2,0,28,77.3,9,46,583,99.8,13.2,77,3,6.6,11,623,622,66,1,86.4,9,39,254,100.0,23.2,59,13.0,9,277,277,57
Leonard Floyd,10643,ED,CHI,16,1,0,6,61.4,9,27,409,77.8,12.0,49,3,5.1,3,568,442,39,0,65.8,5,21,197,83.5,17.3,34,7.6,2,260,217,28
Eli Apple,10644,CB,NO,15,0,1,20,71.9,1,0,1,0.2,0.0,0,9,50.0,0,647,1,1,0,,0,0,0,0.0,,0,,0,283,0,0
Vernon Hargreaves III,10645,CB,HST,17,0,2,13,71.6,2,1,6,1.1,33.3,2,4,25.0,0,661,7,3,0,67.9,1,0,4,1.5,25.0,1,12.5,0,334,5,1
Sheldon Rankins,10646,DI,NO,10,0,0,20,61.1,3,17,220,97.5,12.3,27,1,5.5,2,238,232,22,0,65.5,2,12,106,100.0,17.0,18,8.5,2,111,111,16
Karl Joseph,10648,S,OAK,9,0,0,23,71.3,2,2,10,3.4,30.0,3,2,20.0,0,355,12,4,0,67.2,1,0,3,2.5,0.0,0,16.7,0,160,4,1
Keanu Neal,10651,S,ATL,3,0,0,2,86.7,1,0,2,3.2,0.0,0,3,25.0,0,94,3,1,0,,0,0,0,0.0,,0,,0,36,0,0
Shaq Lawson,10653,ED,BUF,16,1,0,4,68.6,14,19,282,96.1,14.9,42,3,8.3,7,310,298,40,1,74.4,8,13,115,93.2,24.3,28,13.5,5,133,124,26
Darron Lee,10654,LB,KC,9,0,0,16,64.1,0,1,14,17.1,14.3,2,0,3.6,0,82,14,1,0,72.2,0,1,5,23.8,40.0,2,10.0,0,21,5,1
William Jackson III,10658,CB,CIN,14,0,1,7,55.0,0,0,2,0.4,0.0,0,2,0.0,0,456,2,0,0,60.0,0,0,1,0.5,0.0,0,0.0,0,200,1,0
Kenny Clark,10661,DI,GB,18,0,1,12,87.2,2,58,547,98.3,15.9,87,7,7.1,9,590,580,69,0,90.4,2,33,249,100.0,20.9,52,10.2,8,260,260,43
Robert Nkemdiche,10663,DI,MIA,2,0,0,17,57.2,0,0,4,100.0,0.0,0,0,0.0,0,4,4,0,0,,0,0,0,,,0,,0,0,0,0
Vernon Butler,10664,DI,CAR,14,0,0,5,60.7,4,6,225,100.0,7.1,16,2,4.9,6,242,242,16,0,65.3,2,3,98,100.0,9.2,9,7.7,5,103,103,10
Emmanuel Ogbah,10666,ED,KC,10,3,0,16,62.6,4,17,236,96.5,12.7,30,0,7.0,6,260,251,27,1,62.7,4,9,119,96.9,17.6,21,8.8,4,127,123,17
Jaylon Smith,10668,LB,DAL,16,1,0,9,68.3,0,8,65,11.9,18.5,12,5,12.3,4,632,75,12,0,69.3,0,3,39,16.7,17.9,7,11.5,3,282,47,6
Myles Jack,10670,LB,JAX,11,0,3,15,62.1,1,3,38,11.5,15.8,6,8,7.9,1,375,43,5,0,63.6,1,0,17,12.0,11.8,2,8.8,1,166,20,2
Chris Jones,10671,DI,KC,15,5,0,16,90.4,15,40,447,98.6,17.4,78,7,8.2,9,487,480,64,3,90.8,9,30,223,100.0,23.8,53,11.9,7,239,239,46
Xavien Howard,10672,CB,MIA,5,0,3,17,60.0,0,1,1,0.6,100.0,1,5,50.0,0,162,1,1,0,60.0,0,1,1,1.8,100.0,1,50.0,0,57,1,1
Noah Spence,10673,ED,NO,7,0,0,20,68.1,1,0,35,95.1,14.3,5,0,4.3,1,41,39,2,0,81.7,1,0,15,100.0,33.3,5,10.0,1,17,17,2
Reggie Ragland,10675,LB,KC,17,0,0,16,54.7,1,12,85,48.9,18.8,16,0,10.0,2,186,91,15,0,55.3,0,7,45,68.1,22.2,10,12.2,2,69,47,9
Kamalei Correa,10676,ED,TEN,19,0,0,31,55.4,1,16,240,74.3,7.5,18,3,6.0,6,343,255,23,0,44.7,1,3,95,85.1,3.2,3,3.2,1,121,103,5
Austin Johnson,10677,DI,TEN,19,1,0,31,51.2,2,6,183,99.0,6.0,11,0,2.2,0,198,196,8,0,50.6,1,2,50,100.0,8.0,4,3.0,0,55,55,3
Jihad Ward,10678,DI,BLT,15,1,0,3,53.1,5,19,269,95.4,8.9,24,0,4.8,1,305,291,25,0,56.9,4,15,135,95.5,14.1,19,7.8,1,154,147,20
A'Shawn Robinson,10680,DI,DET,13,2,0,11,50.5,0,10,269,100.0,3.7,10,1,2.6,2,291,291,12,2,55.4,0,4,97,100.0,2.1,2,2.1,0,103,103,4
Jarran Reed,10683,DI,SEA,12,1,1,29,53.9,7,15,349,98.4,6.0,21,2,4.3,4,375,369,26,1,59.9,3,13,163,98.3,10.4,17,7.4,4,178,175,20
Deion Jones,10686,LB,ATL,16,0,0,2,69.6,4,5,42,7.7,16.7,7,0,10.7,0,584,45,9,0,87.5,3,2,13,7.4,30.8,4,19.2,0,216,16,5
Mackensie Alexander,10688,CB,MIN,13,0,0,18,73.5,1,0,6,1.5,0.0,0,0,25.0,1,392,6,2,0,76.1,1,0,5,2.8,0.0,0,30.0,1,181,5,2
Vonn Bell,10695,S,NO,14,1,3,20,83.7,3,5,38,6.3,21.1,8,6,18.4,3,640,40,11,0,90.1,3,2,16,6.2,37.5,6,28.1,2,273,17,7
James Bradberry,10696,CB,CAR,15,0,2,5,75.0,0,3,2,0.5,100.0,2,6,125.0,1,618,3,4,0,,0,0,0,0.0,,0,,0,294,0,0
Adam Gotsis,10697,DI,DEN,9,2,0,10,48.0,0,4,122,100.0,4.1,5,0,1.6,0,127,127,4,2,50.2,0,3,43,100.0,7.0,3,3.5,0,47,47,3
Kevin Byard,10698,S,TEN,19,0,0,31,60.1,0,2,17,2.1,5.9,1,2,5.9,0,867,18,2,0,58.7,0,2,6,1.6,16.7,1,16.7,0,366,6,2
Carl Nassib,10699,ED,TB,14,0,0,30,62.9,6,24,366,89.0,11.7,43,3,5.7,6,437,389,36,0,71.7,3,18,185,93.3,17.8,33,8.4,5,209,195,26
Maliek Collins,10701,DI,DAL,16,0,1,9,77.6,8,36,457,100.0,12.9,59,7,5.7,4,492,492,48,0,79.3,5,24,220,100.0,18.2,40,8.4,4,239,239,33
Will Redmond,10702,S,GB,11,0,0,12,51.9,0,0,6,3.3,0.0,0,1,0.0,0,182,6,0,0,53.1,0,0,3,3.0,0.0,0,0.0,0,100,3,0
Yannick Ngakoue,10703,ED,JAX,15,4,0,15,77.5,11,32,456,97.0,12.9,59,4,6.5,8,503,488,51,0,72.7,4,22,208,97.4,17.3,36,8.7,5,234,228,31
Bronson Kaufusi,10704,ED,NYJ,3,0,0,22,53.1,0,1,37,97.6,5.4,2,0,4.1,1,41,40,2,0,54.8,0,0,14,93.3,7.1,1,7.1,1,15,14,1
Darian Thompson,10705,S,DAL,11,0,0,9,79.4,0,0,6,2.3,0.0,0,2,33.3,2,257,6,2,0,85.4,0,0,4,3.5,0.0,0,50.0,2,114,4,2
Jonathan Bullard,10706,DI,ARZ,9,0,1,1,59.8,5,3,162,99.4,6.8,11,2,3.7,2,168,167,10,0,61.5,4,2,60,100.0,13.3,8,6.7,1,63,63,7
Shilique Calhoun,10709,ED,NE,16,0,0,19,58.9,4,12,189,96.7,12.2,23,3,4.2,0,215,208,16,0,62.4,3,10,107,96.7,16.8,18,6.1,0,123,119,13
Daryl Worley,10711,CB,OAK,15,0,2,23,67.4,0,1,3,0.5,0.0,0,4,16.7,0,580,3,1,0,55.6,0,0,2,0.8,0.0,0,0.0,0,266,2,0
Jordan Jenkins,10717,ED,NYJ,14,2,1,22,67.4,6,18,320,86.9,13.1,42,2,6.3,8,388,337,32,1,69.6,5,15,162,89.1,16.0,26,9.9,6,192,171,26
Kendall Fuller,10718,CB,KC,14,0,1,16,78.0,2,4,25,5.6,0.0,0,3,16.0,1,465,26,7,0,83.4,1,2,7,3.0,0.0,0,35.7,1,235,7,4
Nick Vigil,10721,LB,CIN,16,1,0,7,54.4,3,7,73,14.4,6.8,5,2,6.8,0,535,77,10,0,50.4,1,3,30,13.3,6.7,2,6.7,0,241,32,4
Kyler Fackrell,10722,ED,GB,18,0,0,12,58.6,7,17,223,72.2,13.0,29,1,6.3,2,320,231,26,0,56.0,2,14,142,85.8,15.5,22,7.0,2,169,145,18
Javon Hargrave,10723,DI,PIT,16,0,0,25,76.9,2,43,345,100.0,17.1,59,1,7.7,4,373,373,49,0,83.4,1,33,160,100.0,26.9,43,12.5,3,178,178,37
Justin Simmons,10732,S,DEN,16,0,0,10,53.8,0,0,2,0.5,0.0,0,1,0.0,0,642,3,0,0,55.5,0,0,1,0.7,0.0,0,0.0,0,301,2,0
Joe Schobert,10733,LB,CLV,16,0,0,8,62.3,2,8,60,10.1,13.3,8,0,11.7,2,615,62,12,0,67.8,2,4,30,11.8,20.0,6,16.7,2,272,32,8
Sheldon Day,10737,DI,SF,19,0,0,28,54.9,1,5,206,100.0,3.4,7,1,1.9,1,220,220,7,0,55.1,0,2,48,100.0,6.3,3,4.2,1,50,50,3
Eric Murray,10740,CB,CLV,8,0,1,8,62.3,0,4,21,10.0,4.8,1,4,14.3,1,219,22,5,0,69.8,0,1,6,7.1,16.7,1,25.0,1,84,6,2
B.J. Goodson,10743,LB,GB,15,0,0,12,58.9,0,3,11,9.2,18.2,2,0,13.6,0,119,11,3,0,41.0,0,2,4,10.8,0.0,0,25.0,0,37,4,2
Miles Killebrew,10745,LB,DET,4,0,0,11,52.6,0,1,6,9.7,16.7,1,0,8.3,0,62,6,1,0,58.7,0,1,1,4.3,100.0,1,50.0,0,23,1,1
Nick Kwiatkoski,10747,LB,CHI,10,0,0,6,81.8,0,10,37,12.1,21.6,8,1,21.6,3,321,39,13,0,89.5,0,6,20,14.2,30.0,6,30.0,3,155,22,9
De'Vondre Campbell,10749,LB,ATL,16,1,2,2,55.3,1,6,92,18.8,8.7,8,4,6.0,2,544,102,9,0,60.5,0,2,31,20.5,12.9,4,9.7,2,190,39,4
Hassan Ridgeway,10750,DI,PHI,7,0,0,24,63.4,2,4,131,95.9,7.6,10,1,3.8,2,147,141,8,0,66.6,2,2,31,95.0,19.4,6,9.7,1,40,38,5
Juston Burris,10752,S,CLV,12,1,0,8,76.3,1,3,27,13.2,14.8,4,1,11.1,1,228,30,5,0,76.6,0,3,11,10.9,36.4,4,22.7,1,110,12,4
David Onyemata,10754,DI,NO,16,0,0,20,61.7,7,22,374,98.3,9.4,35,4,4.4,2,416,409,31,0,66.5,6,12,165,99.4,13.3,22,6.7,2,181,180,20
Andrew Billings,10756,DI,CIN,16,0,1,7,65.3,3,14,276,97.7,8.0,22,3,3.8,2,298,291,19,0,60.7,0,5,89,100.0,9.0,8,3.9,1,94,94,6
Deon Bush,10758,S,CHI,14,0,0,6,55.5,0,0,2,3.8,0.0,0,0,0.0,0,52,2,0,0,55.5,0,0,2,8.0,0.0,0,0.0,0,25,2,0
Blake Martinez,10765,LB,GB,18,0,0,12,77.5,0,4,32,5.1,15.6,5,1,15.6,3,689,35,7,0,73.8,0,4,21,7.4,19.0,4,14.3,1,312,23,5
Dean Lowry,10771,DI,GB,18,1,0,12,54.3,2,19,333,99.2,5.7,19,1,3.2,0,360,357,21,0,60.0,1,10,116,100.0,9.5,11,4.7,0,123,123,11
Ronald Blair III,10776,ED,SF,9,0,0,28,70.5,0,7,105,98.2,14.3,15,1,6.2,3,114,112,10,0,68.9,0,3,40,100.0,20.0,8,8.8,2,41,41,5
Matthew Judon,10780,ED,BLT,17,0,0,3,77.1,25,28,416,79.9,12.7,53,3,8.8,10,563,450,63,0,86.4,13,21,197,83.0,20.8,41,13.7,10,259,215,44
Quinton Jefferson,10781,DI,SEA,16,3,0,29,63.0,8,30,419,99.3,12.6,53,1,6.0,6,449,446,44,1,64.7,6,24,204,99.5,18.1,37,9.8,5,216,215,35
Matt Ioannidis,10786,DI,WAS,16,1,0,32,76.6,8,38,418,100.0,15.6,65,4,7.7,9,449,449,55,1,84.6,6,22,150,100.0,24.0,36,10.7,2,166,166,30
LeShaun Sims,10791,CB,TEN,9,0,0,31,57.5,0,0,2,0.9,0.0,0,2,0.0,0,233,2,0,0,,0,0,0,0.0,,0,,0,84,0,0
Kentrell Brothers,10794,LB,MIN,5,0,0,18,60.9,0,0,2,3.1,50.0,1,0,50.0,1,64,2,1,0,,0,0,0,0.0,,0,,0,32,0,0
D.J. Reader,10800,DI,HST,17,0,2,13,72.5,11,22,379,99.3,12.7,48,3,5.1,3,412,409,36,0,81.4,4,14,133,100.0,18.0,24,7.5,1,147,147,19
Marqui Christian,10801,S,LA,14,0,1,26,66.2,0,0,5,2.1,0.0,0,1,0.0,0,285,6,0,0,67.7,0,0,4,2.7,0.0,0,0.0,0,150,4,0
Jatavis Brown,10809,LB,LAC,7,0,0,27,66.7,0,0,3,4.2,0.0,0,0,0.0,0,71,3,0,0,69.0,0,0,2,5.7,0.0,0,0.0,0,35,2,0
Devante Bond,10817,ED,CHI,4,0,0,6,47.9,0,1,19,79.2,5.3,1,1,2.6,0,24,19,1,0,48.6,0,1,12,92.3,8.3,1,4.2,0,13,12,1
Anthony Brown,10823,CB,DAL,9,0,0,9,51.4,0,0,7,3.4,0.0,0,2,0.0,0,203,7,0,0,55.2,0,0,2,1.9,0.0,0,0.0,0,104,2,0
Derek Watt,10832,FB,LAC,1,0,0,27,60.0,0,0,1,100.0,0.0,0,0,0.0,0,1,1,0,0,,0,0,0,,,0,,0,0,0,0
Anthony Zettel,10836,ED,SF,8,0,0,28,48.7,0,7,82,97.7,7.3,6,0,4.3,0,86,84,7,0,50.3,0,6,45,100.0,11.1,5,6.7,0,45,45,6
Jordan Lucas,10838,S,KC,12,0,0,16,60.0,1,0,1,3.1,0.0,0,0,50.0,0,32,1,1,0,,0,0,0,0.0,,0,,0,15,0,0
Kamu Grugier-Hill,10842,LB,PHI,10,0,1,24,52.2,1,2,18,11.9,0.0,0,1,8.3,0,160,19,3,0,50.7,0,1,6,13.5,0.0,0,8.3,0,52,7,1
Maurice Canady,10843,CB,NYJ,12,0,1,22,60.0,0,0,1,0.4,0.0,0,3,0.0,0,264,1,0,0,,0,0,0,0.0,,0,,0,113,0,0
Elandon Roberts,10848,LB,NE,15,0,0,19,79.6,1,5,18,22.2,33.3,6,2,22.2,1,90,20,7,0,83.1,0,2,5,15.6,60.0,3,40.0,1,32,5,3
Will Parks,10853,S,DEN,14,0,0,10,68.3,1,3,12,3.2,8.3,1,0,25.0,1,379,12,5,0,78.1,1,1,7,3.6,14.3,1,28.6,1,193,7,3
Stephen Weatherly,10861,ED,MIN,18,0,2,18,54.6,7,19,301,98.1,10.0,30,4,6.0,5,324,318,31,0,52.0,6,10,156,98.2,12.8,20,6.4,2,169,166,18
Jalen Mills,10867,CB,PHI,10,0,1,24,53.9,0,0,3,0.8,0.0,0,5,0.0,0,369,3,0,0,55.6,0,0,2,1.1,0.0,0,0.0,0,178,2,0
Jayron Kearse,10878,CB,MIN,13,0,0,18,71.5,0,1,7,4.0,14.3,1,0,7.1,0,175,7,1,0,68.6,0,0,2,2.6,50.0,1,0.0,0,78,2,0
Clayton Fejedelem,10879,S,CIN,9,0,0,7,51.8,0,1,4,6.3,0.0,0,1,12.5,0,79,5,1,0,52.7,0,1,2,6.3,0.0,0,25.0,0,48,3,1
Joe Walker,10885,LB,ARZ,12,0,0,1,52.9,1,2,26,10.1,11.5,3,1,5.8,0,288,29,3,0,68.7,0,1,7,10.7,42.9,3,7.1,0,84,9,1
Mike Hilton,10898,CB,PIT,16,1,2,25,69.4,3,5,57,13.9,10.5,6,5,10.5,2,438,61,10,0,51.5,0,0,13,6.8,7.7,1,7.7,1,222,15,1
Jarrod Wilson,10902,S,JAX,16,0,0,15,60.7,2,1,25,4.3,4.0,1,0,6.0,0,628,27,3,0,70.5,2,1,11,4.7,9.1,1,13.6,0,275,13,3
Briean Boddy-Calhoun,10903,CB,IND,3,0,0,14,65.9,0,1,6,10.2,33.3,2,0,41.7,2,59,6,3,0,61.5,0,1,2,6.7,50.0,1,75.0,1,30,2,2
Cassanova McKinzy,10938,ED,WAS,3,0,0,32,54.4,0,0,21,88.5,4.8,1,0,4.8,1,26,23,1,0,60.8,0,0,6,77.8,16.7,1,16.7,1,9,7,1
Justin Zimmer,10975,DI,CLV,2,0,0,8,55.0,0,0,8,100.0,0.0,0,0,0.0,0,8,8,0,0,55.9,0,0,4,100.0,0.0,0,0.0,0,4,4,0
Kyle Peko,11027,DI,DEN,6,0,0,10,55.7,0,1,29,100.0,3.4,1,1,1.7,0,32,32,1,0,68.0,0,1,9,100.0,11.1,1,5.6,0,10,10,1
Sharrod Neasman,11050,S,ATL,6,0,0,2,60.0,0,0,1,12.5,0.0,0,0,0.0,0,8,1,0,0,,0,0,0,0.0,,0,,0,1,0,0
Brian Poole,11052,CB,NYJ,14,0,2,22,53.9,5,6,26,5.1,15.4,4,3,21.2,0,526,27,11,0,56.2,2,4,15,6.0,13.3,2,20.0,0,265,16,6
Trevon Coley,11093,DI,IND,6,0,0,14,44.2,0,0,27,87.9,0.0,0,0,0.0,0,33,29,0,0,41.2,0,0,8,100.0,0.0,0,0.0,0,9,9,0
Patrick Onwuasor,11100,LB,BLT,15,0,0,3,49.7,3,4,81,27.9,2.5,2,1,8.0,3,301,84,10,0,50.1,0,3,30,28.7,6.7,2,11.7,2,108,31,5
Michael Pierce,11101,DI,BLT,14,0,0,3,62.4,3,12,282,98.4,7.4,21,2,3.0,1,313,308,16,0,66.1,2,8,102,98.2,10.8,11,5.9,1,114,112,11
Reggie Gilbert,11147,ED,TEN,12,1,0,31,56.3,3,9,182,94.1,8.8,16,0,3.8,1,205,193,13,0,52.3,2,4,82,95.5,9.8,8,3.7,0,89,85,6
Joel Heath,11162,DI,HST,2,0,0,13,52.2,1,0,14,100.0,7.1,1,0,3.6,0,16,16,1,0,55.1,1,0,3,100.0,33.3,1,16.7,0,4,4,1
Brennan Scarlett,11169,ED,HST,17,1,2,13,63.2,4,11,210,75.2,9.5,20,6,5.5,4,290,218,19,0,69.4,3,6,84,77.9,14.3,12,8.9,3,113,88,12
Morgan Fox,11184,DI,LA,16,0,0,26,60.1,1,15,213,99.6,9.9,21,0,4.7,2,225,224,18,0,64.6,1,12,100,100.0,15.0,15,8.5,2,107,107,15
Cory Littleton,11190,LB,LA,16,0,0,26,78.2,0,12,66,10.9,22.7,15,1,15.2,4,631,69,16,0,80.7,0,11,38,14.1,28.9,11,19.7,2,283,40,13
James Burgess,11202,LB,NYJ,10,1,0,22,56.7,0,6,47,12.4,10.6,5,4,8.5,1,427,53,7,0,59.3,0,6,31,17.3,16.1,5,12.9,1,197,34,7
Jonathan Jones,11217,CB,NE,16,0,1,19,57.4,0,0,2,0.4,0.0,0,3,0.0,0,480,2,0,0,60.0,0,0,1,0.4,0.0,0,0.0,0,255,1,0
Cre'Von LeBlanc,11218,CB,PHI,5,0,0,24,50.2,1,0,6,6.1,0.0,0,1,8.3,0,98,6,1,0,56.5,0,0,2,3.8,0.0,0,0.0,0,53,2,0
Mitchell Loewen,11232,DI,NO,1,0,0,20,56.2,0,0,6,100.0,0.0,0,1,0.0,0,7,7,0,0,58.2,0,0,2,100.0,0.0,0,0.0,0,2,2,0
Andrew Adams,11240,S,TB,12,0,1,30,55.5,0,1,11,3.3,0.0,0,4,4.5,0,428,14,1,0,61.7,0,0,3,2.4,0.0,0,0.0,0,209,5,0
Romeo Okwara,11250,ED,DET,14,0,0,11,58.3,7,25,348,94.5,12.1,42,0,5.2,2,398,376,34,0,56.5,2,15,166,96.8,13.3,22,5.7,1,186,180,18
Brandin Bryant,11280,DI,CLV,3,0,0,8,52.5,0,1,19,95.2,0.0,0,0,2.6,0,21,20,1,0,53.9,0,1,9,100.0,0.0,0,5.6,0,9,9,1
Steve Longa,11285,LB,DET,2,0,0,11,54.2,0,0,4,18.2,0.0,0,0,0.0,0,22,4,0,0,,0,0,0,0.0,,0,,0,5,0,0
Kevin Peterson,11302,CB,ARZ,8,0,2,1,49.9,0,1,4,2.1,0.0,0,2,12.5,0,187,4,1,0,58.6,0,0,1,1.2,0.0,0,0.0,0,83,1,0
Rolan Milligan,11303,CB,IND,6,0,0,14,63.5,1,1,13,12.5,7.7,1,0,7.7,0,104,13,2,0,71.5,1,0,3,6.1,0.0,0,16.7,0,49,3,1
Pete Robertson,11317,ED,ARZ,2,0,0,1,55.4,0,0,3,60.0,0.0,0,0,0.0,0,5,3,0,0,56.5,0,0,2,100.0,0.0,0,0.0,0,2,2,0
Antwaun Woods,11332,DI,DAL,10,0,0,9,46.7,1,4,147,98.1,2.7,4,3,1.7,0,158,155,5,0,50.5,0,2,38,100.0,2.6,1,2.6,0,39,39,2
Roy Robertson-Harris,11341,DI,CHI,15,2,0,6,61.8,7,16,308,97.7,10.7,33,1,5.0,4,345,337,27,1,64.6,5,11,155,98.8,14.2,22,7.1,3,173,171,19
Antonio Hamilton,11353,CB,NYG,6,0,1,21,91.5,0,2,2,2.5,100.0,2,2,50.0,0,79,2,2,0,91.5,0,2,2,9.5,100.0,2,50.0,0,21,2,2
Tony McRae,11358,CB,CIN,8,0,0,7,62.6,1,2,6,4.8,0.0,0,0,25.0,0,126,6,3,0,68.7,1,2,4,7.1,0.0,0,37.5,0,56,4,3
Branden Jackson,11394,ED,SEA,17,1,0,29,45.6,1,7,244,97.7,4.1,10,2,2.5,2,265,259,10,1,52.9,1,5,79,97.7,7.6,6,5.1,1,88,86,7
Javien Elliott,11418,CB,CAR,11,0,0,5,69.6,1,2,17,5.4,5.9,1,0,14.7,1,331,18,4,0,63.9,0,1,7,3.8,0.0,0,7.1,0,185,7,1
Myles Garrett,11756,ED,CLV,10,0,2,8,91.6,9,31,300,97.3,25.0,75,7,9.7,9,333,324,49,0,92.2,3,21,128,95.3,33.6,43,14.1,6,148,141,30
Solomon Thomas,11758,ED,SF,19,0,0,28,57.2,4,8,290,98.1,6.9,20,5,3.1,3,317,311,15,0,57.2,4,4,119,99.2,10.9,13,4.2,1,132,131,9
Jamal Adams,11761,S,NYJ,14,1,0,22,90.0,7,11,89,16.1,22.5,20,6,18.0,7,616,99,25,0,80.4,5,7,47,18.2,25.5,12,19.1,3,292,53,15
Marshon Lattimore,11766,CB,NO,15,0,1,20,60.0,0,1,1,0.2,100.0,1,6,50.0,0,596,1,1,0,,0,0,0,0.0,,0,,0,244,0,0
Haason Reddick,11768,LB,ARZ,16,1,0,1,65.0,3,19,123,26.8,12.2,15,1,9.8,1,474,127,23,0,65.8,1,13,58,26.8,20.7,12,13.8,1,224,60,15
Derek Barnett,11769,ED,PHI,15,0,0,24,63.0,15,28,459,97.2,11.8,54,9,6.2,7,504,490,50,0,60.8,8,19,205,95.7,16.6,34,8.5,4,233,223,31
Marlon Humphrey,11771,CB,BLT,17,0,4,3,46.3,1,6,39,6.3,5.1,2,12,9.0,0,651,41,7,0,54.1,1,1,17,6.7,0.0,0,5.9,0,285,19,2
Jonathan Allen,11772,DI,WAS,15,1,0,32,59.4,2,24,379,99.3,10.0,38,2,5.3,7,403,400,33,0,65.7,0,17,138,100.0,15.9,22,8.3,3,148,148,20
Adoree' Jackson,11773,CB,TEN,14,0,0,31,51.1,0,0,5,0.9,0.0,0,2,0.0,0,553,5,0,0,53.9,0,0,3,1.2,0.0,0,0.0,0,243,3,0
Jarrad Davis,11776,LB,DET,11,0,0,11,72.4,3,12,63,16.7,15.9,10,4,15.1,2,402,67,17,0,72.8,3,7,42,25.3,11.9,5,16.7,2,182,46,12
Charles Harris,11777,ED,MIA,14,0,0,17,61.4,6,7,207,96.3,9.7,20,1,3.1,0,240,231,13,0,63.0,4,5,74,97.7,14.9,11,6.1,0,87,85,9
Jabrill Peppers,11780,S,NYG,11,1,1,21,83.9,2,8,26,6.8,23.1,6,3,23.1,1,399,27,11,0,68.8,1,3,12,7.5,25.0,3,25.0,1,161,12,5
Takkarist McKinley,11781,ED,ATL,14,0,0,2,65.5,10,19,279,91.4,14.3,40,0,6.6,4,326,298,33,0,64.9,5,12,99,91.7,20.2,20,10.6,2,120,110,19
Tre'Davious White,11782,CB,BUF,16,0,0,4,67.1,0,1,7,1.1,14.3,1,7,21.4,1,647,7,2,0,82.5,0,1,1,0.3,100.0,1,150.0,1,294,1,2
Taco Charlton,11783,ED,MIA,10,0,0,17,58.3,2,12,216,93.0,9.7,21,1,5.6,5,244,227,19,0,56.1,2,4,92,98.0,10.9,10,6.5,3,99,97,9
T.J. Watt,11785,ED,PIT,16,6,1,25,91.7,19,44,481,90.8,20.4,98,9,10.3,18,563,511,81,0,91.1,7,31,232,93.4,27.2,63,13.8,13,271,253,51
Budda Baker,11791,S,ARZ,16,0,0,1,66.2,2,9,54,8.4,9.3,5,1,12.0,1,699,59,12,0,72.4,1,2,10,3.8,30.0,3,15.0,0,288,11,3
Marcus Maye,11794,S,NYJ,16,0,0,22,40.0,0,1,4,0.9,25.0,1,0,12.5,0,697,6,1,0,40.0,0,1,4,1.9,25.0,1,12.5,0,324,6,1
Marcus Williams,11797,S,NO,16,0,0,20,70.7,0,3,7,1.2,14.3,1,2,21.4,0,692,8,3,0,57.9,0,0,1,0.3,0.0,0,0.0,0,294,1,0
Sidney Jones,11798,CB,PHI,10,0,1,24,55.8,0,1,2,1.0,0.0,0,3,25.0,0,207,2,1,0,,0,0,0,0.0,,0,,0,106,0,0
Quincy Wilson,11801,CB,IND,8,0,0,14,52.1,0,2,6,8.5,0.0,0,4,16.7,0,106,9,2,0,53.3,0,2,5,9.9,0.0,0,20.0,0,71,7,2
Tyus Bowser,11802,ED,BLT,17,0,0,3,70.4,5,15,201,72.3,14.9,30,1,7.5,5,310,224,25,0,67.9,4,11,96,73.0,20.8,20,12.0,4,152,111,19
Ryan Anderson,11804,ED,WAS,16,0,2,32,67.9,5,14,229,75.6,9.2,21,8,5.9,4,315,238,23,0,81.0,5,8,82,80.6,19.5,16,10.4,2,108,87,15
DeMarcus Walker,11806,DI,DEN,10,0,0,10,55.9,1,6,121,100.0,8.3,10,0,6.2,4,126,126,11,0,57.1,0,2,49,100.0,8.2,4,8.2,3,53,53,5
Raekwon McMillan,11809,LB,MIA,13,0,0,17,62.6,2,4,43,20.8,16.3,7,1,7.0,0,226,47,6,0,54.3,0,1,4,7.8,25.0,1,12.5,0,51,4,1
Dalvin Tomlinson,11810,DI,NYG,16,0,0,21,62.3,4,6,280,100.0,5.7,16,0,3.2,4,292,292,14,0,58.7,1,2,61,100.0,6.6,4,4.1,1,65,65,4
Zach Cunningham,11812,LB,HST,18,0,0,13,69.6,1,13,61,9.3,29.5,18,2,16.4,3,700,65,17,0,68.2,0,5,37,13.4,24.3,9,14.9,3,307,41,8
Tanoh Kpassagnon,11814,ED,KC,19,0,0,16,49.7,7,27,528,96.1,8.3,44,1,4.4,6,589,566,40,0,52.0,3,16,267,96.6,10.9,29,5.8,6,298,288,25
Chidobe Awuzie,11815,CB,DAL,16,0,1,9,56.2,1,0,1,0.2,0.0,0,5,50.0,0,656,1,1,0,56.2,1,0,1,0.3,0.0,0,50.0,0,298,1,1
Larry Ogunjobi,11820,DI,CLV,15,1,2,8,58.1,7,23,406,99.5,8.1,33,7,5.2,6,434,432,36,1,59.4,2,12,168,100.0,10.1,17,6.0,3,178,178,17
Ahkello Witherspoon,11821,CB,SF,11,0,0,28,56.2,0,1,1,0.3,0.0,0,3,50.0,0,369,1,1,0,,0,0,0,0.0,,0,,0,150,0,0
Dawuane Smoot,11823,ED,JAX,16,0,0,15,52.0,2,10,270,99.7,8.9,24,1,4.4,6,292,291,18,0,55.3,2,7,158,99.4,12.0,19,6.0,5,175,174,14
Jordan Willis,11828,ED,NYJ,9,0,0,22,74.8,2,8,97,85.4,17.5,17,0,6.2,1,123,105,11,0,79.5,0,7,55,85.3,21.8,12,8.2,1,68,58,8
Chris Wormley,11829,DI,BLT,17,2,1,3,53.7,4,10,236,100.0,7.2,17,1,3.8,2,251,251,16,2,58.4,1,6,86,100.0,12.8,11,6.4,2,91,91,9
Duke Riley,11830,LB,PHI,6,0,0,24,59.7,0,0,2,18.2,0.0,0,0,0.0,0,11,2,0,0,,0,0,0,0.0,,0,,0,1,0,0
Alex Anzalone,11831,LB,NO,2,0,0,20,68.8,0,0,3,10.3,0.0,0,0,33.3,1,39,4,1,0,54.9,0,0,1,10.0,0.0,0,0.0,0,20,2,0
Daeshon Hall,11832,ED,PHI,7,0,0,24,62.5,1,0,33,97.1,12.1,4,0,4.5,1,34,33,2,0,54.6,0,0,14,100.0,7.1,1,0.0,0,14,14,0
Tim Williams,11833,ED,GB,4,0,0,12,68.4,0,5,53,93.5,17.0,9,1,4.7,0,62,58,5,0,70.1,0,3,23,96.0,21.7,5,6.5,0,25,24,3
Tarell Basham,11835,ED,NYJ,16,4,0,22,67.1,3,34,295,81.4,15.6,46,0,6.9,2,404,329,39,2,68.3,2,23,158,85.1,19.0,30,8.5,1,201,171,26
Eddie Vanderdoes,11843,DI,HST,3,0,0,13,49.5,0,0,32,100.0,0.0,0,0,0.0,0,34,34,0,0,52.1,0,0,11,100.0,0.0,0,0.0,0,12,12,0
Shaquill Griffin,11845,CB,SEA,16,0,0,29,51.3,0,1,4,0.7,0.0,0,2,12.5,0,684,5,1,0,54.0,0,1,1,0.7,0.0,0,50.0,0,305,2,1
Jourdan Lewis,11846,CB,DAL,15,0,1,9,69.8,0,1,25,6.4,4.0,1,1,18.0,4,423,27,5,0,79.4,0,0,9,4.5,0.0,0,33.3,3,223,10,3
John Johnson III,11847,S,LA,6,0,0,26,65.9,0,0,1,0.4,100.0,1,1,0.0,0,238,1,0,0,,0,0,0,0.0,,0,,0,109,0,0
Montravius Adams,11848,DI,GB,14,2,0,12,54.6,1,1,115,99.2,4.3,5,0,0.9,0,123,122,2,2,56.6,1,1,57,100.0,5.3,3,1.8,0,59,59,2
Delano Hill,11849,S,SEA,10,0,0,29,68.1,0,1,3,1.5,33.3,1,0,16.7,0,196,3,1,0,,0,0,0,0.0,,0,,0,91,0,0
Cameron Sutton,11850,CB,PIT,16,0,0,25,64.1,0,0,4,1.7,25.0,1,1,25.0,1,231,4,1,0,65.9,0,0,3,1.9,33.3,1,33.3,1,161,3,1
Rasul Douglas,11854,CB,PHI,16,0,3,24,77.2,1,0,2,0.5,0.0,0,9,25.0,0,395,2,1,0,60.0,0,0,1,0.5,0.0,0,0.0,0,185,1,0
Trey Hendrickson,11858,ED,NO,14,1,1,20,63.3,5,18,288,97.2,11.8,34,4,6.4,7,319,310,30,0,66.6,3,13,132,97.9,17.4,23,9.1,4,141,138,20
Vince Biegel,11863,ED,MIA,15,0,0,17,59.7,11,19,298,81.7,12.4,37,1,6.4,4,388,317,34,0,64.7,8,10,118,91.5,17.8,21,10.2,3,142,130,21
Jaleel Johnson,11864,DI,MIN,18,0,0,18,54.8,1,6,244,99.6,4.5,11,0,3.1,4,257,256,11,0,58.8,1,6,93,100.0,8.6,8,4.8,1,98,98,8
Eddie Jackson,11867,S,CHI,16,0,0,6,79.0,0,3,9,1.5,22.2,2,2,27.8,1,660,10,4,0,53.7,0,0,3,1.4,0.0,0,0.0,0,289,4,0
Rayshawn Jenkins,11868,S,LAC,16,0,0,27,72.3,1,3,7,1.3,28.6,2,1,28.6,0,556,7,4,0,70.4,0,3,4,1.9,50.0,2,37.5,0,214,4,3
Carl Lawson,11871,ED,CIN,12,0,1,7,64.3,16,14,259,90.5,13.5,35,4,7.7,5,296,268,35,0,65.1,8,9,138,92.3,15.9,22,9.1,4,155,143,21
Ben Gedeon,11875,LB,MIN,7,0,0,18,56.6,0,0,2,4.9,0.0,0,0,0.0,0,41,2,0,0,,0,0,0,0.0,,0,,0,8,0,0
Montae Nicholson,11878,S,WAS,13,0,0,32,53.1,0,0,5,1.3,0.0,0,4,0.0,0,536,7,0,0,56.8,0,0,2,0.9,0.0,0,0.0,0,212,2,0
Jalen Reeves-Maybin,11879,LB,DET,9,0,0,11,67.3,1,4,24,14.8,4.2,1,1,10.4,0,183,27,5,0,64.4,1,1,13,21.7,7.7,1,7.7,0,69,15,2
Samson Ebukam,11880,ED,LA,16,2,1,26,64.9,5,15,246,82.7,10.6,26,2,6.1,5,318,263,25,0,64.5,3,12,108,86.0,15.7,17,9.7,3,136,117,18
Deatrich Wise Jr.,11886,ED,NE,15,0,1,19,83.2,8,17,114,98.5,24.6,28,7,12.7,2,133,131,27,0,77.7,3,6,36,97.7,30.6,11,12.5,0,44,43,9
Ryan Glasgow,11893,DI,CIN,5,0,0,7,60.1,2,1,34,100.0,8.8,3,0,4.4,0,37,37,3,0,62.0,1,1,15,100.0,13.3,2,6.7,0,17,17,2
Carlos Watkins,11897,DI,HST,11,0,0,13,54.4,1,6,165,99.4,6.1,10,0,2.7,1,179,178,8,0,58.0,1,5,76,100.0,7.9,6,3.9,0,85,85,6
Grover Stewart,11899,DI,IND,16,1,0,14,58.2,2,17,320,97.4,6.9,22,1,3.9,3,351,342,22,1,63.4,1,13,114,100.0,13.2,15,7.0,1,126,126,15
Damontae Kazee,11904,CB,ATL,16,0,0,2,59.9,0,2,10,2.4,10.0,1,1,10.0,0,536,13,2,0,73.5,0,2,4,2.8,25.0,1,25.0,0,215,6,2
Desmond King II,11906,CB,LAC,15,0,2,27,85.9,2,3,18,4.9,16.7,3,5,30.6,3,412,20,8,0,90.3,0,2,6,4.5,50.0,3,66.7,3,176,8,5
Jayon Brown,11910,LB,TEN,16,0,0,31,56.1,2,8,68,12.0,8.8,6,1,8.8,1,593,71,11,0,58.1,2,5,42,18.1,9.5,4,8.3,0,249,45,7
Brian Hill,11911,HB,ATL,1,0,0,2,60.0,0,0,1,100.0,0.0,0,0,0.0,0,1,1,0,0,,0,0,0,,,0,,0,0,0,0
Nate Hairston,11913,CB,NYJ,8,0,0,22,61.4,2,0,5,2.4,0.0,0,3,20.0,0,255,6,2,0,64.2,2,0,4,3.8,0.0,0,25.0,0,104,4,2
Anthony Walker,11916,LB,IND,16,0,0,14,60.9,1,5,25,6.1,32.0,8,0,24.0,3,479,29,9,0,62.7,1,0,10,6.2,30.0,3,25.0,2,177,11,3
Matt Milano,11918,LB,BUF,16,2,0,4,64.8,6,11,87,14.9,10.3,9,3,12.1,2,610,91,19,0,63.3,3,7,34,12.5,17.6,6,20.6,2,272,34,12
Avery Moss,11922,ED,MIA,10,0,0,17,48.6,0,3,143,97.5,4.9,7,1,1.0,0,159,155,3,0,49.6,0,2,28,97.1,3.6,1,3.6,0,34,33,2
Marquel Lee,11923,LB,OAK,5,0,0,23,54.0,0,1,7,33.3,14.3,1,0,7.1,0,24,8,1,0,59.1,0,0,0,16.7,,0,,0,6,1,0
Davon Godchaux,11934,DI,MIA,16,1,0,17,54.2,5,11,321,98.6,5.3,17,0,3.1,2,352,347,18,1,59.2,1,5,92,100.0,7.6,7,5.4,2,102,102,8
Caleb Brantley,11939,DI,WAS,1,0,0,32,54.2,0,0,4,100.0,0.0,0,0,0.0,0,4,4,0,0,,0,0,0,,,0,,0,0,0,0
Nathan Gerry,11940,LB,PHI,17,0,0,24,59.8,2,6,46,13.8,10.9,5,0,15.2,3,377,52,11,0,51.4,0,2,13,12.2,7.7,1,15.4,1,139,17,3
Chuck Clark,11941,S,BLT,16,3,0,3,57.9,3,9,106,22.2,7.5,8,2,6.6,1,499,111,13,1,59.9,1,7,49,22.8,12.2,6,10.2,1,228,52,9
Tanzel Smart,11944,DI,LA,13,0,0,26,50.5,0,1,89,100.0,1.1,1,2,0.6,0,96,96,1,0,47.2,0,0,30,100.0,0.0,0,0.0,0,33,33,0
Jordan Evans,11947,LB,CIN,11,0,0,7,55.5,0,2,4,12.5,0.0,0,0,25.0,0,40,5,2,0,,0,0,0,0.0,,0,,0,14,0,0
Vincent Taylor,11949,DI,BUF,3,1,0,4,62.0,0,1,25,100.0,8.0,2,1,2.0,0,26,26,1,1,66.8,0,1,12,100.0,16.7,2,4.2,0,12,12,1
Al-Quadin Muhammad,11951,ED,IND,16,0,0,14,58.5,6,15,257,99.6,12.5,32,0,5.3,3,274,273,24,0,63.5,4,8,98,100.0,19.4,19,8.2,2,106,106,14
D.J. Jones,11953,DI,SF,11,0,0,28,61.7,0,7,135,100.0,6.7,9,1,4.1,2,147,147,9,0,53.6,0,3,43,100.0,7.0,3,3.5,0,46,46,3
Brandon Wilson,11962,S,CIN,11,0,0,7,52.1,0,2,5,3.9,0.0,0,0,20.0,0,127,5,2,0,53.0,0,2,3,4.2,0.0,0,33.3,0,72,3,2
Ifeadi Odenigbo,11975,ED,MIN,18,0,0,18,71.8,7,12,286,99.0,12.6,36,0,5.8,7,302,299,26,0,78.6,5,7,150,100.0,14.7,22,7.3,5,157,157,17
Isaac Rochell,11980,ED,LAC,16,1,0,27,47.6,0,8,170,99.4,7.1,12,1,2.9,1,179,178,9,0,48.5,0,4,82,100.0,7.3,6,2.4,0,85,85,4
Adrian Colbert,11983,S,MIA,6,0,0,17,59.0,0,0,1,0.4,0.0,0,0,0.0,0,227,1,0,0,,0,0,0,0.0,,0,,0,86,0,0
Joey Ivie,11984,DI,TEN,8,0,0,31,54.2,1,3,70,94.9,5.7,4,0,2.9,0,79,75,4,0,57.2,0,3,34,97.4,8.8,3,4.4,0,38,37,3
Treyvon Hester,11999,DI,WAS,12,0,0,32,66.8,1,2,56,100.0,12.5,7,0,4.5,1,58,58,4,0,73.5,0,1,19,100.0,15.8,3,7.9,1,19,19,2
Patrick O'Connor,12005,DI,TB,3,0,0,30,67.3,1,1,17,100.0,17.6,3,0,5.9,0,18,18,2,0,70.8,1,1,7,100.0,28.6,2,14.3,0,7,7,2
Chris Odom,12031,ED,WAS,4,0,0,32,66.2,0,0,26,76.5,11.5,3,0,7.7,2,34,26,2,0,65.1,0,0,19,86.4,10.5,2,5.3,1,22,19,1
Michael Davis,12040,CB,LAC,12,0,0,27,58.6,0,1,2,0.5,0.0,0,6,25.0,0,375,2,1,0,,0,0,0,0.0,,0,,0,151,0,0
Jermaine Grace,12081,ED,ATL,5,0,0,2,58.3,0,0,2,28.6,0.0,0,0,0.0,0,7,2,0,0,,0,0,0,0.0,,0,,0,1,0,0
Bryan Cox Jr.,12092,ED,CLV,7,0,0,8,58.2,4,6,117,92.2,11.1,13,1,6.0,2,128,118,12,0,57.1,2,4,61,95.4,13.1,8,6.6,1,65,62,7
Josh Tupou,12093,DI,CIN,16,0,0,7,55.5,0,10,171,98.4,6.4,11,0,2.9,0,183,180,10,0,61.9,0,7,53,100.0,15.1,8,6.6,0,56,56,7
Isaiah Irving,12171,ED,CHI,12,0,0,6,61.8,1,2,47,64.9,12.8,6,1,3.2,0,77,50,3,0,67.8,1,1,17,78.3,17.6,3,5.9,0,23,18,2
Jeremiah Valoaga,12194,ED,OAK,4,1,0,23,56.4,0,1,28,100.0,3.6,1,0,1.8,0,28,28,1,0,62.7,0,1,5,100.0,20.0,1,10.0,0,5,5,1
Adam Butler,12214,DI,NE,17,6,0,19,60.8,1,17,347,98.4,8.6,30,1,4.9,8,384,378,26,5,61.2,0,10,198,99.1,10.6,21,6.6,8,220,218,18
Devaroe Lawrence,12222,DI,CLV,11,0,0,8,54.3,2,2,122,97.8,3.3,4,3,1.6,0,136,133,4,0,52.6,0,2,48,98.2,2.1,1,2.1,0,56,55,2
Arthur Maulet,12224,CB,NYJ,9,0,0,22,58.6,0,0,1,0.8,0.0,0,2,0.0,0,241,2,0,0,,0,0,0,0.0,,0,,0,119,0,0
Calvin Munson,12236,LB,MIA,2,0,0,17,52.4,0,0,3,13.3,0.0,0,0,0.0,0,30,4,0,0,55.7,0,0,1,50.0,0.0,0,0.0,0,4,2,0
Fadol Brown,12246,DI,GB,3,0,0,12,61.3,0,0,8,100.0,12.5,1,0,0.0,0,8,8,0,0,61.8,0,0,7,100.0,14.3,1,0.0,0,7,7,0
Jamal Perry,12259,CB,MIA,14,0,2,17,50.7,0,3,16,4.1,6.3,1,5,9.4,0,389,16,3,0,57.2,0,3,7,4.9,14.3,1,21.4,0,144,7,3
Sione Takitaki,12666,LB,CLV,7,0,0,8,56.6,0,1,12,27.9,8.3,1,0,4.2,0,43,12,1,0,62.2,0,1,5,35.7,20.0,1,10.0,0,14,5,1
Darrel Williams,13014,HB,KC,1,0,0,16,60.0,0,0,1,100.0,0.0,0,0,0.0,0,1,1,0,0,,0,0,0,,,0,,0,0,0,0
Alexander Johnson,15267,LB,DEN,12,1,0,10,64.8,2,11,92,21.0,15.2,14,1,9.2,2,477,100,15,1,66.3,2,7,51,24.2,17.6,9,12.7,2,231,56,11
Sam Eguavoen,15301,LB,MIA,16,0,0,17,56.6,5,13,217,60.3,9.7,21,0,6.5,5,388,234,23,0,58.3,4,11,123,83.9,10.6,13,7.7,2,161,135,17
Justin Hardee,18348,CB,NO,2,0,0,20,40.6,0,1,1,3.2,0.0,0,0,50.0,0,31,1,1,0,40.6,0,1,1,5.9,0.0,0,50.0,0,17,1,1
Corey Thompson,18551,LB,BUF,1,0,0,4,53.7,0,0,3,8.8,0.0,0,0,0.0,0,34,3,0,0,53.7,0,0,3,13.6,0.0,0,0.0,0,22,3,0
Jonathan Ledbetter,18645,ED,MIA,1,0,0,17,68.7,0,1,13,100.0,15.4,2,0,11.5,1,13,13,2,0,56.3,0,0,3,100.0,0.0,0,0.0,0,3,3,0
Kemoko Turay,21702,ED,IND,4,0,0,14,91.0,4,8,61,95.8,26.2,16,1,13.1,2,72,69,14,0,92.3,3,5,37,100.0,32.4,12,16.2,2,44,44,10
Scott Quessenberry,23918,C,LAC,1,0,0,27,60.0,0,0,1,100.0,0.0,0,3,0.0,0,1,1,0,0,,0,0,0,,,0,,0,0,0,0
Dylan Cole,24304,LB,HST,11,0,0,13,71.4,0,2,12,13.3,25.0,3,1,8.3,0,105,14,2,0,56.5,0,2,8,13.0,12.5,1,12.5,0,69,9,2
Nathan Shepherd,24614,DI,NYJ,9,0,0,22,70.6,5,7,135,96.7,14.8,20,1,5.9,2,152,147,14,0,62.4,3,6,67,97.2,19.4,13,8.2,1,72,70,10
Raven Greene,24750,S,GB,2,0,0,12,62.1,0,1,7,12.3,14.3,1,0,7.1,0,57,7,1,0,62.3,0,1,6,19.4,16.7,1,8.3,0,31,6,1
Foyesade Oluokun,24904,LB,ATL,16,0,0,2,60.5,0,0,17,12.1,0.0,0,2,0.0,0,174,21,0,0,70.9,0,0,5,13.8,0.0,0,0.0,0,58,8,0
Deionte Thompson,25444,S,ARZ,8,0,0,1,65.3,1,0,4,2.2,0.0,0,2,12.5,0,179,4,1,0,66.6,1,0,1,1.3,0.0,0,50.0,0,80,1,1
Levi Wallace,25445,CB,BUF,16,0,0,4,54.0,0,0,3,0.6,0.0,0,1,0.0,0,508,3,0,0,58.3,0,0,1,0.4,0.0,0,0.0,0,228,1,0
Dane Cruikshank,25546,S,TEN,7,0,0,31,57.3,0,0,2,4.5,0.0,0,0,0.0,0,44,2,0,0,58.3,0,0,1,6.3,0.0,0,0.0,0,16,1,0
Sean Murphy-Bunting,25891,CB,TB,14,1,2,30,72.5,0,0,19,4.1,5.3,1,4,5.3,1,489,20,1,1,83.7,0,0,6,2.5,16.7,1,16.7,1,243,6,1
Clelin Ferrell,25955,ED,OAK,15,5,0,23,60.1,3,18,321,97.0,9.0,29,7,4.8,5,361,350,26,1,62.8,1,11,130,98.0,14.6,19,6.9,3,147,144,15
Dexter Lawrence,25991,DI,NYG,16,1,1,21,64.5,6,21,385,99.8,9.6,37,1,4.3,3,413,412,30,1,70.2,4,14,134,100.0,16.4,22,8.2,2,150,150,20
Isaiah Mack,26229,DI,TEN,13,0,0,31,67.2,0,4,92,100.0,8.7,8,1,4.3,2,100,100,6,0,67.1,0,2,33,100.0,12.1,4,9.1,2,36,36,4
Tae Davis,26296,LB,CLV,2,0,0,8,53.9,1,0,3,9.1,0.0,0,1,16.7,0,33,3,1,0,59.4,0,0,1,7.1,0.0,0,0.0,0,14,1,0
Maxx Crosby,26316,ED,OAK,16,3,0,23,67.3,5,29,435,98.0,11.0,48,5,6.4,11,491,481,45,2,72.8,5,19,216,98.4,16.7,36,9.7,9,248,244,33
Craig James,26360,CB,PHI,3,0,0,24,60.0,0,0,1,2.4,0.0,0,1,0.0,0,42,1,0,0,,0,0,0,0.0,,0,,0,17,0,0
Ben Banogu,26554,ED,IND,15,1,0,14,54.9,3,11,168,97.3,11.3,19,1,6.0,3,186,181,17,1,53.0,2,8,101,100.0,12.9,13,5.9,1,111,111,11
C.J. Moore,26617,S,DET,8,0,0,11,59.1,0,0,1,1.6,0.0,0,0,0.0,0,61,1,0,0,,0,0,0,0.0,,0,,0,29,0,0
D.J. Reed Jr.,26940,CB,SF,11,0,0,28,53.7,0,1,3,3.2,0.0,0,1,16.7,0,93,3,1,0,59.1,0,1,1,2.0,0.0,0,50.0,0,51,1,1
Siran Neal,27130,CB,BUF,7,0,0,4,52.1,0,2,11,8.2,0.0,0,1,18.2,1,134,11,3,0,55.3,0,1,4,7.7,0.0,0,37.5,1,52,4,2
Montez Sweat,27271,ED,WAS,16,2,1,32,58.8,5,19,319,83.8,10.7,34,4,6.3,8,407,341,32,1,54.0,2,10,133,87.7,14.3,19,7.5,4,163,143,16
Devin Bush,27375,LB,PIT,16,0,1,25,62.4,2,2,34,8.1,8.8,3,4,8.8,1,481,39,5,0,46.3,1,0,10,6.8,0.0,0,5.0,0,191,13,1
David Long Jr.,27377,CB,LA,5,0,0,26,59.1,0,0,1,1.2,0.0,0,0,0.0,0,86,1,0,0,59.1,0,0,1,2.4,0.0,0,0.0,0,41,1,0
Gerald Willis III,27584,DI,MIA,2,0,0,17,59.7,0,2,11,100.0,18.2,2,0,9.1,0,12,12,2,0,64.0,0,2,6,100.0,33.3,2,16.7,0,6,6,2
Armon Watts,27844,DI,MIN,7,1,0,18,74.8,0,2,53,100.0,11.3,6,0,5.7,2,53,53,4,1,68.4,0,1,20,100.0,15.0,3,7.5,1,20,20,2
Dre'Mont Jones,28075,DI,DEN,14,1,0,10,70.3,2,17,202,98.6,12.9,26,0,6.7,4,222,219,23,1,68.0,2,15,121,99.3,14.9,18,8.7,2,135,134,19
Jerome Baker,28091,LB,MIA,16,0,1,17,54.2,4,10,121,21.9,9.9,12,4,7.4,2,613,134,16,0,59.6,2,7,44,25.0,15.9,7,10.2,0,212,53,9
Kevin Givens,28308,DI,SF,1,0,0,28,55.3,0,1,6,100.0,16.7,1,0,8.3,0,6,6,1,0,59.7,0,0,1,100.0,0.0,0,0.0,0,1,1,0
Bilal Nichols,28451,DI,CHI,13,1,0,6,48.9,3,1,203,98.7,3.4,7,0,1.0,0,223,220,4,0,51.4,2,0,55,98.4,5.5,3,1.8,0,63,62,2
Rob McCray,28474,ED,CLV,1,0,0,8,51.4,0,1,10,84.6,0.0,0,0,5.0,0,13,11,1,0,52.7,0,1,5,83.3,0.0,0,10.0,0,6,5,1
Alex Brown,28605,CB,KC,1,0,0,16,60.0,1,0,1,11.1,0.0,0,0,50.0,0,9,1,1,0,60.0,1,0,1,33.3,0.0,0,50.0,0,3,1,1
Jimmy Moreland,28704,CB,WAS,14,0,0,32,61.8,1,2,10,3.3,40.0,4,4,15.0,0,304,10,3,0,58.8,0,2,6,4.5,50.0,3,16.7,0,134,6,2
Jermaine Carter,28838,LB,CAR,8,0,0,5,80.4,1,2,12,10.0,16.7,2,0,20.8,1,130,13,4,0,61.2,1,1,6,16.7,16.7,1,16.7,0,42,7,2
DeShon Elliott,28854,S,BLT,4,0,0,3,74.3,0,1,2,7.1,50.0,1,0,25.0,0,28,2,1,0,63.5,0,1,1,8.3,100.0,1,50.0,0,12,1,1
David Long,29367,LB,TEN,8,0,0,31,49.9,0,0,10,11.0,0.0,0,1,0.0,0,91,10,0,0,54.3,0,0,3,8.6,0.0,0,0.0,0,35,3,0
Germaine Pratt,29407,LB,CIN,15,0,1,7,51.3,0,4,36,16.6,2.8,1,2,5.6,0,217,36,4,0,62.0,0,3,10,13.0,10.0,1,15.0,0,77,10,3
Chris Board,29456,LB,BLT,6,0,0,3,50.2,0,0,11,35.1,0.0,0,0,0.0,0,37,13,0,0,56.2,0,0,2,28.6,0.0,0,0.0,0,7,2,0
Ahmad Gooden,29951,ED,DEN,3,0,0,10,57.4,1,1,13,92.9,15.4,2,0,7.7,0,14,13,2,0,62.4,1,1,7,87.5,28.6,2,14.3,0,8,7,2
Andrew Van Ginkel,30267,ED,MIA,6,0,0,17,54.2,4,1,102,85.0,5.9,6,1,3.4,1,133,113,6,0,57.0,2,1,44,89.7,6.8,3,3.4,0,58,52,3
Derick Roberson,30462,ED,TEN,5,0,0,31,50.8,3,5,81,92.1,12.3,10,0,8.6,3,89,82,11,0,56.2,0,3,42,97.7,7.1,3,8.3,2,43,42,5
P.J. Hall,31211,DI,OAK,16,0,0,23,63.4,2,19,274,99.3,9.1,25,0,4.6,2,298,296,23,0,64.1,1,10,95,100.0,12.6,12,6.8,1,106,106,12
George Odum,31342,S,IND,14,0,1,14,76.3,1,0,5,2.0,20.0,1,1,30.0,1,245,5,2,0,79.7,1,0,3,2.1,33.3,1,50.0,1,140,3,2
Khalen Saunders,31534,DI,KC,15,1,0,16,54.3,0,2,163,96.7,2.5,4,0,1.2,1,180,174,3,0,47.3,0,0,46,100.0,0.0,0,0.0,0,51,51,0
Jaeden Graham,31849,TE,ATL,1,0,0,2,60.0,0,0,1,100.0,0.0,0,2,0.0,0,1,1,0,0,,0,0,0,,,0,,0,0,0,0
Abdullah Anderson,32708,DI,CHI,6,0,0,6,62.9,0,5,58,98.4,12.1,7,0,6.0,1,63,62,6,0,63.2,0,2,20,95.7,15.0,3,10.0,1,23,22,3
Shakial Taylor,33464,CB,DEN,5,0,1,10,54.5,0,0,2,3.8,0.0,0,1,0.0,0,53,2,0,0,54.5,0,0,2,8.3,0.0,0,0.0,0,24,2,0
Mike Hughes,34057,CB,MIN,14,0,2,18,58.7,0,0,1,0.3,0.0,0,2,0.0,0,345,1,0,0,58.7,0,0,1,0.7,0.0,0,0.0,0,148,1,0
Kendall Sheffield,34105,CB,ATL,14,0,1,2,53.3,0,2,9,2.0,11.1,1,4,11.1,0,453,9,2,0,49.5,0,0,4,2.3,0.0,0,0.0,0,175,4,0
Kris Boyd,34222,CB,MIN,8,0,0,18,60.0,0,0,1,1.5,0.0,0,1,0.0,0,67,1,0,0,,0,0,0,0.0,,0,,0,35,0,0
Darnell Savage,34247,S,GB,16,0,1,12,49.9,1,4,22,3.8,4.5,1,1,11.4,0,586,22,5,0,58.4,1,1,6,2.4,0.0,0,16.7,0,255,6,2
Johnathan Abram,34646,S,OAK,1,0,0,23,68.2,0,2,2,10.3,100.0,2,2,50.0,0,29,3,2,0,70.8,0,1,1,10.5,100.0,1,50.0,0,19,2,1
Tae Hayes,35173,CB,MIA,2,0,1,17,58.1,0,0,2,2.4,0.0,0,2,0.0,0,83,2,0,0,,0,0,0,0.0,,0,,0,34,0,0
Blake Cashman,35413,LB,NYJ,7,1,0,22,58.4,2,6,69,28.9,10.1,7,2,7.2,1,253,73,9,1,67.1,2,5,35,30.8,14.3,5,12.9,1,120,37,8
Noah Dawkins,35771,LB,TB,2,0,0,30,54.0,0,0,2,60.0,0.0,0,0,0.0,0,5,3,0,0,59.5,0,0,1,50.0,0.0,0,0.0,0,2,1,0
Kameron Kelly,35978,S,PIT,6,0,0,25,56.8,0,0,1,1.1,0.0,0,0,0.0,0,87,1,0,0,,0,0,0,0.0,,0,,0,48,0,0
Austin Bryant,36248,ED,DET,4,0,0,11,45.9,1,1,62,72.2,4.8,3,0,1.6,0,90,65,2,0,48.6,1,1,38,95.1,7.9,3,2.6,0,41,39,2
Kyle Phillips,36340,ED,NYJ,15,1,0,22,52.0,4,9,269,92.4,7.8,21,2,3.9,4,315,291,17,1,56.5,1,3,110,91.4,9.1,10,3.6,2,128,117,6
Ryan Bee,36551,DI,WAS,1,0,0,32,58.7,0,0,2,100.0,0.0,0,0,0.0,0,2,2,0,0,59.8,0,0,1,100.0,0.0,0,0.0,0,1,1,0
Albert Huggins,36862,DI,PHI,4,0,0,24,65.1,1,3,26,100.0,15.4,4,0,7.7,0,27,27,4,0,62.7,0,1,8,100.0,12.5,1,6.3,0,8,8,1
Miles Brown,37161,DI,ARZ,9,0,0,1,61.9,0,4,52,100.0,7.7,4,0,3.8,0,58,58,4,0,68.0,0,3,15,100.0,20.0,3,10.0,0,16,16,3
Shy Tuttle,37279,DI,NO,17,3,0,20,70.5,2,11,196,98.6,7.1,14,0,4.3,2,209,206,15,2,67.5,0,8,60,100.0,11.7,7,6.7,0,63,63,8
Darryl Johnson,37479,ED,BUF,15,0,1,4,61.5,1,8,112,94.3,12.5,14,2,4.9,1,122,115,10,0,65.3,1,7,49,94.3,20.4,10,8.2,0,53,50,8
Davontae Harris,37492,CB,DEN,9,0,0,10,60.0,0,0,1,0.4,0.0,0,2,0.0,0,261,1,0,0,60.0,0,0,1,0.8,0.0,0,0.0,0,122,1,0
Troy Reeder,38268,LB,LA,12,0,0,26,53.0,0,0,4,3.1,0.0,0,1,0.0,0,128,4,0,0,,0,0,0,0.0,,0,,0,31,0,0
Jamal Davis II,38297,ED,MIA,2,0,0,17,55.4,0,0,2,50.0,0.0,0,1,0.0,0,6,3,0,0,59.1,0,0,1,100.0,0.0,0,0.0,0,1,1,0
Bryan Mone,38461,DI,SEA,5,0,0,29,58.4,1,2,46,100.0,8.7,4,1,3.3,0,52,52,3,0,63.6,0,2,15,100.0,13.3,2,6.7,0,17,17,2
Cortez Broughton,38524,DI,LAC,2,0,0,27,64.0,0,0,9,100.0,11.1,1,0,0.0,0,9,9,0,0,66.8,0,0,6,100.0,16.7,1,0.0,0,6,6,0
Matthew Adams,38526,LB,IND,8,0,0,14,52.9,0,0,4,8.7,0.0,0,0,0.0,0,46,4,0,0,56.8,0,0,1,12.5,0.0,0,0.0,0,8,1,0
Folorunso Fatukasi,38558,DI,NYJ,14,1,0,22,62.7,2,3,170,99.5,5.9,10,2,2.1,1,185,184,6,0,50.2,0,0,60,100.0,3.3,2,1.7,1,63,63,1
Maurice Hurst,38563,DI,OAK,16,2,0,23,77.8,4,30,317,99.7,15.1,48,4,6.6,4,356,355,38,0,79.4,3,23,154,100.0,22.7,35,10.4,3,177,177,29
Eric Wilson,38587,LB,MIN,18,0,0,18,82.0,3,0,11,5.8,18.2,2,0,31.8,2,226,13,5,0,86.6,1,0,4,7.8,0.0,0,37.5,1,77,6,2
Austin Larkin,38754,ED,ATL,1,0,0,2,52.4,0,0,5,87.5,0.0,0,0,0.0,0,8,7,0,0,53.1,0,0,5,100.0,0.0,0,0.0,0,6,6,0
Frank Herron,39383,DI,DET,3,0,0,11,49.7,0,3,54,100.0,5.6,3,0,2.8,0,56,56,3,0,53.4,0,2,22,100.0,9.1,2,4.5,0,23,23,2
Breon Borders,39398,CB,WAS,6,0,0,32,68.6,1,0,4,6.7,0.0,0,0,12.5,0,60,4,1,0,75.4,1,0,2,6.7,0.0,0,25.0,0,30,2,1
Trayvon Mullen,41968,CB,OAK,16,0,2,23,60.0,0,0,1,0.2,0.0,0,10,0.0,0,422,1,0,0,,0,0,0,0.0,,0,,0,198,0,0
Ed Oliver,42200,DI,BUF,17,2,0,4,62.4,5,20,354,98.9,9.6,34,2,5.2,6,378,374,31,1,64.5,2,14,174,99.5,13.8,24,6.9,4,185,184,20
Byron Pringle,42345,WR,KC,2,0,0,16,60.0,0,0,2,100.0,0.0,0,2,0.0,0,2,2,0,0,,0,0,0,,,0,,0,0,0,0
Nick Bosa,42741,ED,SF,19,1,1,28,85.6,20,68,563,98.2,18.5,104,4,10.3,14,606,595,102,1,88.6,8,41,250,97.1,27.6,69,14.6,12,278,270,61
J.C. Jackson,42781,CB,NE,17,0,1,19,52.1,1,2,2,0.4,50.0,1,7,75.0,0,493,2,3,0,52.1,0,2,2,0.8,0.0,0,50.0,0,238,2,2
Rashan Gary,42905,ED,GB,17,0,0,12,59.5,3,10,147,96.8,13.6,20,1,6.5,3,157,152,16,0,65.9,1,8,80,94.3,18.8,15,9.4,3,87,82,12
Charvarius Ward,43034,CB,KC,19,0,0,16,52.3,0,1,6,0.7,0.0,0,8,8.3,0,814,6,1,0,53.8,0,1,3,0.8,0.0,0,16.7,0,368,3,1
Devin White,43089,LB,TB,13,0,0,30,52.8,2,8,81,16.3,6.2,5,1,9.9,3,551,90,13,0,59.0,2,4,38,16.5,13.2,5,13.2,2,255,42,8
Mack Wilson,43190,LB,CLV,15,2,0,8,60.6,1,13,94,17.8,11.7,11,2,8.5,1,550,98,15,1,61.8,1,5,44,18.7,11.4,5,9.1,1,251,47,7
Greedy Williams,43254,CB,CLV,12,0,1,8,56.4,0,0,2,0.5,0.0,0,7,0.0,0,419,2,0,0,60.0,0,0,1,0.5,0.0,0,0.0,0,199,1,0
Jeffery Simmons,43742,DI,TEN,12,1,0,31,65.7,1,10,203,100.0,10.8,22,3,3.7,2,219,219,13,0,69.3,0,6,63,100.0,17.5,11,7.9,2,69,69,8
Byron Murphy Jr.,44027,CB,ARZ,16,2,2,1,73.1,0,1,13,1.8,0.0,0,9,3.8,0,704,13,1,0,,0,0,0,0.0,,0,,0,291,0,0
Quinnen Williams,44216,DI,NYJ,13,1,0,22,57.7,3,13,331,99.7,7.9,26,1,3.3,3,350,349,19,0,60.5,2,10,159,100.0,11.9,19,3.8,0,169,169,12
Kyzir White,44485,LB,LAC,16,0,0,27,54.6,0,0,10,7.5,0.0,0,0,0.0,0,134,10,0,0,54.8,0,0,3,8.1,0.0,0,0.0,0,37,3,0
Trysten Hill,44519,DI,DAL,7,0,0,9,54.5,2,1,62,98.5,6.5,4,0,2.4,0,67,66,3,0,53.9,0,0,23,100.0,4.3,1,0.0,0,25,25,0
Brian Burns,44522,ED,CAR,16,0,1,5,68.7,8,14,263,93.8,13.3,35,5,7.2,8,308,289,30,0,69.6,3,12,136,95.0,16.2,22,9.9,6,159,151,21
Tuzar Skipper,44583,ED,PIT,5,0,0,25,52.8,0,0,23,92.3,4.3,1,0,4.3,1,26,24,1,0,55.9,0,0,14,100.0,7.1,1,7.1,1,14,14,1
Joe Jackson,44615,ED,DAL,5,1,0,9,64.7,1,4,46,98.0,17.4,8,0,5.4,0,49,48,5,0,73.6,0,3,22,100.0,27.3,6,6.8,0,22,22,3
Leon Jacobs,44980,LB,JAX,14,0,0,15,58.9,0,3,36,27.9,5.6,2,0,12.5,3,136,38,6,0,63.6,0,2,6,24.0,16.7,1,33.3,1,25,6,3
Emeke Egbule,45378,ED,LAC,5,0,0,27,48.7,0,0,12,85.7,0.0,0,0,0.0,0,14,12,0,0,53.7,0,0,4,100.0,0.0,0,0.0,0,4,4,0
Dalton Schultz,47304,TE,DAL,1,0,0,9,60.0,0,0,1,100.0,0.0,0,2,0.0,0,1,1,0,0,60.0,0,0,1,100.0,0.0,0,0.0,0,1,1,0
Ventell Bryant,47959,WR,DAL,1,0,0,9,60.0,0,0,1,100.0,0.0,0,0,0.0,0,1,1,0,0,60.0,0,0,1,100.0,0.0,0,0.0,0,1,1,0
Carroll Phillips,48353,ED,WAS,1,0,0,32,60.7,1,1,8,88.9,25.0,2,0,12.5,0,9,8,2,0,54.0,0,0,4,100.0,0.0,0,0.0,0,4,4,0
Jaylon Ferguson,48362,ED,BLT,15,0,0,3,51.9,7,22,278,94.3,10.4,29,2,5.9,2,318,300,31,0,55.7,4,19,144,94.0,16.7,24,8.7,1,166,156,24
Da'Shawn Hand,48386,DI,DET,3,1,0,11,55.5,0,2,66,100.0,4.5,3,1,1.5,0,71,71,2,0,60.2,0,2,28,100.0,10.7,3,3.6,0,32,32,2
Jalyn Holmes,48400,DI,MIN,8,0,0,18,51.9,0,0,44,100.0,0.0,0,0,0.0,0,46,46,0,0,57.3,0,0,13,100.0,0.0,0,0.0,0,13,13,0
Kentavius Street,48404,DI,SF,3,0,0,28,58.0,0,1,19,100.0,5.3,1,0,2.6,0,21,21,1,0,55.7,0,0,3,100.0,0.0,0,0.0,0,4,4,0
Anthony Nelson,48405,ED,TB,9,1,0,30,52.7,0,2,80,89.5,6.3,5,0,1.3,0,95,85,2,0,53.7,0,1,44,95.8,6.8,3,1.1,0,48,46,1
Demone Harris,48452,ED,KC,6,0,0,16,46.4,1,4,115,95.2,4.3,5,0,2.2,0,125,119,5,0,48.8,1,2,44,95.7,6.8,3,3.4,0,47,45,3
Sam Hubbard,48457,ED,CIN,15,2,0,7,61.0,6,34,391,86.4,12.8,50,2,7.4,9,477,412,49,0,60.1,3,22,188,92.1,16.0,30,9.8,6,215,198,31
Jonathan Wynn,48459,DI,DET,1,0,0,11,58.8,0,0,4,100.0,0.0,0,0,0.0,0,4,4,0,0,60.0,0,0,1,100.0,0.0,0,0.0,0,1,1,0
Tyquan Lewis,48475,ED,IND,9,0,0,14,45.0,2,10,147,95.6,7.5,11,1,4.1,0,160,153,12,0,47.9,1,9,73,100.0,12.3,9,6.8,0,77,77,10
Justin Hollins,48498,ED,DEN,14,0,0,10,49.2,0,9,129,74.5,8.5,11,0,4.3,1,184,137,10,0,53.2,0,6,64,71.9,12.5,8,6.3,1,96,69,7
Carl Granderson,48500,ED,NO,7,0,1,20,53.4,2,2,85,96.7,5.9,5,1,3.5,1,92,89,5,0,55.3,1,1,40,97.7,5.0,2,5.0,1,43,42,3
Chase Winovich,48523,ED,NE,17,0,0,19,65.8,3,13,216,97.5,14.4,31,0,6.9,7,240,234,23,0,72.0,3,9,127,98.6,19.7,25,9.4,6,140,138,18
Bradley Chubb,48526,ED,DEN,4,1,0,10,67.3,5,3,99,86.7,15.2,15,3,5.1,1,120,104,9,0,66.1,2,2,37,93.2,21.6,8,8.1,1,44,41,5
Oshane Ximines,48538,ED,NYG,16,1,1,21,62.3,3,16,253,89.4,13.0,33,2,6.1,6,301,269,25,0,69.3,2,11,110,97.6,20.0,22,10.5,5,123,120,18
Kylie Fitts,48553,ED,ARZ,3,0,0,1,68.5,0,1,19,80.0,15.8,3,0,2.6,0,25,20,1,0,72.7,0,1,8,90.0,25.0,2,6.3,0,10,9,1
Dorance Armstrong,48557,ED,DAL,15,0,1,9,52.4,3,5,159,97.7,8.2,13,2,3.8,2,176,172,10,0,58.7,3,2,68,100.0,10.3,7,5.1,1,74,74,6
Chad Thomas,48565,ED,CLV,16,1,1,8,51.5,1,12,243,88.5,7.4,18,2,4.3,4,296,262,17,1,55.6,1,8,119,87.2,9.2,11,6.3,3,149,130,12
Malik Reed,48567,ED,DEN,15,0,0,10,60.1,3,14,217,83.9,13.8,30,1,5.3,3,279,234,20,0,62.7,2,10,103,87.7,18.4,19,8.7,3,130,114,15
Trent Harris,48575,ED,MIA,11,0,0,17,57.6,1,5,93,77.1,11.8,11,0,5.4,2,131,101,8,0,55.0,1,3,35,84.8,14.3,5,8.6,1,46,39,5
Harold Landry III,48600,ED,TEN,19,1,0,31,57.8,10,46,642,87.1,9.8,63,2,5.9,10,778,678,66,0,61.7,6,30,279,88.4,13.3,37,7.9,4,335,296,40
Tyler Lancaster,48604,DI,GB,18,0,1,12,55.6,0,4,176,100.0,5.7,10,1,2.3,2,190,190,6,0,62.1,0,2,56,100.0,12.5,7,3.6,1,59,59,3
Dontavius Russell,48638,DI,JAX,3,0,0,15,53.4,0,0,16,100.0,0.0,0,0,0.0,0,19,19,0,0,55.5,0,0,2,100.0,0.0,0,0.0,0,5,5,0
Jullian Taylor,48684,DI,SF,6,1,0,28,66.7,1,2,43,100.0,9.3,4,1,3.5,0,47,47,3,1,64.3,0,0,7,100.0,0.0,0,0.0,0,8,8,0
Harrison Phillips,48690,DI,BUF,3,2,0,4,78.4,0,1,44,95.8,13.6,6,0,3.4,1,48,46,2,1,72.5,0,0,17,100.0,17.6,3,5.9,1,17,17,1
Daron Payne,48698,DI,WAS,15,2,0,32,57.0,2,19,390,97.1,6.4,25,2,3.2,2,421,409,23,1,52.8,0,8,145,99.4,6.2,9,3.4,1,155,154,9
Greg Gaines,48706,DI,LA,10,0,0,26,58.3,1,3,74,100.0,5.4,4,0,4.1,1,77,77,5,0,61.1,1,2,23,100.0,8.7,2,6.5,0,23,23,3
Kingsley Keke,48718,DI,GB,12,0,0,12,53.3,1,0,56,98.2,5.4,3,0,0.9,0,57,56,1,0,57.0,1,0,30,100.0,10.0,3,1.7,0,30,30,1
Rasheem Green,48731,ED,SEA,18,2,0,29,57.5,2,23,352,96.9,8.2,29,1,5.0,5,388,376,30,2,62.0,1,18,168,98.4,11.3,19,6.8,2,184,181,21
Taven Bryan,48753,DI,JAX,16,0,1,15,68.8,8,15,222,100.0,12.6,28,3,6.1,2,233,233,25,0,63.8,1,8,69,100.0,15.9,11,9.4,2,73,73,11
Bruce Hector,48759,DI,PHI,4,0,0,24,62.7,0,2,38,100.0,13.2,5,0,2.6,0,39,39,2,0,60.5,0,0,21,100.0,9.5,2,0.0,0,21,21,0
Deadrin Senat,48815,DI,ATL,2,0,0,2,62.9,1,0,10,100.0,10.0,1,0,5.0,0,12,12,1,0,57.3,0,0,1,100.0,0.0,0,0.0,0,3,3,0
L.J. Collier,48822,ED,SEA,11,0,0,29,50.2,0,1,79,100.0,5.1,4,0,0.6,0,86,86,1,0,52.5,0,0,31,100.0,6.5,2,0.0,0,34,34,0
Michael Dogbe,48850,DI,ARZ,7,0,0,1,53.2,1,1,39,97.8,5.1,2,2,2.6,0,45,44,2,0,66.7,1,1,10,100.0,20.0,2,10.0,0,10,10,2
Eli Ankou,48856,DI,CLV,9,0,0,8,52.4,0,2,69,100.0,2.9,2,0,1.4,0,74,74,2,0,56.9,0,2,29,100.0,6.9,2,3.4,0,31,31,2
Patrick Ricard,48862,DI,BLT,12,1,0,3,62.0,1,8,104,98.2,9.6,10,1,5.3,1,112,110,10,1,70.6,1,7,56,98.4,14.3,8,8.9,1,62,61,9
RJ McIntosh,48873,DI,NYG,9,0,0,21,66.0,0,0,43,100.0,7.0,3,0,4.7,2,46,46,2,0,68.8,0,0,14,100.0,7.1,1,7.1,1,16,16,1
Daniel Ekuale,48874,DI,CLV,7,0,0,8,56.1,0,3,58,98.4,3.4,2,0,2.6,0,63,62,3,0,53.9,0,1,20,100.0,5.0,1,2.5,0,23,23,1
Poona Ford,48875,DI,SEA,17,1,0,29,51.9,1,7,294,99.4,3.7,11,1,1.7,1,322,320,9,0,57.3,0,3,87,100.0,6.9,6,2.9,1,97,97,4
Hercules Mata'afa,48931,DI,MIN,6,0,1,18,52.7,0,4,85,98.9,4.7,4,2,2.4,0,91,90,4,0,53.5,0,3,58,100.0,5.2,3,2.6,0,61,61,3
Daylon Mack,48933,DI,BLT,1,0,0,3,57.5,0,0,3,100.0,0.0,0,0,0.0,0,3,3,0,0,,0,0,0,,,0,,0,0,0,0
Taylor Stallworth,48935,DI,NO,5,0,0,20,57.2,0,3,71,100.0,7.0,5,0,2.1,0,76,76,3,0,59.1,0,1,21,100.0,14.3,3,2.4,0,23,23,1
Justin Jones,48940,DI,LAC,12,1,0,27,55.7,3,14,284,99.4,9.2,26,2,3.0,0,308,306,17,0,55.8,1,8,103,100.0,11.7,12,4.4,0,118,118,9
Renell Wren,48953,DI,CIN,10,0,0,7,57.3,0,4,55,100.0,9.1,5,0,3.6,0,57,57,4,0,64.3,0,2,15,100.0,20.0,3,6.7,0,17,17,2
Vita Vea,48956,DI,TB,16,3,1,30,77.7,9,45,474,98.4,13.1,62,5,6.3,3,513,505,57,2,86.6,8,32,227,99.6,19.8,45,10.1,3,243,242,43
Tim Settle,48966,DI,WAS,15,0,0,32,67.0,3,8,159,98.8,11.3,18,0,4.7,2,173,171,13,0,62.2,2,4,52,100.0,19.2,10,7.7,1,54,54,7
Kevin Strong Jr.,48981,DI,DET,8,1,0,11,59.7,0,7,91,100.0,11.0,10,1,3.8,0,102,102,7,1,66.3,0,4,40,100.0,15.0,6,5.0,0,47,47,4
Saquan Hampton,49037,S,NO,2,0,0,20,54.9,0,0,3,9.7,0.0,0,1,0.0,0,31,3,0,0,56.1,0,0,2,10.5,0.0,0,0.0,0,19,2,0
Justin Reid,49048,S,HST,17,0,0,13,64.1,1,2,19,2.7,10.5,2,0,7.9,0,711,19,3,0,57.3,0,2,9,2.7,11.1,1,11.1,0,335,9,2
Tre Flowers,49059,CB,SEA,17,0,1,29,80.3,0,0,8,1.1,12.5,1,10,25.0,2,708,8,2,0,77.3,0,0,3,0.9,33.3,1,33.3,1,319,3,1
Jalen Thompson,49116,S,ARZ,12,0,1,1,60.2,1,0,8,2.1,0.0,0,2,6.3,0,380,8,1,0,59.2,0,0,1,0.7,0.0,0,0.0,0,148,1,0
Dallin Leavitt,49120,S,OAK,2,0,0,23,58.4,0,0,1,4.5,0.0,0,0,0.0,0,22,1,0,0,58.4,0,0,1,7.7,0.0,0,0.0,0,13,1,0
Jessie Bates III,49162,S,CIN,16,0,0,7,47.6,0,2,8,1.4,25.0,2,0,12.5,0,588,8,2,0,59.8,0,0,3,1.1,0.0,0,0.0,0,261,3,0
Tarvarius Moore,49178,S,SF,10,0,0,28,54.3,0,0,3,1.8,0.0,0,1,0.0,0,163,3,0,0,56.0,0,0,2,2.6,0.0,0,0.0,0,78,2,0
Jordan Whitehead,49196,S,TB,14,2,1,30,68.1,1,11,52,9.5,5.8,3,2,11.5,0,643,61,12,1,69.6,0,4,14,5.4,7.1,1,14.3,0,313,17,4
Ahmad Thomas,49204,LB,ATL,1,0,0,2,60.0,0,0,1,100.0,0.0,0,0,0.0,0,1,1,0,0,,0,0,0,,,0,,0,0,0,0
Ronnie Harrison,49206,S,JAX,14,0,0,15,68.7,0,3,30,6.4,6.7,2,5,11.7,2,518,33,5,0,57.6,0,0,11,5.4,9.1,1,18.2,2,241,13,2
Marvell Tell III,49217,CB,IND,10,0,1,14,59.1,0,0,1,0.5,0.0,0,2,0.0,0,191,1,0,0,,0,0,0,0.0,,0,,0,104,0,0
Tony Brown,49255,CB,GB,4,0,0,12,58.5,0,0,1,3.3,0.0,0,0,0.0,0,30,1,0,0,58.5,0,0,1,6.7,0.0,0,0.0,0,15,1,0
Troy Apke,49260,S,WAS,9,0,0,32,76.3,0,2,3,3.0,66.7,2,0,33.3,0,99,3,2,0,76.3,0,2,3,10.3,66.7,2,33.3,0,29,3,2
Andrew Wingard,49268,S,JAX,9,0,0,15,81.0,1,1,10,12.5,20.0,2,1,20.0,1,80,10,3,0,57.0,0,0,2,9.5,0.0,0,0.0,0,21,2,0
Jamal Carter,49282,S,ATL,8,0,0,2,58.5,0,0,2,2.7,0.0,0,0,0.0,0,73,2,0,0,59.7,0,0,1,4.0,0.0,0,0.0,0,25,1,0
Rashad Fenton,49329,CB,KC,11,0,0,16,63.1,1,4,13,6.6,0.0,0,1,26.9,1,212,14,6,0,59.4,1,3,8,6.2,0.0,0,25.0,0,129,8,4
Carlton Davis,49335,CB,TB,14,0,3,30,60.0,0,0,1,0.2,0.0,0,12,0.0,0,657,1,0,0,,0,0,0,0.0,,0,,0,319,0,0
Chris Jones,49339,CB,ARZ,9,1,0,1,77.8,0,0,4,2.0,0.0,0,2,0.0,0,201,4,0,0,,0,0,0,0.0,,0,,0,104,0,0
Chandon Sullivan,49349,CB,GB,14,1,0,12,74.2,1,0,13,4.7,15.4,2,0,3.8,0,276,13,1,0,65.6,1,0,7,4.7,14.3,1,7.1,0,148,7,1
Jaire Alexander,49350,CB,GB,18,0,2,12,75.2,0,0,1,0.3,0.0,0,4,0.0,0,696,2,0,0,,0,0,0,0.0,,0,,0,317,0,0
Ugo Amadi,49352,CB,SEA,7,0,0,29,49.6,0,0,6,6.4,0.0,0,0,0.0,0,94,6,0,0,52.9,0,0,3,4.9,0.0,0,0.0,0,61,3,0
Isaac Yiadom,49355,CB,DEN,12,0,0,10,56.2,0,0,3,1.2,0.0,0,4,0.0,0,326,4,0,0,58.7,0,0,1,0.6,0.0,0,0.0,0,157,1,0
Chris Lammons,49368,CB,MIA,11,0,0,17,50.9,0,0,3,4.1,0.0,0,0,0.0,0,97,4,0,0,53.3,0,0,2,3.9,0.0,0,0.0,0,51,2,0
Chauncey Gardner-Johnson,49371,S,NO,17,0,0,20,72.8,4,7,43,10.5,16.3,7,7,12.8,0,455,48,11,0,79.5,2,6,26,13.2,26.9,7,15.4,0,212,28,8
Montre Hartage,49390,S,MIA,4,0,0,17,54.1,0,0,2,3.1,0.0,0,0,0.0,0,96,3,0,0,55.3,0,0,2,4.3,0.0,0,0.0,0,47,2,0
M.J. Stewart,49397,CB,TB,7,0,1,30,58.1,0,1,14,5.8,14.3,2,2,3.6,0,258,15,1,0,61.5,0,1,10,8.1,20.0,2,5.0,0,136,11,1
Keion Crossen,49454,CB,HST,10,0,0,13,57.6,1,0,3,3.6,33.3,1,1,16.7,0,83,3,1,0,60.0,1,0,1,2.3,100.0,1,50.0,0,43,1,1
Darius Phillips,49507,CB,CIN,6,0,0,7,54.9,0,3,3,3.8,33.3,1,0,50.0,0,78,3,3,0,39.3,0,2,2,4.4,0.0,0,50.0,0,45,2,2
Taron Johnson,49511,CB,BUF,13,0,0,4,76.5,0,8,24,6.5,12.5,3,1,20.8,1,367,24,9,0,67.3,0,4,10,5.1,0.0,0,30.0,1,195,10,5
Denzel Ward,49558,CB,CLV,12,0,1,8,62.8,1,1,5,1.1,0.0,0,7,20.0,0,448,5,2,0,,0,0,0,0.0,,0,,0,212,0,0
Rock Ya-Sin,49564,CB,IND,15,0,1,14,76.4,0,0,3,0.5,33.3,1,9,0.0,0,553,3,0,0,78.6,0,0,2,0.8,50.0,1,0.0,0,253,2,0
Matt Dickerson,49601,DI,TEN,8,0,0,31,54.9,0,2,30,97.0,3.3,1,0,3.3,0,33,32,2,0,55.7,0,0,2,100.0,0.0,0,0.0,0,4,4,0
Zach Allen,49605,DI,ARZ,4,0,0,1,50.4,3,2,79,98.8,5.1,4,1,3.2,0,81,80,5,0,52.5,2,2,35,100.0,8.6,3,5.7,0,36,36,4
Andrew Brown,49636,ED,CIN,13,0,2,7,63.5,2,12,131,94.6,10.7,14,4,5.3,0,147,139,14,0,69.1,2,7,69,92.5,13.0,9,6.5,0,80,74,9
Justin Phillips,49677,LB,OAK,1,0,0,23,60.0,0,0,1,16.7,0.0,0,0,0.0,0,6,1,0,0,,0,0,0,0.0,,0,,0,1,0,0
Shaquille Leonard,49684,LB,IND,13,2,0,14,78.9,0,13,59,12.4,18.6,11,2,21.2,6,526,65,19,2,82.0,0,9,31,15.1,19.4,6,27.4,4,239,36,13
Genard Avery,49699,ED,PHI,8,0,0,24,59.7,0,1,30,93.9,6.7,2,1,5.0,1,33,31,2,0,67.1,0,1,17,100.0,11.8,2,8.8,1,18,18,2
Shaun Dion Hamilton,49706,LB,WAS,15,0,0,32,48.2,2,3,25,13.0,16.0,4,1,14.0,1,215,28,6,0,53.8,1,3,12,14.8,25.0,3,25.0,1,88,13,5
Cole Holcomb,49753,LB,WAS,16,1,1,32,53.4,1,6,39,10.6,5.1,2,1,11.5,1,395,42,8,0,46.4,0,3,25,17.6,0.0,0,10.0,1,153,27,4
Quincy Williams,49779,LB,JAX,9,0,0,15,46.6,0,3,26,9.9,7.7,2,0,5.8,0,314,31,3,0,52.5,0,1,10,10.9,10.0,1,5.0,0,128,14,1
Azeez Al-Shaair,49792,LB,SF,10,0,0,28,57.8,0,1,11,13.5,0.0,0,1,4.5,0,96,13,1,0,58.9,0,0,0,4.2,,0,,0,24,1,0
Natrez Patrick,49805,ED,LA,4,0,0,26,59.0,0,0,9,90.0,11.1,1,0,0.0,0,10,9,0,0,53.1,0,0,5,83.3,0.0,0,0.0,0,6,5,0
Zaire Franklin,49834,LB,IND,1,0,0,14,60.0,0,0,1,100.0,0.0,0,0,0.0,0,1,1,0,0,60.0,0,0,1,100.0,0.0,0,0.0,0,1,1,0
James Crawford,49836,ED,MIA,2,0,0,17,55.6,0,0,3,80.0,0.0,0,0,0.0,0,5,4,0,0,56.2,0,0,1,100.0,0.0,0,0.0,0,2,2,0
Ryan Connelly,49840,LB,NYG,4,0,0,21,67.3,0,1,15,15.8,13.3,2,0,10.0,1,101,16,2,0,73.5,0,0,4,11.9,25.0,1,25.0,1,42,5,1
B.J. Hill,49894,DI,NYG,16,0,0,21,57.6,1,14,250,100.0,9.2,23,1,3.4,1,266,266,16,0,57.9,0,7,80,100.0,11.3,9,5.6,1,87,87,8
John Atkins,49918,DI,DET,12,0,0,11,52.8,0,6,180,100.0,4.4,8,1,1.7,0,189,189,6,0,53.0,0,3,50,100.0,8.0,4,3.0,0,51,51,3
Sebastian Joseph-Day,49935,DI,LA,16,0,0,26,66.5,3,8,192,100.0,8.9,17,3,3.9,2,203,203,13,0,71.5,0,3,42,100.0,16.7,7,6.0,1,47,47,4
Jerry Tillery,49949,DI,LAC,15,0,1,27,52.7,0,7,177,98.9,7.9,14,5,3.7,3,188,186,10,0,51.0,0,5,59,100.0,10.2,6,5.9,1,64,64,6
Derrick Nnadi,49970,DI,KC,19,0,1,16,53.0,1,18,318,96.1,7.9,25,2,3.0,0,360,346,19,0,60.0,0,9,98,99.1,10.2,10,4.6,0,107,106,9
Christian Miller,50078,ED,CAR,7,0,0,5,54.7,0,5,49,92.9,8.2,4,0,9.2,2,56,52,7,0,59.4,0,3,24,92.6,12.5,3,14.6,2,27,25,5
Uchenna Nwosu,50084,ED,LAC,16,0,1,27,54.4,6,13,182,88.5,12.1,22,2,6.3,2,217,192,21,0,56.2,4,12,100,96.4,16.0,16,9.0,1,111,107,17
Peter Kalambayi,50089,LB,HST,4,0,0,13,42.5,0,0,28,50.9,0.0,0,0,0.0,0,55,28,0,0,43.2,0,0,22,57.9,0.0,0,0.0,0,38,22,0
Harvey Langi,50118,ED,NYJ,9,1,0,22,58.2,0,1,22,42.6,9.1,2,0,2.3,0,54,23,1,0,53.0,0,0,6,40.0,0.0,0,0.0,0,15,6,0
Josh Sweat,50120,ED,PHI,17,0,1,24,62.3,5,17,259,97.9,13.5,35,1,6.2,5,280,274,27,0,66.1,3,12,153,99.4,17.6,27,8.2,5,161,160,20
Lorenzo Carter,50126,ED,NYG,15,2,0,21,59.7,10,19,371,90.2,9.7,36,2,5.5,6,438,395,35,0,58.9,4,14,154,94.3,14.3,22,7.1,2,175,165,20
Ogbonnia Okoronkwo,50130,ED,LA,9,0,0,26,71.2,2,4,77,93.2,15.6,12,2,6.5,2,88,82,8,0,74.2,0,4,41,95.7,19.5,8,9.8,2,47,45,6
Jacob Tuioti-Mariner,50141,ED,ATL,8,0,0,2,51.6,1,3,111,97.5,4.5,5,0,1.8,0,119,116,4,0,47.4,1,1,37,95.3,5.4,2,2.7,0,43,41,2
Jacob Martin,50152,ED,HST,16,0,0,13,59.2,3,20,194,91.2,16.5,32,0,8.5,5,227,207,28,0,60.5,1,18,135,94.7,20.0,27,10.7,5,152,144,24
Olasunkanmi Adeniyi,50154,ED,PIT,12,0,0,25,55.7,0,3,31,94.3,6.5,2,1,4.8,0,35,33,3,0,58.1,0,1,10,84.6,10.0,1,5.0,0,13,11,1
Arden Key,50201,ED,OAK,7,0,3,23,62.0,2,8,134,94.8,14.2,19,4,5.2,2,155,147,12,0,65.0,1,8,82,95.7,17.1,14,7.9,2,94,90,11
Oren Burks,50203,LB,GB,10,0,0,12,60.0,0,0,1,2.3,0.0,0,0,0.0,0,44,1,0,0,,0,0,0,0.0,,0,,0,23,0,0
Rashaan Evans,50213,LB,TEN,19,0,0,31,47.0,5,13,165,24.7,13.9,23,5,7.3,3,699,173,21,0,46.7,3,7,112,41.2,10.7,12,5.4,1,284,117,11
Sharif Finch,50221,ED,TEN,8,0,0,31,59.2,0,6,93,97.1,10.8,10,0,5.4,2,104,101,8,0,54.9,0,2,32,97.2,12.5,4,6.3,1,36,35,3
Chris Peace,50232,ED,NYG,1,0,0,21,60.0,0,0,1,100.0,0.0,0,0,0.0,0,1,1,0,0,,0,0,0,,,0,,0,0,0,0
Josh Allen,50235,ED,JAX,16,0,0,15,70.2,14,23,357,94.4,15.7,56,2,8.5,12,411,388,49,0,79.0,9,14,174,95.5,21.8,38,12.4,10,202,193,33
Marquis Haynes,50244,ED,CAR,11,0,0,5,58.2,2,6,127,95.9,7.9,10,1,4.7,2,145,139,10,0,61.6,1,4,63,94.6,11.1,7,7.1,2,74,70,7
Porter Gustin,50290,ED,CLV,6,0,0,8,56.8,2,4,110,98.3,9.1,10,0,3.6,1,118,116,7,0,62.3,2,3,53,98.2,15.1,8,6.6,1,56,55,6
Marcus Davenport,50291,ED,NO,13,0,1,20,73.6,10,35,321,92.4,18.7,60,2,8.9,6,384,355,51,0,71.6,5,22,157,96.7,21.7,34,11.1,4,180,174,31
Christian Wilkins,50293,DI,MIA,16,1,0,17,58.6,2,26,323,97.8,9.6,31,3,5.0,2,361,353,30,0,56.1,1,12,102,99.1,11.8,12,6.4,0,115,114,13
Nate Meadors,50353,CB,MIN,2,0,0,18,60.0,0,0,1,10.0,0.0,0,0,0.0,0,10,1,0,0,,0,0,0,0.0,,0,,0,7,0,0
Nik Needham,50356,CB,MIA,12,1,4,17,67.0,2,2,14,3.3,7.1,1,10,21.4,1,454,15,5,0,43.6,1,1,8,5.4,0.0,0,12.5,0,166,9,2
Anthony Averett,50365,CB,BLT,9,0,2,3,56.0,0,0,2,1.2,0.0,0,3,0.0,0,166,2,0,0,56.0,0,0,2,2.9,0.0,0,0.0,0,68,2,0
Tre Herndon,50380,CB,JAX,15,0,3,15,59.1,0,1,1,0.2,0.0,0,9,50.0,0,532,1,1,0,,0,0,0,0.0,,0,,0,230,0,0
Isaiah Oliver,50393,CB,ATL,16,0,2,2,60.0,1,0,1,0.2,0.0,0,9,50.0,0,585,1,1,0,60.0,1,0,1,0.5,0.0,0,50.0,0,221,1,1
Jeremy Reaves,50406,S,WAS,5,0,0,32,66.3,1,0,2,3.7,0.0,0,1,25.0,0,54,2,1,0,,0,0,0,0.0,,0,,0,17,0,0
Josh Jackson,50417,S,GB,8,0,0,12,54.1,0,0,3,3.4,0.0,0,0,0.0,0,88,3,0,0,54.1,0,0,3,4.8,0.0,0,0.0,0,63,3,0
Juan Thornhill,50426,S,KC,16,0,0,16,51.3,1,5,14,2.4,14.3,2,1,21.4,0,632,15,6,0,54.2,1,4,9,3.1,22.2,2,27.8,0,289,9,5
Emmanuel Moseley,50430,CB,SF,18,0,0,28,75.0,1,0,2,0.4,0.0,0,2,25.0,0,493,2,1,0,75.0,1,0,2,0.9,0.0,0,25.0,0,220,2,1
Blessuan Austin,50434,CB,NYJ,7,0,0,22,58.8,0,0,0,0.4,,0,1,,0,248,1,0,0,,0,0,0,0.0,,0,,0,118,0,0
Sheldrick Redwine,50458,S,CLV,8,0,0,8,72.9,0,4,9,5.0,44.4,4,0,22.2,0,201,10,4,0,74.6,0,2,4,4.2,50.0,2,25.0,0,95,4,2
Grant Haley,50473,CB,NYG,10,0,0,21,68.2,0,3,13,5.0,7.7,1,1,19.2,1,260,13,4,0,49.4,0,1,5,4.3,0.0,0,10.0,0,116,5,1
Amani Oruwariye,50533,CB,DET,7,0,0,11,58.6,0,0,1,0.7,0.0,0,0,0.0,0,147,1,0,0,58.6,0,0,1,1.4,0.0,0,0.0,0,73,1,0
Avonte Maddox,50543,CB,PHI,13,0,0,24,67.1,1,1,8,1.8,0.0,0,2,25.0,1,443,8,3,0,71.0,1,0,5,2.2,0.0,0,30.0,1,228,5,2
Byron Cowart,50588,DI,NE,4,0,0,19,54.8,0,2,22,100.0,9.1,2,0,4.5,0,23,23,2,0,57.6,0,1,15,100.0,6.7,1,3.3,0,15,15,1
Charles Omenihu,50612,DI,HST,16,1,2,13,63.7,5,24,334,98.1,10.5,35,4,5.2,3,363,356,32,0,60.9,4,16,208,98.2,11.1,23,5.8,2,226,222,22
Austin Calitro,50640,LB,JAX,6,0,0,15,68.0,1,1,6,6.9,16.7,1,0,33.3,1,116,8,3,0,69.1,1,0,2,8.1,0.0,0,25.0,0,37,3,1
Shaquem Griffin,50657,ED,SEA,8,0,0,29,63.4,3,6,92,93.1,15.2,14,0,6.0,1,101,94,10,0,63.4,2,6,66,95.8,16.7,11,7.6,1,71,68,9
Hardy Nickerson,50712,LB,CIN,6,0,0,7,55.8,0,0,2,8.0,0.0,0,0,0.0,0,25,2,0,0,59.1,0,0,1,9.1,0.0,0,0.0,0,11,1,0
Josey Jewell,50720,LB,DEN,10,0,0,10,84.1,0,2,12,10.2,16.7,2,1,25.0,2,118,12,4,0,70.0,0,1,7,15.9,14.3,1,21.4,1,44,7,2
Cody Barton,50727,LB,SEA,10,1,0,29,71.6,1,3,19,15.4,21.1,4,0,15.8,1,130,20,5,0,52.5,0,1,3,6.7,33.3,1,16.7,0,45,3,1
Cameron Smith,50739,LB,MIN,2,0,0,18,59.1,0,0,1,25.0,0.0,0,0,0.0,0,4,1,0,0,,0,0,0,0.0,,0,,0,1,0,0
Roquan Smith,50892,LB,CHI,12,0,0,6,51.5,0,2,43,11.1,4.7,2,2,7.0,2,440,49,4,0,55.7,0,2,27,16.8,7.4,2,11.1,2,190,32,4
Andre Smith,50897,LB,CAR,1,0,0,5,59.0,0,0,1,9.1,0.0,0,0,0.0,0,11,1,0,0,59.0,0,0,1,25.0,0.0,0,0.0,0,4,1,0
Tremaine Edmunds,50905,LB,BUF,17,1,0,4,64.9,3,4,67,10.9,9.0,6,2,9.7,3,662,72,10,0,61.6,1,3,31,11.0,12.9,4,12.9,2,299,33,6
Leighton Vander Esch,50950,LB,DAL,9,0,0,9,78.0,1,3,18,7.9,27.8,5,0,16.7,1,318,25,5,0,76.3,0,2,8,8.4,37.5,3,12.5,0,131,11,2
Bobby Okereke,50954,LB,IND,16,0,0,14,64.4,0,1,15,7.2,0.0,0,0,10.0,1,236,17,2,0,58.8,0,0,1,1.5,0.0,0,0.0,0,67,1,0
Travin Howard,50959,LB,LA,5,0,0,26,58.9,0,0,1,1.4,0.0,0,1,0.0,0,73,1,0,0,,0,0,0,0.0,,0,,0,29,0,0
Ja'Whaun Bentley,50966,LB,NE,17,0,0,19,67.7,1,6,34,23.0,20.6,7,1,10.3,0,165,38,7,0,57.6,0,3,12,20.5,16.7,2,12.5,0,73,15,3
Ben Burr-Kirven,50967,LB,SEA,2,0,0,29,59.1,0,0,1,50.0,0.0,0,0,0.0,0,2,1,0,0,59.1,0,0,1,100.0,0.0,0,0.0,0,1,1,0
Frankie Luvu,51028,ED,NYJ,8,0,0,22,64.8,2,0,23,48.1,17.4,4,0,8.7,1,52,25,3,0,66.6,2,0,13,46.7,23.1,3,15.4,1,30,14,3
Kenny Young,51029,LB,LA,4,0,0,26,59.7,2,0,15,28.1,6.7,1,0,6.7,0,57,16,2,0,63.5,1,0,4,28.6,0.0,0,12.5,0,14,4,1
Jahlani Tavai,51055,LB,DET,15,0,0,11,51.4,1,9,85,26.2,9.4,8,1,8.2,2,332,87,12,0,56.5,1,7,46,42.5,15.2,7,13.0,2,113,48,10
Julian Love,51081,S,NYG,8,0,0,21,67.7,1,1,12,4.9,8.3,1,0,8.3,0,265,13,2,0,85.6,1,1,3,3.1,33.3,1,33.3,0,97,3,2
Ben Niemann,51099,LB,KC,18,0,0,16,49.9,1,7,64,17.4,7.8,5,0,6.3,0,386,67,8,0,52.8,1,3,41,19.1,9.8,4,4.9,0,220,42,4
A.J. Moore,51146,S,HST,7,0,0,13,70.2,1,2,8,53.3,37.5,3,0,18.8,0,15,8,3,0,76.9,1,2,6,60.0,50.0,3,25.0,0,10,6,3
Taylor Rapp,51172,S,LA,15,0,0,26,68.4,1,2,22,4.3,9.1,2,2,6.8,0,531,23,3,0,68.1,1,1,7,2.8,14.3,1,14.3,0,247,7,2
Maurice Smith,51190,S,WAS,1,0,0,32,58.4,0,0,0,25.0,,0,0,,0,4,1,0,0,58.4,0,0,0,50.0,,0,,0,2,1,0
Joshua Kalu,51203,CB,TEN,3,0,0,31,60.0,0,1,1,3.0,0.0,0,0,50.0,0,33,1,1,0,,0,0,0,0.0,,0,,0,15,0,0
Minkah Fitzpatrick,51206,S,PIT,16,0,2,25,69.4,1,0,7,1.2,14.3,1,4,7.1,0,608,7,1,0,,0,0,0,0.0,,0,,0,280,0,0
Steven Parker,51220,S,MIA,12,0,0,17,56.6,0,0,3,1.5,0.0,0,1,0.0,0,205,3,0,0,,0,0,0,0.0,,0,,0,68,0,0
Fred Warner,51222,LB,SF,19,1,1,28,68.3,2,8,50,7.5,16.0,8,2,16.0,3,745,56,13,0,72.8,2,8,27,10.7,29.6,8,25.9,2,309,33,12
Armani Watts,51264,S,KC,8,0,0,16,64.5,0,1,4,6.2,0.0,0,1,37.5,1,65,4,2,0,54.0,0,1,2,5.9,0.0,0,25.0,0,34,2,1
Tracy Walker,51266,S,DET,13,0,1,11,90.4,0,1,3,0.8,33.3,1,4,16.7,0,527,4,1,0,66.9,0,0,0,0.5,,0,,0,209,1,0
Drue Tranquill,51276,LB,LAC,12,0,0,27,53.7,0,1,13,5.4,7.7,1,0,3.8,0,242,13,1,0,47.7,0,0,8,8.4,0.0,0,0.0,0,95,8,0
Mike Edwards,51282,S,TB,14,0,0,30,59.0,0,2,18,4.3,0.0,0,0,11.1,1,440,19,3,0,48.4,0,1,7,3.2,0.0,0,7.1,0,222,7,1
Khari Willis,51304,S,IND,14,0,0,14,60.0,0,5,19,5.0,5.3,1,1,13.2,0,403,20,5,0,59.8,0,4,10,5.6,10.0,1,20.0,0,180,10,4
Sean Chandler,51315,S,NYG,8,0,1,21,68.3,0,1,7,31.8,28.6,2,1,7.1,0,22,7,1,0,61.0,0,0,5,38.5,20.0,1,0.0,0,13,5,0
Terrell Edmunds,51334,S,PIT,16,0,0,25,63.8,2,2,19,3.1,10.5,2,2,10.5,0,621,19,4,0,53.0,0,1,7,2.4,0.0,0,7.1,0,294,7,1
Will Harris,51336,S,DET,16,0,1,11,73.7,0,2,4,0.9,25.0,1,3,50.0,1,466,4,3,0,73.7,0,2,4,1.7,25.0,1,50.0,1,232,4,3
Derwin James,51368,S,LAC,5,1,0,27,72.9,0,5,16,9.2,18.8,3,1,15.6,0,174,16,5,0,72.1,0,2,6,11.3,33.3,2,16.7,0,53,6,2
Amani Hooker,51378,S,TEN,19,0,0,31,55.8,0,1,2,0.6,50.0,1,0,25.0,0,361,2,1,0,55.8,0,1,2,1.0,50.0,1,25.0,0,209,2,1
Marcus Epps,51391,S,PHI,9,0,0,24,59.5,0,1,1,0.9,0.0,0,0,50.0,0,111,1,1,0,,0,0,0,0.0,,0,,0,85,0,0
Roderic Teamer,51405,S,LAC,7,0,0,27,69.0,0,0,3,1.5,33.3,1,1,33.3,1,206,3,1,0,58.7,0,0,1,1.1,0.0,0,0.0,0,94,1,0
Marcell Harris,51408,S,SF,9,0,0,28,75.3,1,2,8,4.1,0.0,0,2,18.8,0,220,9,3,0,68.5,1,0,1,1.1,0.0,0,50.0,0,92,1,1
Jaquan Johnson,51433,S,BUF,1,0,0,4,60.0,0,0,1,3.2,0.0,0,0,0.0,0,31,1,0,0,,0,0,0,0.0,,0,,0,20,0,0
Dorian O'Daniel,51487,LB,KC,4,0,0,16,61.4,0,1,7,36.8,28.6,2,0,21.4,1,19,7,2,0,49.8,0,0,5,100.0,0.0,0,0.0,0,5,5,0
J.T. Gray,51495,S,NO,3,0,0,20,60.0,0,0,1,5.3,0.0,0,0,0.0,0,19,1,0,0,,0,0,0,0.0,,0,,0,10,0,0
Dre Greenlaw,51503,LB,SF,19,0,0,28,56.7,1,3,44,8.8,4.5,2,2,6.8,1,558,49,5,0,64.4,1,1,14,7.2,7.1,1,7.1,0,208,15,2
Duke Dawson Jr.,51576,CB,DEN,10,0,1,10,46.4,0,2,9,3.8,11.1,1,5,11.1,0,235,9,2,0,51.4,0,1,4,3.4,25.0,1,12.5,0,117,4,1
Donald Payne,51589,LB,JAX,5,0,0,15,65.2,0,0,16,8.4,18.8,3,2,6.3,1,191,16,1,0,73.9,0,0,9,11.8,22.2,2,11.1,1,76,9,1
Kenny Moore II,51596,CB,IND,11,0,0,14,55.0,1,3,29,7.5,13.8,4,0,17.2,3,402,30,7,0,51.0,1,1,15,8.6,6.7,1,13.3,1,185,16,3
Nicholas Morrow,51674,LB,OAK,16,0,2,23,53.2,5,4,44,9.7,6.8,3,4,10.2,0,476,46,9,0,53.5,2,0,21,10.4,0.0,0,4.8,0,221,23,2
Lonnie Johnson Jr.,55615,CB,HST,14,0,2,13,73.0,0,1,2,0.5,50.0,1,12,25.0,0,394,2,1,0,,0,0,0,0.0,,0,,0,199,0,0
Darious Williams,55724,CB,LA,6,0,2,26,60.0,0,0,1,0.8,0.0,0,3,0.0,0,127,1,0,0,,0,0,0,0.0,,0,,0,48,0,0
Keisean Nixon,56167,CB,OAK,3,0,0,23,58.5,0,0,1,2.9,0.0,0,1,0.0,0,34,1,0,0,58.5,0,0,1,7.1,0.0,0,0.0,0,14,1,0
Marquise Blair,56263,S,SEA,10,0,0,29,60.0,0,0,1,0.6,0.0,0,0,0.0,0,164,1,0,0,,0,0,0,0.0,,0,,0,73,0,0
Isaiah Buggs,56503,DI,PIT,9,0,0,25,67.4,0,2,38,100.0,10.5,4,0,2.6,0,40,40,2,0,69.1,0,1,20,100.0,10.0,2,2.5,0,21,21,1
Anthony Rush,56895,DI,PHI,10,2,0,24,55.8,0,3,80,96.7,3.8,3,2,1.9,0,90,87,3,1,57.5,0,2,27,100.0,7.4,2,3.7,0,30,30,2
Zach Sieler,66917,DI,MIA,7,2,0,17,65.9,0,6,50,98.3,14.0,7,1,8.0,1,59,58,7,0,55.3,0,2,16,100.0,12.5,2,6.3,0,20,20,2
Darwin Thompson,83791,HB,KC,1,0,1,16,60.0,0,0,1,100.0,0.0,0,2,0.0,0,1,1,0,0,,0,0,0,,,0,,0,0,0,0
Corey Ballentine,83833,CB,NYG,8,0,0,21,59.4,1,1,8,4.4,12.5,1,1,12.5,0,203,9,2,0,67.9,1,0,3,4.2,33.3,1,16.7,0,95,4,1
John Cominsky,88313,ED,ATL,8,1,0,2,65.7,1,3,45,96.2,11.1,5,0,6.7,1,53,51,5,0,68.4,0,2,15,90.0,20.0,3,13.3,1,20,18,3
Kahzin Daniels,91477,ED,TB,1,0,0,30,54.5,0,0,3,100.0,0.0,0,0,0.0,0,3,3,0,0,55.9,0,0,2,100.0,0.0,0,0.0,0,2,2,0
E.J. Speed,94351,LB,IND,3,0,0,14,57.5,0,0,4,30.8,0.0,0,0,0.0,0,13,4,0,0,,0,0,0,0.0,,0,,0,1,0,0
Jonathan Harris,94361,DI,DEN,5,0,0,10,51.8,0,0,29,100.0,3.4,1,1,0.0,0,34,34,0,0,57.8,0,0,10,100.0,10.0,1,0.0,0,12,12,0
Anthony Pittman,94372,ED,DET,1,0,0,11,50.8,1,0,9,83.3,11.1,1,0,5.6,0,12,10,1,0,53.9,0,0,3,80.0,0.0,0,0.0,0,5,4,0
Deyon Sizer,94382,DI,DEN,1,0,0,10,59.7,0,0,1,100.0,0.0,0,0,0.0,0,1,1,0,0,,0,0,0,,,0,,0,0,0,0
