player,player_id,position,team_name,player_game_count,avg_depth_of_target,avoided_tackles,caught_percent,contested_catch_rate,contested_receptions,contested_targets,declined_penalties,drop_rate,drops,first_downs,franchise_id,fumbles,grades_hands_drop,grades_hands_fumble,grades_offense,grades_pass_block,grades_pass_route,inline_rate,inline_snaps,interceptions,longest,pass_block_rate,pass_blocks,pass_plays,penalties,receptions,route_rate,routes,slot_rate,slot_snaps,targeted_qb_rating,targets,touchdowns,wide_rate,wide_snaps,yards,yards_after_catch,yards_after_catch_per_reception,yards_per_reception,yprr
Stefon Diggs,9579,WR,BUF,19,11.5,21,76.2,60.0,15,25,0,6.4,10,91,4,0,71.7,86.4,90.2,,90.6,0.0,0,2,55,0.0,0,794,6,147,93.5,742,31.5,250,118.4,193,10,68.4,543,1846,548,3.7,12.6,2.49
Travis Kelce,7844,TE,KC,18,8.9,16,76.4,30.4,7,23,0,2.9,4,98,16,1,90.7,65.4,93.8,53.1,93.6,34.0,266,4,45,6.6,52,783,7,136,87.5,685,28.5,223,124.2,178,14,35.9,281,1776,729,5.4,13.1,2.59
Davante Adams,8688,WR,GB,16,8.7,5,78.2,46.2,12,26,1,1.5,2,82,12,1,91.0,64.8,92.0,,91.9,0.0,0,3,56,0.0,0,578,3,133,94.8,548,33.6,194,135.5,170,20,66.1,382,1507,660,5.0,11.3,2.75
Tyreek Hill,10799,WR,KC,18,12.9,24,68.5,47.4,9,19,0,10.5,13,72,16,0,50.4,86.3,84.5,66.3,84.8,1.2,9,2,75,0.1,1,763,6,111,94.2,719,58.6,447,126.9,162,15,38.7,295,1631,617,5.6,14.7,2.27
Allen Robinson II,8696,WR,CHI,17,10.1,12,68.8,45.1,23,51,0,0.9,1,70,6,0,91.3,84.1,88.3,65.6,88.5,0.2,1,6,42,0.2,1,656,0,108,97.0,636,29.4,193,90.9,157,6,70.3,461,1305,341,3.2,12.1,2.05
Diontae Johnson,33441,WR,PIT,16,8.8,13,63.9,41.7,5,12,1,13.2,15,53,25,1,35.6,63.0,70.4,,70.1,0.0,0,3,47,0.0,0,621,1,99,94.0,584,13.4,83,90.3,155,7,86.6,538,1040,429,4.3,10.5,1.78
DeAndre Hopkins,7808,WR,ARZ,16,9.0,21,74.7,50.0,13,26,1,0.9,1,75,1,3,91.5,38.3,87.1,,88.0,0.0,0,2,60,0.0,0,664,6,115,94.3,626,10.2,68,110.0,154,6,89.6,595,1407,521,4.5,12.2,2.25
JuJu Smith-Schuster,11817,WR,PIT,17,6.6,5,76.9,48.4,15,31,0,2.7,3,55,25,3,90.5,37.4,70.0,55.9,69.6,0.0,0,5,33,0.1,1,760,0,110,93.3,709,85.3,648,103.7,143,10,14.7,112,988,446,4.1,9.0,1.39
Darren Waller,9637,TE,LV,16,8.1,9,76.4,73.1,19,26,0,1.8,2,69,23,2,90.8,34.2,86.5,58.2,90.9,54.4,341,3,38,11.2,70,627,2,107,83.6,524,20.4,128,113.9,140,9,24.1,151,1196,594,5.6,11.2,2.28
Keenan Allen,7857,WR,LAC,14,7.3,11,72.5,56.3,18,32,1,2.0,2,61,27,3,90.1,58.1,84.9,73.3,85.0,0.4,2,5,28,0.4,2,555,2,100,93.7,520,51.7,287,96.6,138,8,47.7,265,992,444,4.4,9.9,1.91
Calvin Ridley,48262,WR,ATL,15,15.2,12,65.7,40.9,9,22,0,8.2,8,65,2,1,66.9,56.3,84.9,,84.7,0.2,1,6,63,0.0,0,594,3,90,94.6,562,11.4,68,102.3,137,9,88.2,524,1374,276,3.1,15.3,2.44
Tyler Lockett,9502,WR,SEA,17,10.6,4,75.0,61.5,8,13,0,6.4,7,59,29,1,71.9,58.3,76.5,,77.6,1.1,8,1,47,0.0,0,700,4,102,94.6,662,60.1,421,119.6,136,10,38.4,269,1097,341,3.3,10.8,1.66
Terry McLaurin,48229,WR,WAS,16,9.9,14,68.9,47.8,11,23,0,3.1,3,56,32,1,89.1,56.8,78.5,,77.6,0.0,0,4,68,0.0,0,679,3,93,95.6,649,31.2,212,93.8,135,4,68.6,466,1193,500,5.4,12.8,1.84
Robert Woods,7822,WR,LA,18,6.7,8,75.6,43.8,7,16,1,6.4,7,54,26,1,76.8,65.1,71.4,69.3,72.2,0.3,2,4,56,1.5,10,674,5,102,95.7,645,49.1,331,101.8,135,7,50.6,341,1032,533,5.2,10.1,1.6
D.K. Metcalf,47864,WR,SEA,17,14.2,17,65.2,48.3,14,29,0,11.1,11,65,29,1,51.3,48.6,82.5,68.7,82.5,0.1,1,5,62,0.4,3,706,2,88,94.5,667,16.6,117,113.8,135,12,83.3,588,1399,388,4.4,15.9,2.1
Chosen Anderson,11254,WR,CAR,16,9.8,4,70.9,35.0,7,20,0,4.0,4,49,5,1,79.9,58.2,75.1,,76.0,0.5,3,2,75,0.0,0,583,1,95,94.5,551,32.6,190,96.5,134,3,66.7,389,1096,501,5.3,11.5,1.99
Mike Evans,8642,WR,TB,20,14.1,5,62.3,52.6,10,19,1,10.0,9,65,30,0,47.1,82.1,74.9,,75.1,0.0,0,5,50,0.0,0,739,5,81,94.2,696,37.9,280,115.2,130,15,62.1,459,1210,293,3.6,14.9,1.74
Amari Cooper,9437,WR,DAL,16,9.5,8,71.9,60.0,9,15,1,3.2,3,54,9,0,88.0,83.6,75.9,,77.6,0.2,1,4,69,0.0,0,638,3,92,96.7,617,27.0,172,98.2,128,5,72.9,465,1114,408,4.4,12.1,1.81
Cooper Kupp,11824,WR,LA,16,7.0,21,76.2,58.3,7,12,0,5.0,5,48,26,0,79.5,65.3,81.6,73.1,78.0,0.0,0,3,55,1.6,9,567,0,96,95.1,539,61.7,350,98.4,126,3,38.3,217,1052,544,5.7,11.0,1.95
Justin Jefferson,61398,WR,MIN,16,12.0,13,72.7,54.5,12,22,0,4.3,4,58,18,1,82.3,55.0,90.4,,90.5,0.0,0,4,71,0.0,0,564,2,88,93.3,526,30.3,171,116.4,121,7,69.5,392,1400,450,5.1,15.9,2.66
Cole Beasley,7330,WR,BUF,18,7.6,7,80.7,75.0,9,12,0,2.0,2,59,4,0,90.5,83.3,81.7,,83.1,0.0,0,2,35,0.0,0,616,2,96,92.9,572,88.8,547,109.8,119,4,10.2,63,1112,409,4.3,11.6,1.94
Brandin Cooks,8655,WR,HST,15,12.5,3,70.4,38.1,8,21,0,5.8,5,52,13,0,74.5,82.3,81.1,,80.5,0.0,0,4,57,0.0,0,584,1,81,95.9,560,29.6,173,105.3,115,6,70.2,410,1150,336,4.1,14.2,2.05
Marvin Jones Jr.,7158,WR,DET,16,13.1,6,66.7,57.7,15,26,0,5.0,4,52,11,0,77.6,81.8,73.6,65.6,75.3,0.7,5,4,43,0.1,1,667,2,76,93.0,620,31.3,209,105.1,114,9,67.9,453,978,200,2.6,12.9,1.58
Logan Thomas,8755,TE,WAS,17,8.2,6,67.5,42.3,11,26,0,7.2,6,39,32,0,67.5,82.6,65.2,57.1,64.8,19.9,144,4,30,5.2,38,725,4,77,90.3,655,65.7,476,88.5,114,6,13.2,96,744,320,4.2,9.7,1.14
Jarvis Landry,8698,WR,CLV,17,7.9,9,73.7,63.6,14,22,1,6.7,6,52,8,2,70.3,56.0,84.7,76.3,81.8,0.4,2,2,40,0.8,4,505,4,84,92.5,467,57.4,290,105.6,114,5,41.4,209,952,415,4.9,11.3,2.04
Chris Godwin,11839,WR,TB,16,10.5,6,71.1,63.2,12,19,0,10.0,9,53,30,1,53.7,52.9,76.0,68.4,75.4,1.5,9,1,52,0.3,2,601,0,81,94.5,568,65.7,395,120.2,114,8,32.8,197,1072,403,5.0,13.2,1.89
D.J. Moore,48267,WR,CAR,15,13.7,15,58.4,47.8,11,23,0,9.6,7,53,5,0,61.5,81.6,79.1,,79.1,0.0,0,8,74,0.0,0,568,3,66,94.2,535,22.7,129,77.0,113,4,77.3,439,1193,390,5.9,18.1,2.23
Alvin Kamara,11822,HB,NO,17,1.0,24,79.3,44.4,4,9,0,8.3,8,36,20,0,67.7,76.2,82.0,58.9,84.5,0.0,0,2,52,8.1,36,447,1,88,88.6,396,12.8,57,103.9,111,5,11.2,50,793,757,8.6,9.0,2.0
Jerry Jeudy,61103,WR,DEN,16,14.6,9,47.3,41.7,10,24,0,18.8,12,39,10,2,28.5,38.1,65.2,,64.8,0.0,0,6,92,0.0,0,545,2,52,94.5,515,33.4,182,60.3,110,3,66.6,363,856,260,5.0,16.5,1.66
Chase Claypool,42312,WR,PIT,17,13.6,9,60.9,35.7,10,28,0,5.6,4,43,25,3,74.5,24.0,75.5,,75.8,0.4,2,0,84,0.0,0,532,1,67,92.3,491,22.4,119,121.5,110,11,77.3,411,932,342,5.1,13.9,1.9
Marquise Brown,61568,WR,BLT,18,14.0,8,62.7,27.3,3,11,0,9.2,7,42,3,0,57.4,81.5,74.6,,74.6,0.0,0,4,70,0.0,0,544,1,69,96.1,523,22.1,120,100.0,110,8,77.8,423,965,326,4.7,14.0,1.85
CeeDee Lamb,61570,WR,DAL,16,10.3,6,67.9,29.4,5,17,0,10.8,9,46,9,1,48.2,67.2,71.6,77.3,72.6,0.0,0,2,52,0.7,4,541,4,74,95.4,516,93.2,504,102.0,109,5,6.5,35,935,312,4.2,12.6,1.81
A.J. Brown,48327,WR,TEN,15,11.4,18,69.7,61.3,19,31,0,8.4,7,60,31,2,54.8,27.8,90.4,,90.4,0.7,3,2,73,0.0,0,457,2,76,94.7,433,16.4,75,133.5,109,12,82.9,379,1158,451,5.9,15.2,2.67
J.D. McKissic,11047,HB,WAS,17,1.7,13,75.2,22.2,2,9,0,4.7,4,32,32,2,79.6,38.6,62.4,59.4,68.5,0.0,0,3,29,14.1,73,517,0,82,82.2,425,13.3,69,82.2,109,2,18.0,93,597,518,6.3,7.3,1.4
Russell Gage,44771,WR,ATL,16,9.2,11,66.7,45.0,9,20,0,8.9,7,50,2,0,58.0,81.8,76.4,68.2,73.7,0.0,0,1,35,0.4,2,551,1,72,93.8,517,67.5,372,96.5,108,4,31.9,176,786,285,4.0,10.9,1.52
Tyler Boyd,10689,WR,CIN,15,8.8,6,73.1,42.9,6,14,2,2.5,2,43,7,1,89.5,53.8,75.8,62.2,75.5,0.4,2,4,72,0.2,1,537,3,79,95.2,511,84.2,452,92.4,108,4,15.5,83,841,355,4.5,10.6,1.65
Adam Thielen,8288,WR,MIN,15,12.5,4,69.8,40.7,11,27,0,6.3,5,51,18,0,77.6,82.2,87.4,,87.9,0.4,2,4,51,0.0,0,536,0,74,92.9,498,27.1,145,120.5,106,14,72.6,389,925,225,3.0,12.5,1.86
Tee Higgins,61211,WR,CIN,16,12.9,6,63.8,34.3,12,35,1,6.9,5,52,7,1,63.7,50.5,75.9,79.6,79.0,0.4,2,1,67,0.9,5,527,6,67,94.1,496,27.5,145,106.4,105,6,72.1,380,908,304,4.5,13.6,1.83
Mark Andrews,47436,TE,BLT,16,10.5,5,62.9,50.0,15,30,0,10.8,8,40,3,2,49.6,45.9,76.5,75.2,77.2,27.1,118,2,39,1.4,6,435,5,66,95.2,414,63.0,274,99.3,105,7,9.0,39,770,211,3.2,11.7,1.86
Evan Engram,11778,TE,NYG,16,7.4,6,61.8,19.0,4,21,0,11.3,8,32,21,1,50.0,49.5,60.6,58.6,61.4,38.8,222,6,53,5.4,31,572,2,63,88.8,508,46.0,263,59.0,102,1,14.3,82,654,284,4.5,10.4,1.29
A.J. Green,6156,WR,CIN,16,14.1,4,46.5,46.3,19,41,0,6.0,3,34,7,0,71.7,79.2,66.3,,65.7,0.0,0,3,33,0.0,0,538,2,47,95.4,513,21.0,113,56.7,101,2,79.0,425,523,83,1.8,11.1,1.02
DeVante Parker,9447,WR,MIA,14,10.7,7,63.0,60.0,21,35,0,10.0,7,45,17,1,58.9,45.6,76.4,64.5,77.0,0.2,1,2,31,0.2,1,484,2,63,93.8,454,22.9,111,92.6,100,4,76.9,372,793,170,2.7,12.6,1.75
Michael Gallup,26075,WR,DAL,16,12.7,6,60.2,52.9,9,17,0,10.6,7,44,9,0,45.3,80.3,66.3,,67.1,0.0,0,0,55,0.0,0,655,1,59,96.3,631,6.3,41,105.1,98,5,93.7,614,843,252,4.3,14.3,1.34
T.Y. Hilton,7092,WR,IND,16,13.5,4,59.8,36.4,8,22,0,7.9,5,43,14,0,63.9,80.4,75.9,,75.2,0.0,0,3,50,0.0,0,504,0,58,93.7,472,18.3,92,90.3,97,5,81.7,412,794,208,3.6,13.7,1.68
Eric Ebron,8645,TE,PIT,16,7.6,2,65.6,42.9,6,14,0,12.5,9,35,25,1,43.3,45.4,57.6,64.6,59.8,55.6,322,2,27,4.8,28,579,7,63,87.7,508,33.7,195,95.8,96,6,10.5,61,620,225,3.6,9.8,1.22
T.J. Hockenson,40912,TE,DET,16,7.5,7,69.8,50.0,5,10,1,9.5,7,40,11,0,62.7,47.7,75.5,50.9,76.3,45.6,246,4,51,9.3,50,539,6,67,85.3,460,39.7,214,95.1,96,6,14.5,78,723,318,4.7,10.8,1.57
Darius Slayton,25578,WR,NYG,16,14.2,7,53.2,31.8,7,22,1,10.7,6,40,21,1,51.4,38.4,67.8,,67.4,0.0,0,2,41,0.0,0,583,2,50,94.2,549,19.6,114,81.5,94,3,80.4,469,751,157,3.1,15.0,1.37
Darnell Mooney,48236,WR,CHI,16,11.8,17,64.9,28.6,4,14,1,3.2,2,33,6,1,83.9,47.0,68.7,,67.3,0.0,0,2,53,0.0,0,541,2,61,96.9,524,20.5,111,89.5,94,4,78.7,426,631,273,4.5,10.3,1.2
Curtis Samuel,11795,WR,CAR,15,7.5,7,82.8,63.6,7,11,0,6.1,5,39,5,1,66.5,64.0,77.1,76.2,76.4,0.9,4,1,44,0.4,2,465,3,77,94.4,439,71.4,332,111.1,93,3,21.3,99,851,334,4.3,11.1,1.94
Brandon Aiyuk,84109,WR,SF,12,9.9,9,64.5,14.3,2,14,1,7.7,5,43,28,0,69.8,82.1,80.1,67.5,80.8,0.0,0,4,49,0.2,1,455,3,60,94.9,432,24.2,110,89.4,93,5,75.8,345,748,286,4.8,12.5,1.73
Emmanuel Sanders,5606,WR,NO,16,9.3,3,74.2,62.5,5,8,0,5.5,4,36,20,1,74.3,47.7,74.4,,74.6,0.0,0,2,51,0.0,0,440,1,69,96.1,423,33.0,145,107.7,93,5,67.0,295,777,188,2.7,11.3,1.84
Corey Davis,11760,WR,TEN,15,12.4,6,70.7,61.1,11,18,0,5.8,4,49,31,1,79.1,46.5,85.3,,85.6,1.9,8,0,75,0.0,0,418,1,65,95.7,400,22.0,92,123.6,92,5,76.1,318,984,286,4.4,15.1,2.46
D.J. Chark Jr.,47702,WR,JAX,13,14.6,0,57.6,45.8,11,24,0,8.6,5,37,15,0,59.5,79.6,71.3,,71.2,0.0,0,5,73,0.0,0,497,1,53,96.0,477,24.1,120,77.5,92,5,75.9,377,706,169,3.2,13.3,1.48
Rob Gronkowski,5567,TE,TB,20,11.8,3,59.6,61.9,13,21,0,5.4,3,35,30,1,73.9,40.3,70.9,59.0,78.4,80.6,491,2,48,17.1,104,609,2,53,78.3,477,12.8,78,110.4,89,9,6.6,40,733,321,6.1,13.8,1.54
Noah Fant,42388,TE,DEN,15,7.1,10,69.7,40.0,6,15,0,4.6,3,34,10,0,77.5,80.6,71.2,28.7,80.3,78.3,367,2,37,7.2,34,469,4,62,87.4,410,15.4,72,93.5,89,3,5.8,27,673,372,6.0,10.9,1.64
Sterling Shepard,10674,WR,NYG,12,8.6,5,75.0,53.8,7,13,0,2.9,2,37,21,0,86.8,82.1,79.6,,79.4,0.8,3,1,29,0.0,0,395,2,66,93.7,370,32.2,127,102.3,88,3,67.1,265,656,204,3.1,9.9,1.77
Hunter Henry,10669,TE,LAC,14,8.5,8,69.0,57.1,12,21,0,4.8,3,35,27,0,77.2,80.5,69.3,54.1,67.4,39.5,232,1,33,13.4,79,588,1,60,81.6,480,48.1,283,99.4,87,4,12.1,71,613,238,4.0,10.2,1.28
Hayden Hurst,47294,TE,ATL,16,7.6,3,65.9,52.4,11,21,1,3.4,2,35,2,0,82.3,80.1,58.9,30.5,62.8,43.4,255,3,42,4.1,24,588,2,56,89.8,528,48.6,286,93.8,85,6,8.0,47,571,253,4.5,10.2,1.08
Dalton Schultz,47304,TE,DAL,16,6.9,12,74.1,50.0,5,10,0,4.5,3,33,9,1,77.9,44.4,63.9,35.2,63.8,38.6,241,2,28,8.5,53,625,5,63,88.5,553,50.2,314,99.9,85,4,10.4,65,615,274,4.3,9.8,1.11
Keelan Cole,51593,WR,JAX,16,11.5,4,66.3,57.1,8,14,0,8.3,5,34,15,0,61.3,84.7,64.4,66.6,63.7,0.5,3,1,51,0.2,1,601,1,55,95.8,576,68.7,413,104.6,83,5,30.8,185,642,180,3.3,11.7,1.11
Jamison Crowder,9538,WR,NYJ,12,8.2,7,71.1,30.0,3,10,0,3.3,2,32,22,0,82.9,80.8,75.3,,76.2,0.2,1,3,69,0.0,0,414,2,59,94.2,390,72.0,298,105.4,83,6,27.1,112,699,330,5.6,11.8,1.79
Mike Gesicki,47153,TE,MIA,15,11.6,2,64.6,58.6,17,29,0,5.4,3,36,17,0,73.9,79.8,78.1,45.7,79.4,12.9,61,3,70,1.7,8,473,1,53,92.8,439,67.4,319,100.8,82,6,19.7,93,703,175,3.3,13.3,1.6
Nelson Agholor,9453,WR,LV,16,15.7,7,58.5,53.3,8,15,0,15.8,9,37,23,0,31.7,79.5,73.8,,73.8,0.2,1,3,85,0.0,0,466,0,48,94.2,439,33.3,155,113.7,82,8,66.3,309,896,242,5.0,18.7,2.04
Mike Williams,11762,WR,LAC,15,15.8,1,59.3,48.3,14,29,0,5.9,3,35,27,0,71.1,79.3,72.7,,72.3,0.0,0,2,64,0.0,0,514,2,48,94.4,485,23.3,120,100.6,81,5,76.7,394,756,154,3.2,15.8,1.56
Josh Reynolds,11872,WR,LA,18,11.4,10,67.9,44.4,8,18,0,5.2,3,34,26,2,73.9,80.0,65.5,55.4,65.9,0.2,1,2,40,0.7,4,565,1,55,96.3,544,32.4,183,91.7,81,2,67.3,380,683,247,4.5,12.4,1.26
Austin Hooper,10715,TE,CLV,15,7.6,1,69.6,71.4,10,14,0,11.3,7,32,8,0,48.6,79.9,69.8,63.2,72.0,65.2,281,1,36,14.4,62,431,3,55,81.9,353,25.3,109,102.1,79,5,8.1,35,497,181,3.3,9.0,1.41
Greg Ward,12258,WR,PHI,16,6.0,5,67.9,58.3,7,12,1,5.4,3,23,24,1,73.5,41.3,58.8,54.5,58.6,0.0,0,2,32,0.7,4,544,1,53,92.1,501,86.6,471,96.0,78,6,13.2,72,419,163,3.1,7.9,0.84
Nyheim Hines,48103,HB,IND,17,0.7,10,83.3,50.0,2,4,0,4.4,3,25,14,0,79.5,90.9,82.4,28.9,91.7,0.9,3,0,29,5.7,18,316,1,65,89.9,284,8.5,27,109.9,78,4,15.8,50,490,483,7.4,7.5,1.73
Jakobi Meyers,47468,WR,NE,14,10.6,6,75.6,66.7,4,6,0,4.8,3,37,19,1,78.0,46.4,78.6,61.6,80.1,0.0,0,2,35,0.3,1,348,3,59,93.4,325,60.3,210,93.4,78,0,39.1,136,729,222,3.8,12.4,2.24
Laviska Shenault Jr.,61220,WR,JAX,14,6.6,16,75.3,72.2,13,18,0,4.9,3,33,15,0,75.7,82.7,71.5,,71.8,1.0,4,0,36,0.0,0,404,1,58,96.0,388,27.5,111,119.0,77,5,68.6,277,600,300,5.2,10.3,1.55
Will Fuller V,10655,WR,HST,11,13.3,4,69.7,42.9,6,14,0,3.6,2,38,13,0,81.2,80.8,86.2,,85.0,0.0,0,2,77,0.0,0,406,0,53,94.8,385,24.4,99,132.5,76,8,75.6,307,879,284,5.4,16.6,2.28
Anthony Miller,48160,WR,CHI,17,10.1,5,67.1,45.5,5,11,1,5.6,3,24,6,2,71.9,46.5,58.2,,58.8,0.2,1,3,34,0.0,0,460,1,51,97.0,446,92.8,427,78.1,76,2,7.0,32,507,145,2.8,9.9,1.14
Zach Pascal,12303,WR,IND,17,11.3,5,61.8,41.2,7,17,1,9.6,5,32,14,0,56.7,79.8,62.9,66.2,62.3,1.3,7,2,42,0.2,1,550,4,47,93.5,514,74.5,410,105.5,76,6,23.5,129,666,245,5.2,14.2,1.3
Hunter Renfrow,47509,WR,LV,16,6.6,9,74.7,36.4,4,11,0,3.4,2,32,23,1,82.0,36.3,74.8,,75.0,0.0,0,0,53,0.0,0,401,1,56,93.3,374,63.6,255,109.6,75,2,36.4,146,656,348,6.2,11.7,1.75
Tim Patrick,12087,WR,DEN,15,13.1,3,68.9,66.7,10,15,2,0.0,0,33,10,0,86.9,79.5,74.5,65.6,75.6,1.3,6,3,61,0.2,1,456,4,51,95.0,433,19.1,87,111.4,74,6,79.4,362,742,239,4.7,14.5,1.71
Mecole Hardman,42683,WR,KC,19,9.6,3,66.2,20.0,1,5,0,12.5,7,27,16,1,44.7,68.3,69.0,,68.4,0.5,2,0,49,0.0,0,434,3,49,94.5,410,53.0,230,115.0,74,5,46.1,200,626,376,7.7,12.8,1.53
Marquez Valdes-Scantling,47809,WR,GB,18,18.2,2,55.4,40.0,6,15,0,14.6,7,34,12,1,35.9,32.8,60.6,,61.9,0.5,3,2,78,0.0,0,559,3,41,93.9,525,32.9,184,115.7,74,7,66.5,372,838,298,7.3,20.4,1.6
Christian Kirk,47546,WR,ARZ,14,13.2,0,64.9,41.7,5,12,0,4.0,2,30,1,0,78.2,87.0,62.3,,62.5,0.0,0,3,80,0.0,0,540,0,48,95.0,513,16.3,88,101.2,74,6,83.7,452,621,181,3.8,12.9,1.21
Antonio Brown,5718,WR,TB,11,9.4,8,71.6,72.7,8,11,0,1.9,1,31,30,0,87.4,81.0,82.2,,82.6,0.0,0,1,46,0.0,0,314,0,53,93.3,293,21.0,66,114.9,74,6,78.3,246,564,277,5.2,10.6,1.92
Jimmy Graham,5619,TE,CHI,17,7.6,4,70.3,66.7,12,18,0,1.9,1,33,6,1,87.2,38.1,64.5,54.3,67.4,35.4,162,3,30,9.2,42,457,2,52,88.2,403,47.7,218,110.4,74,9,16.8,77,481,206,4.0,9.3,1.19
Jared Cook,5012,TE,NO,17,11.6,8,63.0,55.6,10,18,1,8.0,4,29,20,2,62.5,23.7,69.3,3.2,70.3,14.4,56,2,46,1.3,5,389,2,46,94.9,369,57.8,225,107.8,73,7,27.8,108,572,135,2.9,12.4,1.55
Damiere Byrd,9964,WR,NE,16,12.0,5,64.4,16.7,2,12,1,9.6,5,29,19,1,55.5,25.7,61.4,67.0,63.3,0.0,0,3,42,0.4,2,496,1,47,94.6,469,9.1,45,77.7,73,1,90.9,451,604,168,3.6,12.9,1.29
Kendrick Bourne,12270,WR,SF,15,10.0,7,68.1,50.0,7,14,0,7.5,4,35,28,0,65.4,79.5,72.0,80.9,72.9,0.6,3,2,49,0.4,2,476,3,49,94.1,448,46.2,220,95.1,72,2,53.2,253,667,218,4.4,13.6,1.49
Gabriel Davis,55410,WR,BUF,19,17.4,2,54.9,25.0,4,16,3,11.4,5,31,4,1,51.7,31.8,66.4,59.3,67.1,0.2,1,3,56,1.8,10,563,4,39,91.5,515,36.1,203,103.3,71,7,63.6,358,684,130,3.3,17.5,1.33
Larry Fitzgerald,1724,WR,ARZ,13,6.2,0,76.1,33.3,3,9,0,0.0,0,26,1,0,90.6,79.8,59.6,69.5,61.1,0.0,0,2,18,0.8,4,475,2,54,93.5,444,86.7,412,82.4,71,1,12.8,61,409,182,3.4,7.6,0.92
Aaron Jones,11937,HB,GB,16,1.0,17,76.5,50.0,2,4,0,8.8,5,17,12,3,58.8,53.0,75.6,39.1,62.3,1.7,6,0,30,15.6,55,352,0,52,81.8,288,8.2,29,98.7,68,2,14.2,50,376,397,7.6,7.2,1.31
Zach Ertz,7816,TE,PHI,11,7.8,1,52.9,33.3,3,9,0,10.0,4,16,24,0,55.3,77.8,57.3,68.3,57.7,36.9,158,3,42,10.5,45,428,2,36,85.0,364,47.7,204,53.2,68,1,14.5,62,335,99,2.8,9.3,0.92
Danny Amendola,4717,WR,DET,14,8.5,5,67.6,40.0,4,10,0,4.2,2,30,11,0,76.8,80.9,74.9,72.1,75.4,0.8,3,2,50,0.6,2,355,3,46,93.0,330,85.6,304,83.1,68,0,12.7,45,602,293,6.4,13.1,1.82
Ezekiel Elliott,10638,HB,DAL,15,-0.2,10,76.5,0.0,0,2,0,13.3,8,20,9,1,41.5,31.3,65.3,64.1,49.1,0.4,2,3,19,19.8,99,499,0,52,77.6,387,5.2,26,77.9,68,2,6.2,31,338,370,7.1,6.5,0.87
Mike Davis,9559,HB,CAR,15,-0.7,22,88.1,75.0,3,4,0,4.8,3,17,5,0,75.9,79.5,75.1,52.4,73.2,0.0,0,1,23,15.9,60,377,0,59,80.4,303,7.2,27,93.6,67,2,5.8,22,373,432,7.3,6.3,1.23
John Brown,8726,WR,BUF,12,13.0,2,64.2,50.0,6,12,0,6.5,3,26,4,0,61.2,78.6,65.7,,66.2,0.0,0,1,46,0.0,0,442,0,43,95.0,420,10.0,44,98.1,67,3,90.0,398,544,184,4.3,12.7,1.3
Leonard Fournette,11759,HB,TB,16,0.1,9,80.6,0.0,0,2,0,11.5,7,19,30,0,47.0,90.6,65.5,28.4,58.9,0.0,0,0,22,15.5,61,393,0,54,80.9,318,2.5,10,95.3,67,1,7.4,29,381,383,7.1,7.1,1.2
Michael Pittman Jr.,29049,WR,IND,14,8.5,6,68.2,20.0,1,5,0,8.2,4,25,14,1,61.5,37.0,62.8,,62.3,0.0,0,1,45,0.0,0,431,8,45,95.6,412,25.3,109,95.1,66,1,74.7,322,593,331,7.4,13.2,1.44
Robert Tonyan,12193,TE,GB,18,8.0,0,90.9,33.3,1,3,0,0.0,0,37,12,0,90.7,80.3,68.6,58.0,71.8,46.4,229,0,45,7.5,37,494,5,60,87.2,431,36.8,182,148.4,66,12,16.6,82,668,261,4.4,11.1,1.55
Jonnu Smith,11855,TE,TEN,16,6.1,3,65.2,40.0,8,20,0,4.4,2,25,31,0,75.8,78.9,74.0,36.4,77.3,52.6,205,2,63,14.6,57,390,1,43,81.8,319,30.3,118,112.2,66,8,13.1,51,457,238,5.5,10.6,1.43
Chase Edmonds,45851,HB,ARZ,16,1.6,8,81.5,33.3,1,3,0,1.9,1,21,1,1,87.9,58.0,69.2,49.3,77.0,0.5,2,0,30,13.3,50,377,0,53,80.9,305,25.5,96,112.9,65,4,7.7,29,402,340,6.4,7.6,1.32
Julio Jones,6158,WR,ATL,9,12.7,8,78.5,50.0,6,12,0,5.6,3,36,2,0,72.2,79.3,86.3,,84.9,0.0,0,0,44,0.0,0,314,0,51,94.3,296,22.6,71,131.5,65,3,77.4,243,771,229,4.5,15.1,2.6
Michael Thomas,10681,WR,NO,9,9.6,2,69.2,57.1,12,21,0,4.3,2,28,20,0,68.8,78.6,79.6,,78.9,0.0,0,2,38,0.0,0,278,0,45,95.3,265,28.1,78,84.8,65,1,71.9,200,511,104,2.3,11.4,1.93
Tyler Higbee,10744,TE,LA,17,8.2,6,73.4,50.0,4,8,0,4.1,2,27,26,0,70.5,79.2,67.6,62.0,68.8,71.7,334,1,44,21.2,99,466,5,47,76.6,357,13.9,65,117.3,64,5,14.4,67,530,246,5.2,11.3,1.48
Dallas Goedert,47272,TE,PHI,11,9.1,10,71.9,46.2,6,13,1,4.2,2,28,24,0,77.0,78.8,79.6,57.4,76.4,54.2,213,1,41,14.5,57,393,2,46,81.9,322,35.6,140,105.2,64,3,9.4,37,524,200,4.3,11.4,1.63
Travis Fulgham,48023,WR,PHI,13,13.8,4,59.4,35.3,6,17,0,11.6,5,26,24,0,56.2,77.7,71.2,66.0,70.9,0.5,2,1,42,0.3,1,387,1,38,93.0,360,17.3,67,101.0,64,4,82.2,318,539,108,2.8,14.2,1.5
David Montgomery,45719,HB,CHI,16,0.9,18,84.4,33.3,2,6,0,3.6,2,25,6,1,80.8,76.0,80.2,60.9,65.8,0.8,4,0,28,15.1,76,503,0,54,82.3,414,2.6,13,105.6,64,2,4.4,22,438,416,7.7,8.1,1.06
Chris Conley,9509,WR,JAX,15,11.0,3,63.5,50.0,6,12,0,11.1,5,24,15,1,50.7,29.7,70.1,,68.3,1.0,3,1,51,0.0,0,315,1,40,97.1,306,27.6,87,90.1,63,2,71.4,225,471,186,4.7,11.8,1.54
Demarcus Robinson,10760,WR,KC,19,10.1,6,74.6,33.3,2,6,0,4.1,2,28,16,1,78.2,40.5,60.7,56.6,59.9,3.5,22,2,28,0.8,5,623,3,47,93.4,582,14.9,93,99.4,63,3,81.5,508,491,182,3.9,10.4,0.84
George Kittle,11901,TE,SF,8,7.9,2,76.2,61.5,8,13,0,14.3,8,32,28,0,36.6,79.5,84.9,75.1,87.7,59.3,159,2,44,13.4,36,268,3,48,83.2,223,32.1,86,104.9,63,2,6.3,17,634,299,6.2,13.2,2.84
Rashard Higgins,10806,WR,CLV,14,14.6,1,72.1,53.8,7,13,0,6.4,3,31,8,4,68.8,19.2,73.4,65.7,72.8,0.5,2,2,43,0.3,1,377,1,44,95.2,359,18.6,70,119.2,61,4,80.9,305,715,103,2.3,16.3,1.99
James Washington,47792,WR,PIT,17,13.2,5,58.3,21.4,3,14,0,10.3,4,23,25,0,53.6,77.3,63.8,,63.9,1.4,5,2,50,0.0,0,346,0,35,93.1,322,17.6,61,96.8,60,5,80.9,280,464,158,4.5,13.3,1.44
Gerald Everett,11799,TE,LA,18,6.1,9,68.3,40.0,4,10,1,12.8,6,24,26,1,44.1,30.5,61.3,55.9,61.1,55.0,216,1,40,16.0,63,393,4,41,81.2,319,18.1,71,86.6,60,1,26.0,102,417,241,5.9,10.2,1.31
Austin Ekeler,12164,HB,LAC,10,-1.1,14,90.0,0.0,0,1,0,1.8,1,20,27,0,80.4,73.6,77.0,42.3,81.5,0.0,0,0,28,12.5,35,281,0,54,83.6,235,10.0,28,105.8,60,2,9.3,26,403,482,8.9,7.5,1.71
Allen Lazard,48135,WR,GB,12,11.4,5,69.0,28.6,2,7,0,14.9,7,30,12,0,29.7,78.4,72.4,73.9,69.7,6.2,22,1,72,1.1,4,353,0,40,93.8,331,50.4,178,119.1,58,4,43.1,152,609,254,6.4,15.2,1.84
Dawson Knox,35883,TE,BUF,15,7.2,3,58.6,33.3,2,6,1,10.5,4,20,4,2,52.5,21.3,61.3,65.1,56.8,41.2,173,1,36,14.5,61,420,2,34,81.2,341,31.2,131,97.8,58,5,6.7,28,353,220,6.5,10.4,1.04
Scotty Miller,47481,WR,TB,20,16.1,3,63.8,33.3,3,9,1,5.1,2,23,30,0,67.9,78.5,68.2,,67.9,0.0,0,2,48,0.0,0,372,1,37,92.7,345,23.9,89,105.6,58,4,76.1,283,581,114,3.1,15.7,1.68
Giovani Bernard,7818,HB,CIN,16,0.9,8,81.0,0.0,0,1,0,7.8,4,16,7,0,62.4,74.8,63.4,73.0,59.4,0.0,0,1,42,20.0,72,360,0,47,76.7,276,10.3,37,102.2,58,3,13.3,48,355,363,7.7,7.6,1.29
Cam Sims,47908,WR,WAS,15,11.3,9,67.2,58.8,10,17,1,11.4,5,23,32,0,48.9,78.1,62.5,,62.4,0.2,1,2,50,0.0,0,465,1,39,95.5,444,20.6,96,91.2,58,1,79.1,368,581,280,7.2,14.9,1.31
James White,8765,HB,NE,14,-0.6,5,86.0,100.0,1,1,0,3.9,2,20,19,0,78.7,55.9,65.5,26.7,84.2,0.8,2,1,34,20.6,50,243,0,49,75.7,184,8.6,21,92.6,57,1,4.5,11,375,408,8.3,7.7,2.04
Devin Singletary,40485,HB,BUF,19,0.3,10,82.1,0.0,0,2,1,11.5,6,9,4,0,48.3,79.5,66.0,57.5,53.1,0.0,0,0,34,17.9,93,520,3,46,77.9,405,4.0,21,90.0,56,0,15.2,79,313,317,6.9,6.8,0.77
Breshad Perriman,9459,WR,NYJ,12,15.7,2,53.6,18.2,2,11,0,9.1,3,20,22,0,58.8,76.9,63.6,,63.1,0.3,1,4,53,0.0,0,393,0,30,94.1,370,25.7,101,72.4,56,3,74.0,291,505,162,5.4,16.8,1.36
D'Andre Swift,57212,HB,DET,13,0.8,11,82.1,75.0,3,4,0,8.0,4,15,11,1,62.4,56.4,69.4,44.9,69.4,0.4,1,0,26,9.5,26,273,0,46,82.8,226,3.7,10,105.1,56,2,15.0,41,357,350,7.6,7.8,1.58
James Robinson,22425,HB,JAX,14,-1.0,17,87.5,100.0,2,2,0,5.8,3,15,15,2,71.7,72.2,72.9,43.3,64.1,0.0,0,0,28,20.8,79,380,2,49,75.3,286,1.3,5,110.1,56,3,6.8,26,344,395,8.1,7.0,1.2
N'Keal Harry,48297,WR,NE,14,8.4,4,60.0,58.3,7,12,0,5.7,2,15,19,1,70.5,28.7,57.8,67.8,61.4,0.3,1,2,30,0.9,3,334,4,33,95.2,318,35.9,120,72.5,55,2,63.2,211,309,103,3.1,9.4,0.97
Tyler Eifert,7802,TE,JAX,15,9.3,1,66.7,29.4,5,17,0,0.0,0,22,15,0,89.7,77.4,62.2,48.8,61.3,32.9,141,4,28,7.5,32,429,0,36,88.6,380,51.0,219,66.0,54,2,13.3,57,349,103,2.9,9.7,0.92
Clyde Edwards-Helaire,57279,HB,KC,15,1.1,13,72.2,50.0,2,4,0,7.1,3,13,16,0,66.2,90.8,77.2,46.0,66.6,1.0,4,1,26,9.6,37,385,1,39,84.4,325,4.7,18,85.4,54,1,8.6,33,320,327,8.4,8.2,0.98
K.J. Hamler,61590,WR,DEN,13,10.9,5,55.6,25.0,3,12,0,18.9,7,17,10,1,29.2,41.7,55.9,,55.4,0.3,1,3,49,0.0,0,352,0,30,92.6,326,66.2,233,73.1,54,3,33.2,117,381,123,4.1,12.7,1.17
Cameron Brate,9207,TE,TB,19,8.9,1,77.8,60.0,3,5,0,0.0,0,26,30,1,90.2,29.9,69.2,49.5,76.7,47.0,126,1,25,5.2,14,268,0,42,89.9,241,30.2,81,112.7,54,3,19.0,51,457,136,3.2,10.9,1.9
Willie Snead IV,8999,WR,BLT,15,8.1,11,74.1,44.4,4,9,0,7.0,3,23,3,1,67.1,30.8,69.5,,69.2,0.0,0,1,34,0.0,0,357,1,40,95.5,341,81.8,292,110.6,54,3,18.2,65,466,209,5.2,11.7,1.37
Jalen Reagor,61697,WR,PHI,11,14.0,5,58.5,33.3,4,12,0,3.1,1,19,24,0,68.8,80.5,64.0,,64.2,0.3,1,3,55,0.0,0,322,1,31,94.4,304,20.8,67,64.7,53,1,78.6,253,396,175,5.6,12.8,1.3
Braxton Berrios,47961,WR,NYJ,15,7.7,4,69.8,16.7,1,6,0,9.8,4,19,22,0,55.3,87.9,72.4,,71.8,0.0,0,1,43,0.0,0,202,0,37,91.6,185,70.8,143,102.2,53,3,22.8,46,394,222,6.0,10.6,2.13
Anthony Firkser,51837,TE,TEN,17,7.1,6,78.8,60.0,9,15,0,0.0,0,28,31,0,90.1,78.1,78.6,46.6,77.7,10.7,28,0,45,1.1,3,262,0,41,92.7,243,71.8,188,107.6,52,1,17.2,45,431,174,4.2,10.5,1.77
Sammy Watkins,8639,WR,KC,11,8.1,2,73.1,25.0,1,4,0,7.3,3,28,16,1,64.3,29.5,64.5,72.7,62.4,0.5,2,0,37,1.3,5,382,2,38,93.7,358,48.2,184,110.6,52,2,51.0,195,434,163,4.3,11.4,1.21
Jakeem Grant,10820,WR,MIA,14,10.4,12,69.2,62.5,5,8,0,10.0,4,22,17,0,54.4,88.0,70.9,,71.0,0.8,2,1,30,0.0,0,247,1,36,95.1,235,27.5,68,88.1,52,1,71.7,177,373,182,5.1,10.4,1.59
Drew Sample,47259,TE,CIN,16,4.2,6,76.9,30.0,3,10,0,9.1,4,16,7,1,58.7,29.7,61.4,72.6,52.8,69.3,365,1,23,17.8,94,527,2,40,78.4,413,13.1,69,92.5,52,1,15.0,79,349,205,5.1,8.7,0.85
Kareem Hunt,11841,HB,CLV,18,1.2,18,76.9,40.0,2,5,0,11.1,5,20,8,1,50.6,70.7,74.4,60.6,64.4,1.9,7,0,26,19.5,72,369,0,40,75.6,279,4.3,16,123.8,52,5,8.7,32,319,313,7.8,8.0,1.14
Jalen Guyton,34164,WR,LAC,16,16.4,2,53.8,22.2,2,9,0,17.6,6,18,27,0,30.0,76.9,52.2,68.2,51.1,0.2,1,2,72,0.3,2,617,4,28,94.2,581,40.7,251,91.1,52,3,59.2,365,511,183,6.5,18.3,0.88
Golden Tate,5585,WR,NYG,12,9.5,1,68.6,50.0,9,18,1,5.4,2,19,21,0,70.9,79.9,66.0,,66.3,0.3,1,1,39,0.0,0,318,2,35,95.0,302,85.2,271,95.9,51,2,14.5,46,388,79,2.3,11.1,1.28
Tre'Quan Smith,48228,WR,NO,15,10.2,8,72.5,57.1,4,7,0,9.8,4,25,20,1,55.1,29.1,61.9,76.7,61.8,0.5,2,0,56,1.6,7,439,3,37,94.1,413,55.1,242,145.3,51,6,44.4,195,533,156,4.2,14.4,1.29
Dalvin Cook,11796,HB,MIN,14,-1.9,10,86.3,0.0,0,1,0,6.4,3,17,18,1,68.6,60.9,89.0,45.5,62.1,0.6,2,1,50,15.4,51,332,0,44,79.2,263,2.7,9,94.5,51,1,6.6,22,361,438,10.0,8.2,1.37
Miles Sanders,40555,HB,PHI,12,1.7,5,56.0,50.0,1,2,0,22.2,8,8,24,0,28.3,34.4,63.0,50.1,33.9,0.0,0,2,28,19.6,75,383,0,28,77.0,295,5.0,19,48.5,50,0,8.4,32,197,219,7.8,7.0,0.67
Jordan Akins,47050,TE,HST,13,8.0,4,75.5,63.6,7,11,0,2.6,1,20,13,0,81.0,77.8,71.8,37.1,74.6,25.2,81,0,26,4.4,14,321,2,37,92.5,297,57.6,185,106.1,49,1,10.9,35,403,163,4.4,10.9,1.36
David Moore,11981,WR,SEA,17,9.5,2,76.6,55.6,5,9,0,2.7,1,18,29,0,80.8,86.2,66.0,56.5,66.4,0.9,3,0,57,0.6,2,334,1,36,95.8,320,26.9,90,142.6,47,6,72.2,241,418,177,4.9,11.6,1.31
Chris Carson,12004,HB,SEA,13,1.0,4,80.9,50.0,1,2,0,7.3,3,14,29,0,65.5,77.9,77.3,34.0,80.1,0.0,0,4,29,11.6,31,268,0,38,85.1,228,5.2,14,85.5,47,4,4.9,13,292,281,7.4,7.7,1.28
Trey Burton,9185,TE,IND,14,7.8,1,66.0,28.6,2,7,0,8.8,3,16,14,0,59.5,77.7,69.9,79.0,66.0,30.4,77,1,20,2.0,5,253,0,31,92.9,235,52.6,133,94.6,47,3,16.6,42,284,93,3.0,9.2,1.21
Randall Cobb,6216,WR,HST,10,7.3,1,80.9,57.1,4,7,0,2.6,1,20,13,0,81.3,77.9,71.6,,72.4,0.0,0,0,34,0.0,0,278,0,38,96.4,268,76.6,213,127.0,47,3,23.0,64,441,169,4.4,11.6,1.65
Myles Gaskin,45914,HB,MIA,10,-0.1,5,87.2,50.0,2,4,0,6.8,3,12,17,0,66.2,61.2,74.5,71.9,75.4,0.0,0,0,59,24.7,71,288,0,41,72.2,208,8.7,25,115.2,47,2,11.8,34,388,402,9.8,9.5,1.87
Antonio Gibson,78050,HB,WAS,15,-1.1,11,82.6,0.0,0,3,0,5.0,2,9,32,2,72.7,66.8,78.6,21.5,62.3,0.0,0,0,40,9.6,22,229,0,38,88.6,203,2.6,6,89.4,46,0,10.9,25,251,316,8.3,6.6,1.24
James Conner,11860,HB,PIT,14,-0.4,8,87.0,100.0,2,2,0,9.1,4,12,25,0,59.3,66.4,69.4,64.7,54.9,0.0,0,0,18,20.6,88,428,0,40,73.1,313,7.5,32,88.9,46,0,4.4,19,245,273,6.8,6.1,0.78
Cole Kmet,60995,TE,CHI,17,6.3,2,67.4,66.7,6,9,0,3.1,1,12,6,1,78.0,27.8,57.7,63.0,57.1,48.9,175,1,38,19.3,69,358,3,31,77.9,279,32.7,117,87.1,46,2,16.5,59,259,155,5.0,8.4,0.93
David Johnson,9519,HB,HST,12,3.8,12,71.7,50.0,2,4,0,10.8,4,16,13,2,51.7,60.3,62.9,51.5,45.5,0.0,0,0,32,11.6,45,387,0,33,86.0,333,6.2,24,104.8,46,2,17.1,66,314,247,7.5,9.5,0.94
Jerick McKinnon,8731,HB,SF,15,3.3,4,73.3,50.0,1,2,0,5.7,2,12,28,0,71.4,89.3,73.7,34.8,76.9,0.4,1,3,26,17.5,48,274,0,33,77.7,213,8.4,23,66.3,45,1,3.3,9,253,186,5.6,7.7,1.19
Jacob Hollister,12051,TE,SEA,17,8.1,1,56.8,20.0,1,5,0,19.4,6,14,29,0,29.5,76.2,58.8,37.0,58.2,32.8,86,1,20,10.7,28,262,1,25,83.6,219,44.7,117,82.5,44,3,14.5,38,209,73,2.9,8.4,0.95
Chris Herndon,47164,TE,NYJ,16,7.1,1,70.5,25.0,2,8,0,13.9,5,16,22,2,42.1,20.8,57.6,76.1,53.2,64.1,291,0,26,24.0,109,454,0,31,72.5,329,17.8,81,110.7,44,3,14.5,66,287,130,4.2,9.3,0.87
Deebo Samuel,48274,WR,SF,6,2.2,10,75.0,50.0,1,2,0,8.3,3,19,28,0,60.5,79.2,79.8,70.2,81.1,1.1,2,2,35,0.6,1,180,0,33,96.1,173,30.0,54,90.2,44,1,67.2,121,391,401,12.2,11.8,2.26
Henry Ruggs III,61102,WR,LV,13,17.3,2,60.5,30.0,3,10,0,10.3,3,13,23,1,53.8,23.6,54.0,,55.6,0.0,0,1,72,0.0,0,367,0,26,93.5,343,39.8,146,102.1,43,2,59.9,220,452,148,5.7,17.4,1.32
Ronald Jones,34001,HB,TB,17,0.2,5,65.1,100.0,1,1,0,15.2,5,2,30,2,30.1,71.2,74.6,46.8,29.6,0.0,0,1,37,9.9,24,243,0,28,83.5,203,6.2,15,70.4,43,1,7.8,19,165,163,5.8,5.9,0.81
Odell Beckham Jr.,8647,WR,CLV,7,14.1,4,53.5,42.9,3,7,0,4.2,1,17,8,0,73.5,76.5,75.3,,73.7,0.0,0,1,43,0.0,0,189,2,23,94.2,178,14.8,28,91.1,43,3,85.2,161,319,44,1.9,13.9,1.79
Jordan Reed,7866,TE,SF,10,9.0,5,60.5,41.7,5,12,0,7.1,2,16,28,0,55.1,75.9,66.2,72.4,70.0,18.7,36,1,26,1.6,3,193,2,26,91.2,176,64.8,125,96.2,43,4,15.0,29,231,81,3.1,8.9,1.31
Jonathan Taylor,57488,HB,IND,16,-1.5,5,90.5,,0,0,0,7.3,3,13,14,0,64.8,85.8,80.7,19.4,65.1,0.0,0,0,39,11.2,29,260,0,38,84.2,219,3.5,9,104.9,42,1,0.8,2,305,385,10.1,8.0,1.39
DaeSean Hamilton,45416,WR,DEN,16,14.2,0,54.8,20.0,1,5,2,11.5,3,16,10,1,51.8,25.6,58.4,65.7,57.9,0.3,1,3,40,0.3,1,325,5,23,94.2,306,32.0,104,62.9,42,2,67.7,220,293,95,4.1,12.7,0.96
Jack Doyle,8520,TE,IND,15,7.6,1,71.4,54.5,6,11,1,0.0,0,17,14,1,88.0,25.6,73.7,77.7,67.9,55.4,153,0,28,6.2,17,276,4,30,89.5,247,35.9,99,125.2,42,4,8.0,22,321,104,3.5,10.7,1.3
Melvin Gordon III,9448,HB,DEN,15,0.1,4,76.2,100.0,1,1,0,8.6,3,7,10,2,59.7,45.3,72.5,41.7,36.4,0.0,0,0,20,18.0,67,373,0,32,77.7,290,1.1,4,89.2,42,1,4.3,16,158,176,5.5,4.9,0.54
Dan Arnold,51842,TE,ARZ,16,12.6,0,73.8,50.0,4,8,0,3.1,1,24,1,2,78.4,20.8,61.7,72.6,64.4,40.2,131,1,59,1.5,5,326,6,31,91.4,298,45.4,148,128.9,42,4,10.1,33,438,177,5.7,14.1,1.47
Isaiah Ford,11991,WR,MIA,10,9.6,1,66.7,36.4,4,11,0,6.7,2,18,17,0,66.8,76.3,61.1,,60.7,0.4,1,2,18,0.0,0,275,1,28,95.6,263,66.2,182,65.2,42,0,33.1,91,276,70,2.5,9.9,1.05
Denzel Mims,47800,WR,NYJ,9,15.8,4,56.1,27.3,3,11,0,4.2,1,15,22,0,73.5,75.3,69.4,,70.4,0.4,1,1,30,0.0,0,264,1,23,93.6,247,24.6,65,74.9,41,0,75.0,198,357,102,4.4,15.5,1.45
Keke Coutee,47698,WR,HST,8,10.5,3,80.5,66.7,4,6,0,5.7,2,18,13,3,70.8,18.6,68.2,69.8,67.6,0.4,1,0,64,0.4,1,231,0,33,94.4,218,74.0,171,131.7,41,3,24.2,56,400,153,4.6,12.1,1.83
Irv Smith Jr.,42060,TE,MIN,13,8.9,3,73.2,42.9,3,7,1,3.2,1,22,18,0,78.9,77.0,70.0,29.2,75.4,66.6,215,0,36,5.9,19,323,5,30,87.0,281,23.2,75,139.7,41,5,9.9,32,365,120,4.0,12.2,1.3
Josh Jacobs,45953,HB,LV,15,0.5,10,80.5,,0,0,1,10.8,4,9,23,0,52.5,65.5,76.3,56.6,56.2,0.0,0,0,29,22.2,70,315,2,33,73.3,231,1.9,6,90.9,41,0,7.6,24,238,248,7.5,7.2,1.03
Mo Alie-Cox,12078,TE,IND,16,7.0,1,87.5,70.0,7,10,0,2.8,1,21,14,1,80.1,28.4,80.9,81.8,79.0,59.1,143,2,45,8.3,20,242,1,35,84.3,204,24.4,59,106.9,40,2,15.7,38,426,196,5.6,12.2,2.09
Steven Sims,48341,WR,WAS,13,7.1,1,75.0,66.7,2,3,0,14.3,5,15,32,1,41.2,34.8,57.6,,57.2,0.3,1,1,30,0.0,0,317,0,30,95.9,304,83.9,266,101.9,40,2,15.8,50,298,128,4.3,9.9,0.98
Tony Pollard,27126,HB,DAL,16,-0.5,9,71.8,100.0,2,2,0,12.5,4,9,9,0,47.5,90.3,71.7,54.6,56.9,0.0,0,0,30,16.0,39,244,0,28,81.6,199,8.2,20,91.1,39,1,13.1,32,193,239,8.5,6.9,0.97
Jamaal Williams,11889,HB,GB,16,0.3,7,89.7,0.0,0,1,0,5.4,2,12,12,0,71.6,90.3,76.9,58.5,60.0,2.2,7,0,29,21.7,68,314,1,35,73.9,232,3.2,10,102.8,39,1,11.8,37,258,247,7.1,7.4,1.11
James O'Shaughnessy,9606,TE,JAX,15,7.2,1,73.7,25.0,2,8,0,3.4,1,12,15,0,76.3,76.1,57.7,61.0,63.5,63.2,168,1,26,14.7,39,266,3,28,82.0,218,27.1,72,81.3,38,0,9.0,24,262,94,3.4,9.4,1.2
Jeff Smith,48055,WR,NYJ,9,12.8,1,44.7,40.0,2,5,0,15.0,3,9,22,0,41.6,73.9,52.1,,53.9,0.0,0,2,21,0.0,0,221,1,17,94.1,208,24.4,54,35.7,38,0,75.6,167,167,49,2.9,9.8,0.8
Darrel Williams,13014,HB,KC,19,-0.8,5,67.6,50.0,1,2,0,10.7,3,9,16,0,54.0,86.0,65.3,41.8,55.6,0.3,1,0,15,13.3,41,308,0,25,81.8,252,2.6,8,75.4,37,0,3.2,10,151,212,8.5,6.0,0.6
Harrison Bryant,26394,TE,CLV,17,8.0,4,64.9,0.0,0,3,0,7.7,2,14,8,2,62.3,19.5,59.4,69.2,56.7,40.8,131,2,35,12.5,40,321,1,24,82.6,265,43.6,140,87.4,37,3,11.5,37,238,119,5.0,9.9,0.9
Miles Boykin,48209,WR,BLT,18,12.4,2,59.5,0.0,0,2,1,0.0,0,14,3,0,84.5,74.9,61.7,,58.5,0.0,0,2,43,0.0,0,324,3,22,95.7,310,9.0,29,97.4,37,4,90.7,294,286,93,4.2,13.0,0.92
Kalen Ballage,45741,HB,LAC,11,-1.0,6,80.6,,0,0,0,9.4,3,5,27,0,57.0,67.1,62.7,21.4,53.5,0.0,0,0,21,22.9,44,192,0,29,74.5,143,4.2,8,85.9,36,0,8.9,17,166,226,7.8,5.7,1.16
Isaiah Wright,40113,WR,WAS,14,4.9,5,75.0,0.0,0,3,0,3.6,1,10,32,0,76.1,48.2,57.5,,57.4,0.0,0,1,22,0.0,0,255,0,27,95.3,243,80.8,206,75.8,36,0,19.2,49,197,144,5.3,7.3,0.81
Greg Olsen,3647,TE,SEA,12,8.7,0,66.7,50.0,2,4,0,11.1,3,16,29,0,52.9,76.0,61.3,65.2,59.5,27.6,89,2,22,7.7,25,323,1,24,88.2,285,58.5,189,71.4,36,1,13.9,45,239,55,2.3,10.0,0.84
Isaiah McKenzie,11927,WR,BUF,19,4.0,6,91.7,0.0,0,1,1,2.9,1,19,4,0,79.9,81.1,72.4,25.0,78.5,0.0,0,0,46,0.6,1,176,2,33,92.6,163,70.5,124,140.5,36,6,26.7,47,296,203,6.2,9.0,1.82
Lynn Bowden Jr.,61361,WR,MIA,10,4.8,7,77.8,40.0,2,5,0,0.0,0,13,17,0,86.9,78.8,68.8,68.8,65.1,0.4,1,2,22,0.4,1,226,0,28,93.8,212,73.5,166,67.9,36,0,23.9,54,211,118,4.2,7.5,1.0
David Njoku,11784,TE,CLV,15,8.0,3,68.6,71.4,5,7,0,11.1,3,16,8,0,51.8,75.3,70.1,77.4,67.6,62.9,156,0,28,14.9,37,248,0,24,80.2,199,25.8,64,111.5,35,2,11.3,28,279,126,5.3,11.6,1.4
Julian Edelman,5156,WR,NE,6,10.9,1,60.0,22.2,2,9,0,16.0,4,18,19,0,36.9,75.8,68.8,,69.3,0.6,1,3,49,0.0,0,176,0,21,94.9,167,74.4,131,53.9,35,0,24.4,43,315,69,3.3,15.0,1.89
Kyle Rudolph,6195,TE,MIN,12,7.5,2,80.0,42.9,3,7,1,0.0,0,16,18,1,87.3,27.0,66.5,73.8,66.6,87.9,269,0,25,15.7,48,306,2,28,80.7,247,6.9,21,116.0,35,1,2.0,6,334,158,5.6,11.9,1.35
Andy Isabella,47448,WR,ARZ,13,11.9,4,61.8,20.0,1,5,0,12.5,3,10,1,0,47.8,27.9,56.8,,56.1,0.0,0,3,54,0.0,0,222,0,21,96.4,214,87.4,194,63.8,34,2,12.2,27,224,89,4.2,10.7,1.05
Duke Johnson Jr.,9510,HB,HST,11,1.9,8,82.4,100.0,1,1,0,3.4,1,8,13,1,76.3,28.2,62.6,47.5,66.7,0.0,0,0,48,16.0,41,257,0,28,79.4,204,5.4,14,107.0,34,1,17.1,44,249,230,8.2,8.9,1.22
Malcolm Brown,9902,HB,LA,18,0.0,4,73.5,0.0,0,1,0,7.4,2,9,26,1,63.4,69.9,57.8,40.1,47.8,0.0,0,0,30,19.6,71,363,1,25,78.2,284,17.9,65,84.8,34,0,13.2,48,175,194,7.8,7.0,0.62
Van Jefferson,47447,WR,LA,16,10.5,2,73.5,60.0,3,5,0,7.4,2,14,26,1,64.5,76.5,69.8,,70.9,0.0,0,2,31,0.0,0,188,1,25,96.8,182,28.7,54,91.1,34,2,71.3,134,266,59,2.4,10.6,1.46
Richie James Jr.,28991,WR,SF,11,10.5,5,69.7,50.0,2,4,0,11.5,3,14,28,0,50.6,34.6,64.5,79.4,62.9,0.0,0,0,47,1.2,3,248,2,23,93.5,232,26.6,66,120.0,33,1,73.0,181,394,195,8.5,17.1,1.7
Deonte Harty,91470,WR,NO,11,3.9,13,84.8,,0,0,0,3.4,1,15,20,0,76.3,35.3,79.9,,79.5,0.0,0,1,40,0.0,0,142,0,28,97.2,138,50.0,71,98.0,33,1,47.9,68,268,189,6.8,9.6,1.94
Adam Humphries,10075,WR,TEN,7,10.0,0,69.7,33.3,3,9,0,4.2,1,11,31,0,72.8,75.3,69.9,,69.7,0.0,0,1,23,0.0,0,168,0,23,92.3,155,81.0,136,96.5,33,2,19.0,32,228,45,2.0,9.9,1.47
Preston Williams,38855,WR,MIA,8,15.3,0,54.5,40.0,4,10,0,14.3,3,14,17,0,46.4,74.4,65.5,,64.7,0.0,0,2,47,0.0,0,221,0,18,94.1,208,9.0,20,98.2,33,4,91.0,201,288,45,2.5,16.0,1.38
Kenny Golladay,11851,WR,DET,5,14.7,0,62.5,76.9,10,13,0,9.1,2,16,11,0,46.8,75.0,81.6,,79.8,0.0,0,0,48,0.0,0,150,0,20,91.3,137,18.0,27,119.0,32,2,82.0,123,338,42,2.1,16.9,2.47
Quintez Cephus,29614,WR,DET,13,14.9,1,62.5,0.0,0,1,0,9.1,2,16,11,0,48.0,74.6,64.8,68.1,66.0,0.4,1,0,49,0.9,2,231,0,20,93.5,216,17.3,40,120.4,32,2,82.3,190,349,82,4.1,17.5,1.62
Boston Scott,39462,HB,PHI,16,2.4,5,80.6,50.0,1,2,0,0.0,0,8,24,0,86.1,52.2,68.2,51.7,68.1,0.0,0,0,18,18.8,52,276,0,25,76.4,211,5.4,15,105.9,31,1,5.8,16,212,186,7.4,8.5,1.0
Marvin Hall,11440,WR,CLV,12,18.0,0,58.1,33.3,2,6,0,18.2,4,10,8,0,29.2,75.6,57.4,,56.8,0.0,0,0,73,0.0,0,258,0,18,94.2,243,16.7,43,112.6,31,2,83.3,215,302,55,3.1,16.8,1.24
Will Dissly,30762,TE,SEA,17,5.5,4,80.6,66.7,2,3,0,10.7,3,12,29,0,52.9,76.4,63.8,71.6,59.8,70.0,231,1,28,27.0,89,330,3,25,69.7,230,23.0,76,108.6,31,2,4.8,16,252,172,6.9,10.1,1.1
Todd Gurley II,9443,HB,ATL,15,1.6,6,80.6,0.0,0,2,0,10.7,3,7,2,1,54.0,66.6,54.8,50.8,44.0,0.0,0,0,26,18.7,56,300,1,25,76.3,229,1.0,3,88.7,31,0,1.7,5,164,125,5.0,6.6,0.72
Rex Burkhead,7971,HB,NE,10,0.9,2,83.3,,0,0,0,3.8,1,11,19,0,75.1,86.1,78.2,70.2,81.1,0.0,0,1,24,23.4,39,167,0,25,73.7,123,1.8,3,112.8,30,3,3.0,5,192,206,8.2,7.7,1.56
Ian Thomas,42130,TE,CAR,16,6.6,2,66.7,0.0,0,3,0,9.1,2,11,5,1,58.3,24.5,42.8,79.3,42.2,24.9,125,2,21,2.8,14,502,2,20,92.8,466,53.2,267,61.1,30,1,21.7,109,145,79,4.0,7.3,0.31
Olamide Zaccheaus,44920,WR,ATL,11,14.6,2,66.7,60.0,3,5,2,9.1,2,16,2,0,58.1,74.8,68.6,,70.1,0.0,0,1,51,0.0,0,184,2,20,96.2,177,16.3,30,92.9,30,1,83.7,154,274,63,3.2,13.7,1.55
Collin Johnson,47808,WR,JAX,14,13.3,2,60.0,50.0,4,8,0,5.3,1,12,15,0,69.6,74.1,73.4,,71.7,0.6,1,1,46,0.0,0,180,0,18,94.4,170,29.4,53,98.2,30,2,70.0,126,272,64,3.6,15.1,1.6
Durham Smythe,47257,TE,MIA,15,4.4,1,89.7,,0,0,0,3.7,1,13,17,0,74.9,76.2,68.7,68.3,74.6,73.2,161,1,19,31.8,70,220,1,26,62.3,137,14.1,31,105.2,29,2,6.8,15,208,122,4.7,8.0,1.52
John Hightower,84142,WR,PHI,12,22.4,1,34.5,0.0,0,4,1,28.6,4,5,24,0,28.4,72.0,50.5,,52.4,0.0,0,5,59,0.0,0,250,1,10,92.4,231,12.0,30,15.2,29,0,88.0,220,167,60,6.0,16.7,0.72
Kenyan Drake,10707,HB,ARZ,15,-1.2,1,86.2,100.0,1,1,0,10.7,3,5,1,0,52.9,60.1,60.9,60.0,47.0,0.0,0,0,18,17.6,56,318,2,25,78.9,251,4.4,14,86.4,29,0,0.3,1,137,168,6.7,5.5,0.55
J.K. Dobbins,57366,HB,BLT,17,1.0,8,75.9,0.0,0,1,0,21.4,6,7,3,0,29.1,61.1,72.0,71.3,47.9,0.0,0,0,31,14.2,43,303,0,22,82.8,251,13.2,40,89.0,29,0,13.5,41,165,153,7.0,7.5,0.66
Kyle Juszczyk,7912,FB,SF,16,6.4,0,65.5,20.0,1,5,0,9.5,2,10,28,1,57.1,29.4,65.7,53.6,53.3,24.2,45,1,41,16.1,30,186,0,19,81.2,151,18.3,34,110.9,29,4,14.0,26,202,109,5.7,10.6,1.34
Brian Hill,11911,HB,ATL,16,1.3,4,89.3,100.0,1,1,1,10.7,3,7,2,1,44.0,48.2,57.9,43.5,39.4,0.0,0,0,26,20.0,43,215,1,25,76.7,165,0.5,1,96.3,28,0,1.9,4,199,166,6.6,8.0,1.21
Derrick Henry,10679,HB,TEN,17,-0.5,3,78.6,25.0,1,4,0,0.0,0,4,31,0,84.5,75.4,91.8,57.0,55.3,0.0,0,0,53,20.7,66,319,1,22,74.9,239,3.1,10,85.3,28,0,1.6,5,125,138,6.3,5.7,0.52
Richard Rodgers,8733,TE,PHI,12,10.8,0,85.7,66.7,2,3,0,4.0,1,16,24,0,74.2,76.0,88.6,58.7,90.5,65.2,116,0,33,20.8,37,178,0,24,73.0,130,20.8,37,141.8,28,2,11.8,21,345,99,4.1,14.4,2.65
Darren Fells,8549,TE,HST,16,7.8,6,75.0,25.0,1,4,0,0.0,0,16,13,0,84.1,74.6,69.5,68.9,66.1,61.8,199,0,44,21.7,70,322,0,21,75.5,243,32.9,106,150.6,28,4,2.5,8,312,171,8.1,14.9,1.28
Latavius Murray,7962,HB,NO,16,-1.5,8,89.3,0.0,0,1,1,0.0,0,9,20,0,86.1,75.5,81.5,60.5,83.0,0.5,1,0,25,23.1,46,199,1,25,72.4,144,0.5,1,118.3,28,2,1.0,2,187,221,8.8,7.5,1.3
Dontrelle Inman,6597,WR,WAS,10,9.0,0,64.3,100.0,1,1,0,5.3,1,11,32,1,68.7,23.6,61.5,,59.1,0.0,0,2,17,0.0,0,240,1,18,95.0,228,21.7,52,74.0,28,2,78.3,188,163,50,2.8,9.1,0.71
Nick Chubb,45783,HB,CLV,14,0.9,11,81.5,50.0,1,2,0,8.3,2,8,8,0,61.3,82.3,88.3,91.4,65.9,0.4,1,0,40,16.2,39,241,0,22,79.3,191,3.3,8,113.4,27,1,16.2,39,223,225,10.2,10.1,1.17
Chad Beebe,21528,WR,MIN,14,7.5,2,74.1,16.7,1,6,0,4.8,1,12,18,0,70.5,81.1,57.2,,60.2,0.0,0,1,40,0.0,0,236,1,20,93.2,220,68.2,161,104.1,27,2,30.5,72,201,71,3.6,10.1,0.91
Dion Lewis,6301,HB,NYG,16,2.0,4,70.4,,0,0,0,5.0,1,8,21,0,70.5,24.6,54.7,37.4,59.2,0.0,0,0,17,20.7,56,270,1,19,74.4,201,7.0,19,92.7,27,1,4.1,11,127,83,4.4,6.7,0.63
Cedrick Wilson,48170,WR,DAL,16,9.4,1,63.0,0.0,0,2,0,10.5,2,10,9,0,54.8,79.9,61.1,,61.1,0.0,0,1,42,0.0,0,160,1,17,94.4,151,64.4,103,93.0,27,2,35.0,56,189,118,6.9,11.1,1.25
Marcus Johnson,11074,WR,IND,9,17.4,0,53.8,71.4,5,7,0,12.5,2,11,14,0,50.1,72.7,63.0,,63.3,0.0,0,1,55,0.0,0,188,0,14,94.7,178,11.2,21,71.8,26,0,88.8,167,255,49,3.5,18.2,1.43
Byron Pringle,42345,WR,KC,14,9.2,5,73.1,100.0,1,1,0,5.0,1,11,16,0,69.6,80.2,59.7,75.6,55.3,3.1,8,0,37,2.0,5,254,1,19,91.3,232,50.0,127,107.7,26,1,46.5,118,199,82,4.3,10.5,0.86
Chris Hogan,6468,WR,NYJ,5,10.0,1,53.8,16.7,1,6,0,6.7,1,6,22,0,80.6,76.2,56.1,,56.0,0.0,0,1,27,0.0,0,185,1,14,92.4,171,22.7,42,49.8,26,0,77.3,143,118,42,3.0,8.4,0.69
Tyron Johnson,34427,WR,LAC,12,20.3,3,76.9,100.0,3,3,0,0.0,0,15,27,0,83.6,78.0,78.4,65.8,81.2,0.0,0,0,55,0.6,1,171,2,20,95.3,163,19.9,34,156.7,26,3,80.1,137,398,64,3.2,19.9,2.44
Kerryon Johnson,34455,HB,DET,16,0.3,3,76.0,0.0,0,1,0,13.6,3,11,11,0,45.4,53.1,61.6,84.8,51.7,0.0,0,0,20,27.8,65,234,0,19,67.9,159,4.3,10,109.9,25,1,7.7,18,187,178,9.4,9.8,1.18
Wayne Gallman,11895,HB,NYG,15,0.5,3,84.0,100.0,4,4,0,12.5,3,6,21,0,49.1,71.6,71.1,58.0,49.6,0.0,0,0,19,16.5,33,200,0,21,80.0,160,8.0,16,85.7,25,0,4.5,9,114,100,4.8,5.4,0.71
DeSean Jackson,4363,WR,PHI,5,16.4,0,56.0,33.3,1,3,0,12.5,2,10,24,0,49.8,74.7,66.8,,65.6,0.0,0,1,81,0.0,0,134,0,14,97.8,131,19.4,26,84.8,25,1,80.6,108,236,64,4.6,16.9,1.8
Cordarrelle Patterson,7810,HB,CHI,16,3.1,5,84.0,66.7,2,3,0,4.5,1,7,6,0,71.3,89.9,69.6,,69.0,2.4,3,0,25,0.0,0,127,0,21,97.6,124,12.6,16,88.7,25,0,26.8,34,132,121,5.8,6.3,1.06
Mack Hollins,11873,WR,MIA,13,9.6,0,64.0,57.1,4,7,0,15.8,3,7,17,1,39.8,22.8,58.2,73.9,54.9,0.6,1,0,34,1.2,2,162,0,16,93.2,151,19.8,32,98.1,25,1,79.6,129,176,35,2.2,11.0,1.17
Tyler Conklin,47124,TE,MIN,16,4.2,1,76.0,66.7,2,3,0,5.0,1,11,18,1,69.6,24.2,52.6,54.2,54.5,73.7,191,0,30,12.4,32,259,5,19,81.9,212,16.6,43,111.1,25,1,8.9,23,194,127,6.7,10.2,0.92
Mohamed Sanu,7084,WR,DET,10,13.4,0,68.0,0.0,0,2,0,5.6,1,13,11,0,69.6,75.1,65.5,76.2,65.9,0.0,0,0,21,1.5,3,197,1,17,90.9,179,36.0,71,103.3,25,1,64.0,126,187,37,2.2,11.0,1.04
Devin Duvernay,40006,WR,BLT,18,6.3,4,80.0,100.0,1,1,1,4.8,1,8,3,0,71.3,85.4,60.3,,60.2,0.0,0,2,39,0.0,0,205,2,20,95.1,195,47.3,97,66.8,25,0,52.2,107,201,118,5.9,10.1,1.03
Jeff Wilson Jr.,29413,HB,SF,11,2.0,3,54.2,50.0,1,2,0,23.5,4,8,28,0,28.9,52.3,69.1,44.8,48.9,0.0,0,1,21,14.5,24,166,0,13,80.1,133,7.2,12,92.5,24,3,10.8,18,133,110,8.5,10.2,1.0
Justin Jackson,29539,HB,LAC,9,-2.0,6,79.2,,0,0,0,9.5,2,7,27,0,71.3,85.0,78.0,53.5,78.3,0.0,0,0,34,17.8,21,118,1,19,76.3,90,3.4,4,96.7,24,0,5.9,7,173,222,11.7,9.1,1.92
Noah Brown,11993,WR,DAL,16,11.7,1,58.3,62.5,5,8,0,6.7,1,7,9,0,65.9,73.0,66.7,33.4,64.1,1.4,2,1,20,1.4,2,143,0,14,94.4,135,33.6,48,60.1,24,0,65.0,93,154,48,3.4,11.0,1.14
Chris Thompson,7936,HB,JAX,8,2.4,5,83.3,50.0,1,2,0,4.8,1,5,15,0,70.7,76.7,54.9,28.1,58.4,0.0,0,0,15,11.9,18,151,0,20,84.1,127,4.0,6,105.9,24,1,15.2,23,146,116,5.8,7.3,1.15
Marquez Callaway,42295,WR,NO,12,8.1,2,87.5,50.0,2,4,1,0.0,0,10,20,0,84.5,83.4,68.0,,68.2,0.0,0,0,27,0.0,0,163,1,21,96.3,157,24.5,40,103.6,24,0,75.5,123,213,59,2.8,10.1,1.36
Joshua Kelley,13750,HB,LAC,14,-1.3,3,100.0,,0,0,0,0.0,0,9,27,0,85.3,51.3,63.1,46.7,73.2,0.0,0,0,35,15.2,25,165,0,23,78.8,130,5.5,9,93.5,23,0,9.1,15,148,177,7.7,6.4,1.14
Donovan Peoples-Jones,61439,WR,CLV,13,17.0,1,69.6,40.0,2,5,0,5.9,1,11,8,0,67.7,86.9,67.7,56.2,68.4,0.5,1,0,75,2.0,4,196,3,16,93.4,183,32.7,64,141.1,23,2,66.8,131,335,81,5.1,20.9,1.83
KeeSean Johnson,39587,WR,ARZ,8,11.0,1,65.2,50.0,3,6,0,6.3,1,7,1,0,65.6,73.0,61.2,,61.7,0.0,0,0,45,0.0,0,145,1,15,93.8,136,49.7,72,87.8,23,0,50.3,73,173,54,3.6,11.5,1.27
Joe Mixon,11803,HB,CIN,6,-1.1,8,91.3,0.0,0,1,0,4.5,1,5,7,0,71.3,71.0,65.3,60.6,66.5,0.0,0,0,19,15.4,24,156,0,21,82.1,128,11.5,18,106.2,23,1,9.0,14,138,178,8.5,6.6,1.08
Jalen Richard,11395,HB,LV,13,2.1,1,86.4,0.0,0,1,0,9.5,2,5,23,0,56.9,42.9,57.8,66.9,52.4,1.9,3,1,19,18.0,29,161,1,19,76.4,123,1.9,3,73.9,22,0,8.7,14,138,99,5.2,7.3,1.12
Chad Hansen,11896,WR,HST,5,11.8,0,77.3,66.7,4,6,1,10.5,2,11,13,0,55.9,73.9,60.7,,59.9,0.0,0,0,38,0.0,0,209,2,17,95.7,200,23.9,50,126.3,22,1,76.1,159,236,35,2.1,13.9,1.18
Ross Dwelley,20994,TE,SF,16,7.7,2,86.4,100.0,3,3,0,0.0,0,10,28,0,83.2,74.7,61.3,50.3,70.3,71.1,172,0,36,21.9,53,242,6,19,74.8,181,21.1,51,128.2,22,1,4.5,11,245,103,5.4,12.9,1.35
Darrell Henderson,41193,HB,LA,15,0.8,4,72.7,,0,0,0,0.0,0,8,26,0,81.7,90.1,80.4,83.5,67.9,0.0,0,1,28,13.7,24,175,0,16,84.0,147,5.7,10,89.0,22,1,13.7,24,159,162,10.1,9.9,1.08
Jesse James,9593,TE,DET,16,6.2,1,66.7,100.0,2,2,1,0.0,0,6,11,0,80.6,72.7,61.2,70.5,56.0,84.4,200,2,31,28.7,68,237,3,14,67.1,159,10.1,24,75.4,21,2,5.5,13,129,79,5.6,9.2,0.81
Ray-Ray McCloud III,47895,WR,PIT,14,-1.6,3,95.2,,0,0,0,4.8,1,3,25,0,70.5,90.5,69.9,,64.1,0.0,0,0,13,0.0,0,106,0,20,91.5,97,54.7,58,81.9,21,0,45.3,48,77,109,5.5,3.9,0.79
Le'Veon Bell,7829,HB,KC,12,1.0,4,76.2,0.0,0,1,0,5.9,1,7,16,1,66.7,87.0,72.6,47.0,68.7,0.0,0,0,30,12.6,24,190,2,16,84.2,160,5.3,10,93.0,21,0,7.9,15,138,141,8.8,8.6,0.86
Vance McDonald,7836,TE,PIT,15,1.8,3,71.4,66.7,2,3,0,0.0,0,4,25,0,81.1,73.0,44.5,45.1,39.1,87.9,239,1,15,9.6,26,272,2,15,86.4,235,8.5,23,61.4,21,0,2.9,8,99,82,5.5,6.6,0.42
Ito Smith,45932,HB,ATL,14,-0.5,4,81.0,,0,0,0,5.6,1,3,2,1,67.7,57.5,59.0,57.2,43.0,0.0,0,0,17,6.5,10,155,0,17,89.7,139,9.0,14,81.5,21,0,7.7,12,75,88,5.2,4.4,0.54
Kaden Smith,40973,TE,NYG,15,1.8,2,85.7,0.0,0,1,0,5.3,1,8,21,0,68.7,24.3,66.9,55.2,59.4,70.7,147,0,16,26.4,55,208,3,18,66.8,139,24.0,50,88.9,21,0,2.9,6,112,93,5.2,6.2,0.81
Mike Thomas,10840,WR,CIN,14,8.5,1,61.9,33.3,1,3,0,7.1,1,7,7,1,63.2,22.0,55.2,,56.5,0.7,1,0,29,0.0,0,142,1,13,95.1,135,21.1,30,95.7,21,1,78.2,111,132,29,2.2,10.2,0.98
Zack Moss,40341,HB,BUF,14,1.9,6,85.7,,0,0,0,0.0,0,7,4,0,83.6,89.6,73.0,78.9,61.0,0.0,0,0,20,23.2,59,254,1,18,71.7,182,3.9,10,106.5,21,1,11.4,29,121,109,6.1,6.7,0.66
Devontae Booker,10770,HB,LV,16,0.0,5,81.0,0.0,0,1,0,5.6,1,2,23,0,68.0,65.6,68.7,64.0,58.0,0.0,0,1,17,17.4,23,132,0,17,79.5,105,0.8,1,63.5,21,0,10.6,14,84,84,4.9,4.9,0.8
Auden Tate,48192,WR,CIN,9,9.6,1,66.7,44.4,4,9,0,6.7,1,9,7,0,64.7,72.7,73.4,68.6,71.0,1.9,2,0,19,6.7,7,104,1,14,89.4,93,42.3,44,87.4,21,0,52.9,55,150,55,3.9,10.7,1.61
Ty Johnson,45769,HB,NYJ,11,2.6,2,76.2,0.0,0,1,0,0.0,0,6,22,0,81.7,85.0,69.1,50.4,66.2,0.9,1,0,18,11.2,13,116,0,16,86.2,100,6.9,8,101.1,21,1,11.2,13,99,128,8.0,6.2,0.99
Olabisi Johnson,47882,WR,MIN,14,13.6,3,66.7,50.0,1,2,1,6.7,1,9,18,0,67.0,73.3,67.0,,68.1,2.0,3,3,29,0.0,0,148,3,14,93.2,138,15.5,23,55.6,21,0,82.4,122,189,49,3.5,13.5,1.37
Freddie Swain,26448,WR,SEA,17,13.4,0,70.0,0.0,0,2,0,0.0,0,7,29,0,81.1,76.9,55.3,69.0,56.4,1.2,3,0,28,0.4,1,257,1,14,93.0,239,35.4,91,132.7,20,2,63.4,163,187,101,7.2,13.4,0.78
Carlos Hyde,8692,HB,SEA,11,2.3,0,80.0,50.0,1,2,0,5.9,1,4,29,1,66.7,87.2,67.1,32.1,58.0,0.0,0,0,18,19.6,35,179,0,16,73.7,132,6.1,11,86.0,20,0,2.8,5,93,109,6.8,5.8,0.7
Donald Parham,91014,TE,LAC,13,9.9,4,50.0,25.0,2,8,0,0.0,0,8,27,0,78.0,71.1,64.5,69.3,69.2,50.4,69,0,26,13.1,18,137,2,10,81.8,112,38.7,53,116.5,20,3,10.2,14,159,58,5.8,15.9,1.42
Zay Jones,11792,WR,LV,16,7.7,3,70.0,25.0,1,4,0,12.5,2,6,23,0,49.6,73.0,62.9,,58.6,0.0,0,1,37,0.0,0,172,1,14,93.6,161,25.6,44,88.3,20,1,73.3,126,154,68,4.9,11.0,0.96
Nick Vannett,10728,TE,DEN,15,5.5,0,70.0,,0,0,0,0.0,0,6,10,0,80.6,72.7,57.2,59.2,59.0,91.1,144,1,19,25.9,41,158,2,14,69.6,110,5.7,9,76.0,20,1,0.6,1,95,64,4.6,6.8,0.86
Trent Taylor,11932,WR,SF,10,5.9,0,50.0,20.0,1,5,0,0.0,0,5,28,0,78.0,82.9,53.9,73.8,54.5,0.0,0,1,29,1.3,2,154,1,10,92.9,143,64.9,100,40.8,20,0,35.1,54,86,46,4.6,8.6,0.6
Jamal Agnew,11920,WR,DET,14,4.7,3,65.0,20.0,1,5,0,7.1,1,4,11,0,63.2,34.2,56.7,64.5,54.2,0.0,0,0,20,0.8,1,131,1,13,93.9,123,80.2,105,74.8,20,0,17.6,23,89,102,7.8,6.8,0.72
Adam Shaheen,11800,TE,MIA,16,5.4,3,60.0,20.0,1,5,0,14.3,2,9,17,0,46.0,71.9,66.0,60.6,64.3,58.9,96,0,43,24.5,40,163,1,12,71.2,116,34.4,56,122.9,20,3,4.9,8,150,111,9.3,12.5,1.29
DeeJay Dallas,55632,HB,SEA,8,0.1,5,85.0,,0,0,0,5.6,1,5,29,0,82.2,81.6,72.1,24.4,83.3,0.0,0,0,13,16.2,17,105,0,17,81.0,85,3.8,4,106.5,20,1,8.6,9,111,115,6.8,6.5,1.31
Christian McCaffrey,11763,HB,CAR,3,1.1,2,89.5,100.0,1,1,0,0.0,0,8,5,0,82.7,85.1,75.6,53.3,75.9,0.0,0,1,24,11.8,12,102,0,17,81.4,83,12.7,13,95.0,19,1,9.8,10,149,125,7.4,8.8,1.8
Dare Ogunbowale,12329,HB,JAX,10,1.5,1,52.6,0.0,0,1,0,9.1,1,4,15,0,60.2,80.9,58.8,52.0,55.1,2.7,4,1,12,16.3,24,147,1,10,82.3,121,2.7,4,36.5,19,0,7.5,11,54,63,6.3,5.4,0.45
Tyler Johnson,48054,WR,TB,18,12.6,3,73.7,100.0,3,3,0,12.5,2,11,30,0,38.1,73.0,59.0,65.9,59.9,1.0,2,0,35,0.5,1,205,0,14,94.1,193,42.4,87,142.4,19,2,56.1,115,200,74,5.3,14.3,1.04
Ryan Izzo,47327,TE,NE,12,10.7,1,68.4,50.0,1,2,0,18.8,3,6,19,1,33.5,21.4,52.1,49.5,49.9,47.5,141,1,50,26.9,80,297,0,13,70.0,208,39.1,116,80.8,19,0,11.8,35,199,65,5.0,15.3,0.96
Frank Gore,2282,HB,NYJ,15,1.9,2,88.9,,0,0,0,0.0,0,3,22,0,82.2,78.8,60.8,64.0,59.8,1.1,2,0,9,18.7,34,182,0,16,74.7,136,2.2,4,87.3,18,0,7.1,13,89,73,4.6,5.6,0.65
Adam Trautman,109795,TE,NO,17,4.3,3,88.9,0.0,0,1,0,0.0,0,9,20,0,81.7,73.3,76.9,62.8,61.8,51.5,105,0,41,15.2,31,204,0,16,83.8,171,28.9,59,125.7,18,1,17.2,35,175,117,7.3,10.9,1.02
Christian Blake,47900,WR,ATL,15,9.6,0,72.2,25.0,1,4,0,7.1,1,6,2,0,63.5,72.3,51.3,,53.3,0.0,0,0,25,0.0,0,156,1,13,91.7,143,18.6,29,94.9,18,0,81.4,127,141,26,2.0,10.8,0.99
O.J. Howard,11774,TE,TB,4,12.7,1,61.1,50.0,2,4,0,8.3,1,8,30,0,60.2,71.5,80.1,76.2,85.3,53.4,39,0,33,9.6,7,73,2,11,83.6,61,28.8,21,123.8,18,2,15.1,11,146,17,1.5,13.3,2.39
Marcedes Lewis,2973,TE,GB,17,6.0,2,72.2,100.0,2,2,0,18.8,3,7,12,0,29.2,72.7,66.9,67.2,51.4,91.9,204,0,36,29.3,65,222,3,13,68.0,151,2.3,5,133.1,18,3,5.9,13,135,73,5.6,10.4,0.89
Kenny Stills,7926,WR,BUF,10,13.6,0,61.1,40.0,2,5,0,15.4,2,8,4,0,43.5,71.5,58.5,,58.0,0.0,0,1,24,0.0,0,129,0,11,94.6,122,43.4,56,81.7,18,1,56.6,73,144,16,1.5,13.1,1.18
Adrian Peterson,3623,HB,DET,16,-0.6,1,70.6,,0,0,0,14.3,2,4,11,0,45.7,90.3,59.6,67.6,50.1,0.0,0,0,23,20.0,29,145,0,12,75.9,110,1.4,2,85.7,17,0,0.7,1,101,102,8.5,8.4,0.92
Patrick Ricard,48862,FB,BLT,17,0.2,2,76.5,,0,0,1,13.3,2,5,3,0,33.5,22.0,60.1,68.4,48.8,37.2,55,0,11,28.4,42,148,3,13,68.9,102,27.7,41,105.5,17,1,9.5,14,82,79,6.1,6.3,0.8
Tyler Kroft,9518,TE,BUF,10,8.6,0,70.6,0.0,0,2,1,7.7,1,9,4,0,61.8,71.9,64.3,79.1,61.4,41.3,71,1,38,13.4,23,172,2,12,83.1,143,27.9,48,105.1,17,3,9.3,16,119,42,3.5,9.9,0.83
Alex Erickson,11107,WR,CIN,14,7.4,0,70.6,50.0,2,4,0,7.7,1,5,7,0,62.1,29.6,53.4,,60.1,0.9,1,1,42,0.0,0,116,0,12,94.0,109,66.4,77,70.5,17,0,32.8,38,139,69,5.8,11.6,1.28
Nick Boyle,9604,TE,BLT,9,5.4,0,82.4,75.0,3,4,0,6.7,1,8,3,0,66.7,73.3,70.6,53.8,65.8,64.0,103,0,21,16.1,26,161,1,14,80.1,129,24.8,40,133.6,17,2,5.0,8,113,43,3.1,8.1,0.88
LeSean McCoy,4976,HB,TB,11,1.5,3,88.2,,0,0,0,11.8,2,3,30,0,51.2,76.7,58.9,53.8,63.9,0.0,0,0,15,22.2,22,99,1,15,72.7,72,3.0,3,91.4,17,0,11.1,11,101,103,6.9,6.7,1.4
Raheem Mostert,9783,HB,SF,8,1.1,2,94.1,100.0,2,2,0,0.0,0,5,28,0,82.2,68.3,79.3,60.2,76.1,0.0,0,0,76,19.8,23,116,0,16,78.4,91,2.6,3,124.5,17,1,6.9,8,156,136,8.5,9.8,1.71
Cam Akers,57206,HB,LA,14,3.7,5,82.4,,0,0,0,6.7,1,5,26,0,64.4,79.2,75.7,44.8,56.7,0.0,0,0,44,14.3,26,182,0,14,83.5,152,7.7,14,128.9,17,1,21.4,39,174,135,9.6,12.4,1.14
Jason Witten,1384,TE,LV,16,5.4,0,81.3,100.0,4,4,0,0.0,0,8,23,0,80.0,72.3,60.8,47.9,59.7,76.7,138,0,15,25.6,46,180,1,13,70.0,126,14.4,26,124.2,16,2,8.3,15,69,22,1.7,5.3,0.55
Kalif Raymond,11028,WR,TEN,15,17.9,0,56.3,20.0,1,5,0,25.0,3,7,31,0,29.2,88.2,52.2,,52.8,0.0,0,2,61,0.0,0,132,0,9,92.4,122,38.6,51,58.1,16,0,61.4,81,187,36,4.0,20.8,1.53
KhaDarel Hodge,26104,WR,CLV,10,17.6,0,68.8,66.7,2,3,0,0.0,0,11,8,0,78.7,71.5,69.6,69.2,69.6,0.7,1,1,42,1.4,2,145,1,11,92.4,134,24.8,36,80.2,16,0,74.5,108,180,21,1.9,16.4,1.34
Alec Ingold,34934,FB,LV,16,4.6,4,75.0,50.0,1,2,0,14.3,2,9,23,0,45.7,73.5,64.0,38.5,62.4,7.5,7,0,23,15.1,14,93,0,12,81.7,76,6.5,6,114.1,16,1,7.5,7,110,90,7.5,9.2,1.45
Javon Wims,41406,WR,CHI,14,18.9,0,43.8,25.0,1,4,0,22.2,2,5,6,0,32.2,70.3,53.5,,51.8,0.0,0,0,28,0.0,0,183,2,7,96.7,177,16.4,30,79.2,16,1,83.6,153,76,7,1.0,10.9,0.43
Equanimeous St. Brown,47967,WR,GB,14,12.9,3,56.3,50.0,2,4,0,18.2,2,8,12,0,29.1,71.3,59.5,,57.8,3.8,5,0,27,0.0,0,132,0,9,94.7,125,47.0,62,109.9,16,1,49.2,65,154,71,7.9,17.1,1.23
Brandon Powell,48036,WR,ATL,13,5.1,0,75.0,0.0,0,1,1,0.0,0,5,2,1,80.6,32.8,56.7,,55.9,0.0,0,0,13,0.0,0,137,1,12,94.9,130,81.0,111,122.1,16,2,18.2,25,69,31,2.6,5.8,0.53
Jordan Wilkins,26618,HB,IND,13,-1.1,1,80.0,,0,0,0,7.7,1,3,14,0,61.8,87.2,67.8,52.1,62.4,0.0,0,0,24,11.5,9,78,0,12,85.9,67,2.6,2,95.8,15,0,6.4,5,105,144,12.0,8.8,1.57
Benny Snell Jr.,45954,HB,PIT,14,-1.6,3,73.3,,0,0,0,0.0,0,3,25,0,78.7,47.9,57.0,55.4,52.7,0.0,0,2,14,26.4,42,159,0,11,70.4,112,10.7,17,41.7,15,0,3.8,6,65,96,8.7,5.9,0.58
Jace Sternberger,47081,TE,GB,11,6.7,0,80.0,,0,0,2,7.7,1,6,12,0,45.7,72.7,56.8,24.6,57.6,54.9,50,0,27,4.4,4,91,2,12,89.0,81,27.5,25,120.6,15,1,17.6,16,114,63,5.3,9.5,1.41
Pharaoh Brown,12247,TE,HST,12,7.2,4,93.3,100.0,1,1,1,0.0,0,9,13,0,81.1,73.0,81.3,78.2,80.0,59.4,85,0,29,16.8,24,143,6,14,76.9,110,15.4,22,151.5,15,2,13.3,19,163,84,6.0,11.6,1.48
Troy Fumagalli,47333,TE,DEN,8,7.9,0,53.3,33.3,1,3,0,0.0,0,6,10,0,76.5,70.1,70.6,60.9,73.7,71.9,46,3,29,17.2,11,64,0,8,76.6,49,14.1,9,51.4,15,1,4.7,3,80,60,7.5,10.0,1.63
Jeremy McNichols,11917,HB,TEN,17,0.5,1,80.0,,0,0,0,7.7,1,0,31,0,63.2,83.5,58.1,60.1,44.9,0.0,0,0,9,27.1,60,221,0,12,69.7,154,4.1,9,81.9,15,0,2.3,5,55,50,4.2,4.6,0.36
Albert Okwuegbunam,41933,TE,DEN,4,9.7,1,73.3,25.0,1,4,0,8.3,1,6,10,0,60.2,71.5,83.2,75.7,81.5,69.4,43,0,27,8.1,5,62,1,11,85.5,53,21.0,13,119.0,15,1,9.7,6,121,71,6.5,11.0,2.28
C.J. Board,12088,WR,NYG,12,10.1,0,73.3,50.0,2,4,0,8.3,1,6,21,0,60.6,74.4,67.4,,64.6,0.0,0,0,16,0.0,0,116,0,11,94.0,109,9.5,11,91.3,15,0,90.5,105,101,31,2.8,9.2,0.93
Alexander Mattison,45817,HB,MIN,13,2.3,6,86.7,,0,0,0,7.1,1,5,18,0,64.4,88.1,80.9,78.0,63.8,1.7,2,0,28,10.9,13,119,0,13,80.7,96,3.4,4,123.6,15,1,5.9,7,125,110,8.5,9.6,1.3
Bryan Edwards,28486,WR,LV,11,9.9,4,78.6,50.0,2,4,0,0.0,0,9,23,0,78.7,71.5,69.5,,66.4,0.0,0,0,34,0.0,0,145,0,11,94.5,137,21.4,31,142.6,14,1,77.2,112,193,77,7.0,17.5,1.41
Keith Smith,9302,FB,ATL,16,2.1,0,78.6,0.0,0,2,0,15.4,2,4,2,0,45.7,74.0,68.6,65.1,60.0,10.9,10,0,13,28.3,26,92,0,11,70.7,65,1.1,1,84.2,14,0,1.1,1,59,42,3.8,5.4,0.91
La'Mical Perine,26408,HB,NYJ,9,1.4,0,78.6,,0,0,0,8.3,1,3,22,0,60.2,85.2,58.0,60.5,55.9,0.0,0,0,14,26.2,34,130,0,11,66.2,86,1.5,2,85.4,14,0,6.2,8,63,68,6.2,5.7,0.73
Demetrius Harris,8524,TE,CHI,13,6.8,0,50.0,0.0,0,1,1,22.2,2,2,6,0,31.8,72.6,58.5,65.3,48.0,70.0,77,1,9,30.0,33,110,1,7,67.3,74,10.9,12,27.4,14,0,18.2,20,45,28,4.0,6.4,0.61
Taysom Hill,12112,QB,NO,17,6.9,0,71.4,0.0,0,2,0,9.1,1,4,20,5,41.1,20.0,67.7,66.5,54.5,6.1,15,0,21,0.4,1,247,4,10,30.8,76,18.2,45,116.1,14,1,7.7,19,103,40,4.0,10.3,1.36
Tyler Ervin,10753,HB,GB,8,-0.9,1,84.6,,0,0,0,8.3,1,6,12,0,61.8,84.2,65.9,,62.0,0.0,0,0,24,0.0,0,79,0,11,89.9,71,74.7,59,93.6,13,0,16.5,13,84,88,8.0,7.6,1.18
Geoff Swaim,9679,TE,TEN,11,6.2,0,76.9,50.0,1,2,0,9.1,1,6,31,0,41.1,71.1,60.1,49.1,63.5,77.0,117,0,16,42.8,65,152,3,10,53.3,81,9.2,14,120.0,13,1,3.3,5,88,36,3.6,8.8,1.09
Alshon Jeffery,7048,WR,PHI,7,14.4,0,46.2,33.3,1,3,0,25.0,2,4,24,0,32.2,69.5,51.3,,52.9,0.0,0,1,39,0.0,0,153,2,6,92.8,142,19.0,29,71.0,13,1,81.0,124,115,26,4.3,19.2,0.81
Royce Freeman,45747,HB,DEN,14,1.5,1,92.3,100.0,1,1,0,0.0,0,4,10,0,79.4,81.5,66.4,36.7,67.6,0.7,1,0,28,39.2,58,148,0,12,56.1,83,0.7,1,92.6,13,0,6.1,9,81,66,5.5,6.8,0.98
Malcolm Perry,46513,WR,MIA,8,8.7,2,69.2,0.0,0,3,0,18.2,2,4,17,0,38.7,74.2,57.6,,56.6,0.0,0,0,25,0.0,0,112,0,9,92.0,103,61.6,69,114.9,13,1,38.4,43,92,33,3.7,10.2,0.89
Jaylen Samuels,47297,HB,PIT,13,-0.8,1,69.2,0.0,0,1,0,18.2,2,2,25,0,38.4,75.2,44.5,14.9,46.1,2.0,2,0,12,10.9,11,101,1,9,84.2,85,17.8,18,74.5,13,0,14.9,15,46,61,6.8,5.1,0.54
Blake Bell,9550,TE,DAL,16,6.2,1,84.6,100.0,1,1,0,0.0,0,7,9,0,78.7,72.1,63.1,84.2,65.2,69.0,107,0,24,27.7,43,155,0,11,70.3,109,21.3,33,101.9,13,0,9.0,14,110,45,4.1,10.0,1.01
Salvon Ahmed,57472,HB,MIA,6,-0.8,1,84.6,100.0,1,1,0,8.3,1,2,17,0,60.2,86.0,70.5,34.4,55.6,0.0,0,0,13,25.0,29,116,1,11,70.7,82,7.8,9,86.2,13,0,4.3,5,61,76,6.9,5.5,0.74
Cameron Batson,47669,WR,TEN,13,4.9,2,100.0,100.0,2,2,0,0.0,0,8,31,0,80.0,28.4,58.7,,59.2,0.0,0,0,18,0.0,0,168,1,13,97.6,164,45.2,76,126.3,13,1,54.8,92,106,43,3.3,8.2,0.65
Austin Mack,28070,WR,NYG,11,9.8,1,58.3,50.0,1,2,0,12.5,1,5,21,0,52.1,69.5,62.5,,60.3,1.2,1,0,50,0.0,0,81,0,7,95.1,77,25.9,21,82.3,12,0,72.8,59,91,38,5.4,13.0,1.18
Patrick Laird,28219,HB,MIA,12,1.8,1,83.3,,0,0,0,0.0,0,3,17,0,78.7,26.3,55.5,44.0,60.3,0.0,0,0,17,20.0,24,120,0,10,75.8,91,10.0,12,90.3,12,0,16.7,20,68,45,4.5,6.8,0.75
Quez Watkins,61664,WR,PHI,6,9.2,1,58.3,100.0,1,1,0,22.2,2,4,24,0,31.8,69.5,61.1,,60.5,0.0,0,0,43,0.0,0,83,0,7,96.4,80,15.7,13,115.3,12,1,84.3,70,106,57,8.1,15.1,1.33
Dez Bryant,5549,WR,BLT,8,7.0,0,50.0,0.0,0,2,0,0.0,0,3,3,0,74.6,68.8,56.6,,56.6,0.0,0,0,16,0.0,0,81,2,6,93.8,76,6.2,5,99.7,12,2,93.8,76,47,36,6.0,7.8,0.62
C.J. Uzomah,9590,TE,CIN,2,9.3,0,72.7,50.0,1,2,1,0.0,0,6,7,0,76.5,70.1,58.8,75.3,61.2,59.7,43,0,23,5.6,4,72,2,8,90.3,65,27.8,20,125.9,11,1,12.5,9,87,32,4.0,10.9,1.34
Gus Edwards,46027,HB,BLT,18,3.9,1,81.8,,0,0,0,0.0,0,4,3,0,77.3,59.5,85.5,51.6,60.3,0.0,0,0,34,20.3,32,158,0,9,77.8,123,3.8,6,115.5,11,0,4.4,7,129,93,10.3,14.3,1.05
K.J. Hill,28025,WR,LAC,11,6.8,0,63.6,0.0,0,1,0,12.5,1,2,27,0,52.1,83.0,55.0,,53.7,0.0,0,0,25,0.0,0,100,0,7,93.0,93,58.0,58,82.8,11,0,42.0,42,73,22,3.1,10.4,0.78
Phillip Lindsay,12660,HB,DEN,11,0.4,2,63.6,,0,0,0,30.0,3,1,10,0,28.4,89.2,69.8,35.8,32.8,0.0,0,0,11,22.0,29,132,0,7,74.2,98,3.0,4,67.6,11,0,4.5,6,28,37,5.3,4.0,0.29
Deon Yelder,29556,TE,KC,15,5.5,1,63.6,25.0,1,4,0,0.0,0,2,16,0,75.6,69.5,58.0,75.8,51.8,39.6,40,0,12,7.9,8,101,0,7,87.1,88,30.7,31,68.8,11,0,29.7,30,36,33,4.7,5.1,0.41
Justin Watson,66915,WR,TB,6,9.6,0,63.6,50.0,2,4,0,0.0,0,5,30,0,75.6,72.6,59.6,70.2,58.8,1.0,1,2,36,1.0,1,97,0,7,91.8,89,58.8,57,51.1,11,0,40.2,39,94,21,3.0,13.4,1.06
Darrell Daniels,12122,TE,ARZ,12,6.5,1,72.7,50.0,1,2,0,11.1,1,4,1,0,54.5,71.1,59.1,77.0,56.9,57.7,90,0,31,31.4,49,156,3,8,64.1,100,16.0,25,127.8,11,1,1.3,2,92,59,7.4,11.5,0.92
Luke Stocker,6256,TE,ATL,16,2.8,0,63.6,0.0,0,3,0,12.5,1,4,2,0,52.5,69.5,48.1,38.3,44.4,94.9,206,0,25,45.2,98,217,2,7,53.0,115,2.3,5,79.0,11,0,0.5,1,63,55,7.9,9.0,0.55
Josh Hill,8200,TE,NO,15,2.2,1,81.8,,0,0,1,0.0,0,4,20,1,77.3,19.2,62.3,50.1,45.6,80.6,133,0,16,50.9,84,165,2,9,46.1,76,6.1,10,113.3,11,1,8.5,14,43,44,4.9,4.8,0.57
Ryan Griffin,7982,TE,NYJ,15,5.4,0,81.8,100.0,1,1,0,10.0,1,4,22,0,58.5,71.1,56.1,54.3,46.0,57.8,107,0,23,27.0,50,185,4,9,68.6,127,17.8,33,99.2,11,0,9.2,17,86,53,5.9,9.6,0.68
Samaje Perine,11869,HB,CIN,10,-2.4,2,100.0,100.0,1,1,0,0.0,0,4,7,0,78.7,85.2,76.7,59.2,60.9,0.0,0,0,15,22.0,28,127,0,11,77.2,98,7.9,10,91.7,11,0,15.7,20,66,92,8.4,6.0,0.67
C.J. Ham,11347,FB,MIN,15,3.9,0,72.7,0.0,0,1,0,11.1,1,6,18,0,54.5,74.6,60.1,57.1,52.6,16.1,22,0,30,16.8,23,137,0,8,78.8,108,2.2,3,129.7,11,1,10.9,15,97,75,9.4,12.1,0.9
Ja'Marcus Bradley,27003,WR,CLV,3,12.3,0,50.0,0.0,0,2,0,0.0,0,2,8,0,73.4,68.0,56.6,,59.0,1.5,1,0,22,0.0,0,65,1,5,92.3,60,9.2,6,68.8,10,0,89.2,58,60,12,2.4,12.0,1.0
De'Michael Harris,84418,WR,IND,8,1.7,1,100.0,100.0,1,1,0,0.0,0,3,14,0,78.7,74.9,71.4,,70.0,0.0,0,0,21,0.0,0,56,0,10,96.4,54,73.2,41,99.6,10,0,23.2,13,79,62,6.2,7.9,1.46
Devonta Freeman,8738,HB,NYG,5,-1.3,0,70.0,,0,0,1,30.0,3,3,21,0,28.8,83.9,55.0,15.1,44.3,0.0,0,0,18,10.6,7,66,1,7,83.3,55,4.5,3,84.6,10,0,1.5,1,58,68,9.7,8.3,1.05
Rodney Smith,26306,HB,CAR,7,1.3,1,90.0,,0,0,0,10.0,1,1,5,0,56.7,42.0,70.1,50.9,52.8,0.0,0,0,12,17.0,15,88,0,9,80.7,71,5.7,5,91.3,10,0,2.3,2,59,46,5.1,6.6,0.83
Nick Westbrook-Ikhine,47861,WR,TEN,15,10.1,0,50.0,40.0,2,5,0,0.0,0,4,31,0,74.6,68.8,64.7,,62.9,0.0,0,1,19,0.0,0,73,2,5,95.9,70,16.4,12,25.0,10,0,82.2,60,50,7,1.4,10.0,0.71
Travis Homer,45859,HB,SEA,9,0.4,1,90.0,,0,0,0,0.0,0,4,29,0,77.3,82.5,58.0,52.4,66.8,0.0,0,0,50,34.8,39,112,0,9,60.7,68,1.8,2,137.5,10,1,2.7,3,90,90,10.0,10.0,1.32
Foster Moreau,47043,TE,LV,16,12.0,1,70.0,100.0,3,3,0,0.0,0,5,23,0,75.6,69.5,67.2,75.3,73.3,66.7,78,0,47,16.2,19,117,1,7,80.3,94,15.4,18,152.1,10,2,17.9,21,140,55,7.9,20.0,1.49
Ke'Shawn Vaughn,45866,HB,TB,6,2.0,1,50.0,,0,0,0,37.5,3,2,30,1,27.5,23.0,55.0,84.3,26.3,0.0,0,0,13,13.1,8,61,0,5,83.6,51,1.6,1,91.3,10,1,3.3,2,34,25,5.0,6.8,0.67
Troymaine Pope,11473,HB,LAC,5,-1.5,1,80.0,,0,0,0,20.0,2,1,27,0,35.7,77.4,62.4,35.8,44.6,0.0,0,0,11,20.9,9,43,0,8,76.7,33,0.0,0,84.2,10,0,16.3,7,42,43,5.4,5.3,1.27
Darwin Thompson,83791,HB,KC,4,-3.2,2,70.0,0.0,0,1,0,12.5,1,3,16,1,54.5,22.6,53.3,79.9,39.5,0.0,0,0,37,8.0,4,50,0,7,88.0,44,4.0,2,120.8,10,1,2.0,1,65,88,12.6,9.3,1.48
Stephen Anderson,11160,TE,LAC,13,4.0,3,80.0,,0,0,0,0.0,0,7,27,0,76.5,70.1,87.0,67.8,87.0,70.4,50,0,23,23.9,17,71,0,8,76.1,54,23.9,17,110.8,10,0,5.6,4,106,81,10.1,13.3,1.96
Pharoh Cooper,10751,WR,CAR,12,11.0,0,55.6,100.0,1,1,0,16.7,1,3,5,0,45.8,88.6,58.5,65.7,60.4,1.4,1,1,32,1.4,1,70,0,5,94.3,66,35.7,25,42.6,9,0,62.9,44,73,34,6.8,14.6,1.11
Juwan Johnson,28305,WR,NO,6,8.9,0,44.4,25.0,1,4,0,20.0,1,3,20,0,42.1,67.0,56.0,,52.0,0.0,0,0,19,0.0,0,83,1,4,94.0,78,13.3,11,57.2,9,0,86.7,72,39,20,5.0,9.8,0.5
Parris Campbell,47940,WR,IND,2,11.6,0,66.7,50.0,1,2,0,0.0,0,4,14,0,74.6,70.6,72.8,,73.4,0.0,0,1,21,0.0,0,43,2,6,93.0,40,95.3,41,50.9,9,0,4.7,2,71,22,3.7,11.8,1.78
DeAndre Washington,10777,HB,MIA,4,3.1,0,55.6,100.0,1,1,0,16.7,1,2,17,0,46.3,80.2,63.6,62.9,55.8,0.0,0,0,10,24.5,12,49,0,5,67.3,33,10.2,5,62.3,9,0,8.2,4,30,23,4.6,6.0,0.91
Ryan Nall,45753,HB,CHI,14,1.1,2,88.9,,0,0,0,0.0,0,5,6,0,76.5,74.8,59.9,64.9,75.4,0.0,0,0,18,22.4,13,58,1,8,75.9,44,0.0,0,134.7,9,1,6.9,4,67,57,7.1,8.4,1.52
Saquon Barkley,45791,HB,NYG,2,4.1,3,66.7,100.0,1,1,0,14.3,1,3,21,0,49.2,77.5,60.3,27.0,62.8,0.0,0,0,38,25.0,12,48,0,6,72.9,35,20.8,10,85.4,9,0,8.3,4,60,56,9.3,10.0,1.71
Devine Ozigbo,45903,HB,JAX,6,0.0,4,100.0,,0,0,0,0.0,0,3,15,0,77.3,71.3,69.4,38.6,81.5,7.7,2,0,12,15.4,4,26,0,9,80.8,21,3.8,1,86.1,9,0,11.5,3,42,42,4.7,4.7,2.0
Nick Keizer,66940,TE,KC,19,6.8,0,66.7,0.0,0,2,0,14.3,1,2,16,1,49.2,16.9,46.4,61.4,37.3,92.3,131,0,22,35.2,50,142,1,6,61.3,87,6.3,9,86.8,9,0,0.7,1,63,43,7.2,10.5,0.72
Maxx Williams,9488,TE,ARZ,9,5.2,1,88.9,,0,0,1,0.0,0,4,1,0,76.5,70.1,67.7,41.4,65.6,61.1,91,1,42,27.5,41,149,2,8,69.8,104,20.1,30,111.3,9,1,0.7,1,102,66,8.3,12.8,0.98
Tarik Cohen,11874,HB,CHI,3,1.7,1,66.7,,0,0,0,14.3,1,1,6,0,49.2,78.1,62.6,83.4,55.6,0.0,0,0,20,8.5,5,59,1,6,91.5,54,10.2,6,76.6,9,0,22.0,13,41,62,10.3,6.8,0.76
Anthony McFarland Jr.,57289,HB,PIT,10,2.4,2,66.7,0.0,0,1,0,14.3,1,1,25,0,49.2,80.8,56.5,74.0,59.2,0.0,0,0,17,4.3,2,47,0,6,93.6,44,6.4,3,82.6,9,0,25.5,12,54,49,8.2,9.0,1.23
Jakob Johnson,32565,FB,NE,16,1.8,0,88.9,100.0,1,1,0,0.0,0,3,19,1,76.5,18.5,45.1,59.3,42.6,11.3,13,0,12,24.3,28,115,2,8,70.4,81,2.6,3,119.9,9,1,9.6,11,35,21,2.6,4.4,0.43
Jaydon Mickens,11371,WR,TB,4,5.9,0,77.8,,0,0,0,0.0,0,6,30,0,75.6,89.0,73.5,,71.3,0.0,0,0,11,0.0,0,42,0,7,88.1,37,50.0,21,93.5,9,0,50.0,21,58,33,4.7,8.3,1.57
Matt Breida,12271,HB,MIA,10,-0.6,3,100.0,,0,0,0,0.0,0,5,17,0,77.3,28.4,67.0,55.0,70.6,0.0,0,0,31,17.7,14,79,0,9,79.7,63,6.3,5,111.1,9,0,3.8,3,96,101,11.2,10.7,1.52
Chris Manhertz,10211,TE,CAR,16,3.4,1,75.0,0.0,0,1,0,14.3,1,1,5,0,49.2,68.8,58.1,61.4,41.5,74.1,163,0,17,38.6,85,220,0,6,55.9,123,17.7,39,91.7,8,0,8.2,18,52,37,6.2,8.7,0.42
Alex Armah,11948,FB,CAR,15,0.1,0,62.5,100.0,1,1,0,37.5,3,1,5,0,27.9,73.1,57.0,86.0,30.3,8.2,4,0,14,12.2,6,49,0,5,81.6,40,4.1,2,66.7,8,0,28.6,14,18,19,3.8,3.6,0.45
River Cracraft,47417,WR,SF,7,7.1,2,75.0,50.0,1,2,0,0.0,0,2,28,0,74.6,75.9,53.5,,52.1,0.0,0,0,12,0.0,0,84,0,6,97.6,82,41.7,35,85.9,8,0,58.3,49,41,9,1.5,6.8,0.5
JaMycal Hasty,25582,HB,SF,7,-2.0,1,87.5,,0,0,0,0.0,0,0,28,0,75.6,42.7,58.9,33.7,66.1,0.0,0,0,16,10.4,5,48,0,7,87.5,42,8.3,4,83.9,8,0,10.4,5,33,44,6.3,4.7,0.79
Peyton Barber,10927,HB,WAS,15,0.1,0,50.0,,0,0,0,33.3,2,1,32,0,41.6,87.3,58.3,54.3,42.0,0.0,0,0,7,16.2,11,68,0,4,75.0,51,0.0,0,56.3,8,0,7.4,5,12,11,2.8,3.0,0.24
Steven Mitchell Jr.,47508,WR,HST,5,13.4,0,62.5,50.0,1,2,0,0.0,0,3,13,0,73.4,68.0,63.6,,64.7,0.0,0,0,20,0.0,0,55,1,5,96.4,53,49.1,27,85.4,8,0,49.1,27,60,9,1.8,12.0,1.13
Ameer Abdullah,9487,HB,MIN,11,-0.3,0,100.0,,0,0,0,0.0,0,4,18,0,77.3,80.7,66.1,14.6,71.9,1.6,1,0,22,8.1,5,62,0,8,83.9,52,12.9,8,136.5,8,2,16.1,10,58,60,7.5,7.3,1.12
Tanner Hudson,66924,TE,TB,10,17.3,0,37.5,0.0,0,3,0,0.0,0,3,30,0,70.5,65.8,58.0,73.2,65.0,47.6,20,0,20,9.5,4,42,0,3,83.3,35,21.4,9,54.7,8,0,21.4,9,41,13,4.3,13.7,1.17
MyCole Pruitt,9576,TE,TEN,12,9.3,0,62.5,66.7,2,3,0,16.7,1,4,31,0,49.2,68.8,69.5,52.9,60.7,78.7,74,0,22,42.6,40,94,1,5,53.2,50,11.7,11,119.3,8,3,1.1,1,49,15,3.0,9.8,0.98
Mark Ingram II,6180,HB,BLT,11,1.4,1,75.0,50.0,1,2,0,0.0,0,2,3,0,49.7,57.3,53.3,74.1,50.4,0.0,0,0,18,16.9,12,71,0,6,77.5,55,7.0,5,90.6,8,0,7.0,5,50,51,8.5,8.3,0.91
Damion Ratley,48182,WR,HST,5,11.0,0,50.0,50.0,1,2,0,0.0,0,2,13,1,72.1,15.0,48.8,,51.3,0.0,0,1,29,0.0,0,94,2,4,93.6,88,10.6,10,37.0,8,0,89.4,84,63,11,2.8,15.8,0.72
Tyrie Cleveland,42134,WR,DEN,7,8.8,1,75.0,50.0,1,2,0,0.0,0,4,10,0,74.6,76.7,76.2,,75.4,0.0,0,0,17,0.0,0,33,0,6,93.9,31,15.2,5,97.4,8,0,84.8,28,63,21,3.5,10.5,2.03
Darrius Shepherd,29347,WR,GB,7,14.9,0,62.5,0.0,0,1,0,0.0,0,1,12,0,73.4,28.3,52.6,,52.2,0.0,0,0,19,0.0,0,92,0,5,91.3,84,68.5,63,78.1,8,0,31.5,29,46,17,3.4,9.2,0.55
Sony Michel,27589,HB,NE,8,-0.5,1,87.5,100.0,1,1,0,0.0,0,5,19,0,76.5,86.2,80.9,73.2,82.6,0.0,0,0,31,21.7,15,69,0,7,69.6,48,1.4,1,158.3,8,1,1.4,1,114,111,15.9,16.3,2.38
Antonio Gandy-Golden,39993,WR,WAS,6,13.3,0,14.3,0.0,0,2,0,0.0,0,0,32,0,64.7,64.6,44.6,62.3,43.8,0.0,0,0,3,1.1,1,88,0,1,94.3,83,21.6,19,39.6,7,0,78.4,69,3,1,1.0,3.0,0.04
Gabe Nabers,40117,FB,LAC,14,1.4,0,71.4,0.0,0,1,0,16.7,1,2,27,0,45.8,70.0,56.8,82.9,56.4,0.0,0,0,9,20.5,8,39,0,5,79.5,31,0.0,0,116.1,7,2,5.1,2,25,26,5.2,5.0,0.81
Devin Asiasi,40294,TE,NE,9,9.4,0,28.6,0.0,0,2,0,33.3,1,2,19,0,30.0,64.0,51.6,67.7,49.8,57.8,63,0,26,21.1,23,109,2,2,73.4,80,30.3,33,89.9,7,1,11.9,13,39,5,2.5,19.5,0.49
Laquon Treadwell,10657,WR,ATL,4,5.6,2,85.7,0.0,0,1,0,0.0,0,4,2,0,74.6,68.8,68.5,,68.0,0.0,0,0,14,0.0,0,41,0,6,97.6,40,19.5,8,135.4,7,2,80.5,33,49,15,2.5,8.2,1.23
Ty Montgomery,9527,HB,NO,6,2.1,0,57.1,0.0,0,1,0,20.0,1,2,20,0,41.6,79.5,62.0,77.6,48.1,0.0,0,0,17,12.2,5,41,0,4,87.8,36,22.0,9,73.5,7,0,7.3,3,40,39,9.8,10.0,1.11
T.J. Yeldon,9469,HB,BUF,5,6.9,0,71.4,100.0,1,1,0,16.7,1,2,4,0,46.3,25.2,62.4,66.6,56.0,0.0,0,0,22,21.0,13,62,0,5,77.4,48,6.5,4,138.7,7,1,11.3,7,63,32,6.4,12.6,1.31
Josh Adams,45662,HB,NYJ,6,-0.1,2,85.7,100.0,1,1,0,14.3,1,2,22,0,49.2,79.9,77.7,29.9,53.1,0.0,0,0,11,20.5,9,44,0,6,77.3,34,0.0,0,83.9,7,0,9.1,4,29,25,4.2,4.8,0.85
Cethan Carter,47149,TE,CIN,14,7.7,0,71.4,100.0,2,2,0,16.7,1,3,7,0,45.8,68.0,52.8,80.9,49.6,70.8,75,0,24,20.8,22,106,3,5,74.5,79,11.3,12,93.2,7,0,10.4,11,53,10,2.0,10.6,0.67
John Ross,11764,WR,CIN,2,13.1,1,28.6,0.0,0,2,0,0.0,0,1,7,0,68.3,64.0,48.2,62.3,49.7,0.0,0,0,15,1.6,1,62,1,2,96.8,60,37.1,23,39.6,7,0,62.9,39,17,4,2.0,8.5,0.28
Damien Harris,35134,HB,NE,10,-0.4,2,71.4,,0,0,0,0.0,0,4,19,0,73.4,71.8,90.3,78.9,67.6,0.0,0,1,15,34.2,26,76,0,5,60.5,46,0.0,0,53.0,7,0,1.3,1,52,55,11.0,10.4,1.13
J.J. Arcega-Whiteside,35014,WR,PHI,8,16.1,0,57.1,66.7,2,3,0,0.0,0,4,24,0,73.4,68.0,65.9,67.1,63.6,0.0,0,1,37,2.4,2,84,0,4,88.1,74,31.0,26,60.7,7,0,69.0,58,85,11,2.8,21.3,1.15
Kahale Warring,37213,TE,HST,6,9.3,0,42.9,33.3,1,3,0,25.0,1,2,13,0,36.2,65.8,51.6,,51.6,44.7,21,0,23,0.0,0,47,0,3,97.9,46,27.7,13,58.6,7,0,27.7,13,35,7,2.3,11.7,0.76
Trent Sherfield,48021,WR,ARZ,6,11.4,0,71.4,50.0,1,2,0,0.0,0,2,1,0,73.4,68.0,67.1,,63.5,0.0,0,1,26,0.0,0,42,0,5,95.2,40,61.9,26,51.8,7,0,35.7,15,50,26,5.2,10.0,1.25
Justice Hill,45865,HB,BLT,12,-1.7,1,83.3,0.0,0,1,0,0.0,0,0,3,0,74.6,75.7,50.8,30.0,53.6,0.0,0,0,8,11.3,7,62,1,5,83.9,52,22.6,14,80.6,6,0,17.7,11,20,29,5.8,4.0,0.38
Terry Godwin II,47946,WR,JAX,3,12.0,0,50.0,0.0,0,1,0,25.0,1,2,15,0,36.2,67.4,55.2,,55.5,0.0,0,0,21,0.0,0,40,0,3,100.0,40,50.0,20,66.0,6,0,50.0,20,32,3,1.0,10.7,0.8
Diontae Spencer,91248,WR,DEN,9,14.3,0,50.0,0.0,0,1,0,0.0,0,1,10,0,70.5,87.1,56.2,,54.5,0.0,0,1,10,0.0,0,42,0,3,85.7,36,69.0,29,22.2,6,0,31.0,13,26,14,4.7,8.7,0.72
Michael Burton,9601,FB,NO,17,1.8,0,100.0,,0,0,0,0.0,0,1,20,0,74.6,74.3,63.1,56.4,54.8,11.5,10,0,12,13.8,12,87,0,6,82.8,72,8.0,7,96.5,6,0,16.1,14,43,32,5.3,7.2,0.6
Dante Pettis,48113,WR,NYG,6,18.0,0,66.7,100.0,1,1,0,0.0,0,3,21,0,72.1,20.4,64.2,62.4,63.4,0.0,0,0,33,1.3,1,80,0,4,91.3,73,33.8,27,149.3,6,1,66.3,53,76,7,1.8,19.0,1.04
Courtland Sutton,48164,WR,DEN,1,17.5,0,50.0,0.0,0,2,0,25.0,1,2,10,0,36.2,65.8,72.9,,71.9,4.8,1,1,45,0.0,0,21,0,3,95.2,20,14.3,3,50.0,6,0,81.0,17,66,6,2.0,22.0,3.3
Corey Clement,12253,HB,PHI,12,-1.7,2,83.3,,0,0,0,16.7,1,2,24,0,49.2,78.8,56.4,17.5,56.7,0.0,0,0,12,19.7,14,71,0,5,74.6,53,5.6,4,84.0,6,0,1.4,1,25,31,6.2,5.0,0.47
Lawrence Cager,34914,WR,NYJ,2,17.2,0,33.3,0.0,0,1,0,0.0,0,2,22,0,68.3,64.0,62.5,,61.7,0.0,0,2,19,0.0,0,25,0,2,96.0,24,12.0,3,14.6,6,0,88.0,22,35,11,5.5,17.5,1.46
Malik Taylor,94375,WR,GB,10,7.3,0,83.3,,0,0,0,0.0,0,4,12,0,73.4,77.3,57.5,,58.7,0.0,0,0,26,0.0,0,84,0,5,92.9,78,27.4,23,152.1,6,1,72.6,61,66,48,9.6,13.2,0.85
Lil'Jordan Humphrey,42247,WR,NO,4,11.0,1,66.7,0.0,0,1,0,0.0,0,4,20,0,72.1,67.0,65.1,,67.5,0.0,0,1,17,0.0,0,57,0,4,98.2,56,57.9,33,99.3,6,1,42.1,24,60,19,4.8,15.0,1.07
Lee Smith,6311,TE,BUF,11,6.0,0,66.7,,0,0,0,0.0,0,3,4,0,74.6,68.8,74.1,72.2,70.9,73.2,52,0,27,45.1,32,71,0,4,50.7,36,7.0,5,121.5,6,2,1.4,1,35,21,5.3,8.8,0.97
Virgil Green,6356,TE,LAC,6,12.3,1,50.0,50.0,1,2,0,25.0,1,2,27,0,36.2,65.8,75.1,69.3,69.6,87.7,50,0,26,45.6,26,57,1,3,50.9,29,3.5,2,118.1,6,1,1.8,1,50,24,8.0,16.7,1.72
Josh Malone,11883,WR,NYJ,2,3.7,0,66.7,,0,0,0,20.0,1,1,22,0,42.1,75.0,52.8,,51.9,0.0,0,0,13,0.0,0,49,0,4,89.8,44,30.6,15,70.1,6,0,69.4,34,16,7,1.8,4.0,0.36
Riley Ridley,47933,WR,CHI,4,9.2,1,100.0,,0,0,0,0.0,0,5,6,0,74.6,68.8,75.0,,72.3,0.0,0,0,18,0.0,0,39,0,6,97.4,38,12.8,5,118.8,6,0,87.2,34,75,20,3.3,12.5,1.97
Levine Toilolo,7915,TE,NYG,15,4.2,1,83.3,,0,0,0,16.7,1,3,21,0,45.8,68.0,56.5,59.1,58.0,85.3,87,0,14,53.9,55,102,1,5,43.1,44,6.9,7,98.6,6,0,7.8,8,46,27,5.4,9.2,1.05
Theo Riddick,7980,HB,LV,4,1.8,2,83.3,0.0,0,1,0,0.0,0,1,23,0,73.4,72.8,55.3,29.6,69.8,2.6,1,0,15,28.9,11,38,0,5,68.4,26,2.6,1,96.5,6,0,0.0,0,43,32,6.4,8.6,1.65
Bennie Fowler,8914,WR,NO,5,7.0,0,33.3,0.0,0,1,0,33.3,1,1,20,0,30.0,64.0,48.0,,51.0,0.0,0,1,7,0.0,0,34,0,2,94.1,32,38.2,13,2.8,6,0,61.8,21,11,1,0.5,5.5,0.34
Seth Roberts,9079,WR,CAR,7,7.3,1,66.7,0.0,0,1,0,0.0,0,2,5,0,72.1,67.0,53.4,,56.5,0.0,0,0,12,0.0,0,61,1,4,95.1,58,67.2,41,79.2,6,0,32.8,20,31,22,5.5,7.8,0.53
Robert Foster,48230,WR,WAS,4,14.2,0,33.3,,0,0,0,33.3,1,2,32,0,29.9,64.0,66.2,,65.5,0.0,0,0,28,0.0,0,18,0,2,94.4,17,27.8,5,55.6,6,0,72.2,13,37,32,16.0,18.5,2.18
DeAndre Carter,9859,WR,CHI,5,6.7,0,66.7,100.0,1,1,0,20.0,1,1,6,0,41.6,48.4,52.6,,54.6,0.0,0,0,8,0.0,0,23,0,4,95.7,22,69.6,16,75.0,6,0,30.4,7,25,10,2.5,6.3,1.14
Andre Roberts,5612,WR,BUF,7,9.4,0,80.0,,0,0,0,20.0,1,2,4,0,41.6,67.3,57.7,,59.4,0.0,0,1,16,0.0,0,41,0,4,92.7,38,14.6,6,55.4,5,0,85.4,35,34,5,1.3,8.5,0.89
Gunner Olszewski,95015,WR,NE,7,5.4,3,100.0,,0,0,0,0.0,0,3,19,0,73.4,55.8,66.5,65.6,63.3,0.0,0,0,38,1.6,1,64,0,5,90.6,58,57.8,37,157.9,5,1,42.2,27,62,35,7.0,12.4,1.07
Ashton Dulin,91479,WR,IND,12,5.8,1,60.0,,0,0,0,0.0,0,2,14,1,70.5,21.6,57.2,68.5,61.4,2.9,1,0,34,2.9,1,34,0,3,94.1,32,41.2,14,96.3,5,0,55.9,19,53,31,10.3,17.7,1.66
C.J. Prosise,10724,HB,HST,6,-1.4,0,100.0,,0,0,0,0.0,0,1,13,0,74.6,27.0,46.3,77.9,62.3,0.0,0,0,10,8.8,3,34,0,5,85.3,29,8.8,3,121.3,5,1,11.8,4,18,25,5.0,3.6,0.62
Jaeden Graham,31849,TE,ATL,14,3.6,0,60.0,50.0,1,2,0,0.0,0,1,2,0,70.5,67.9,45.1,32.4,48.7,42.1,24,0,11,7.0,4,57,1,3,89.5,51,42.1,24,72.9,5,0,14.0,8,25,15,5.0,8.3,0.49
Tavon Austin,7789,WR,GB,4,-4.8,1,100.0,,0,0,0,0.0,0,1,12,0,73.4,24.8,66.3,,66.2,0.0,0,0,7,0.0,0,13,0,5,92.3,12,100.0,13,83.3,5,0,0.0,0,20,44,8.8,4.0,1.67
Tevin Coleman,9506,HB,SF,8,2.8,2,80.0,50.0,1,2,0,0.0,0,2,28,0,73.4,79.6,58.7,79.5,83.8,0.0,0,0,18,15.6,5,32,0,4,81.3,26,6.3,2,95.0,5,0,9.4,3,34,21,5.3,8.5,1.31
Trayveon Williams,45775,HB,CIN,5,-2.4,3,100.0,,0,0,0,0.0,0,1,7,0,73.4,28.7,67.2,69.7,65.1,0.0,0,0,13,27.6,8,29,0,5,69.0,20,6.9,2,91.7,5,0,3.4,1,30,42,8.4,6.0,1.5
Khari Blasingame,44889,FB,TEN,16,0.8,0,80.0,,0,0,0,20.0,1,2,31,0,41.6,68.7,53.0,78.8,49.6,3.8,2,0,16,37.7,20,53,0,4,60.4,32,0.0,0,99.2,5,0,0.0,0,39,35,8.8,9.8,1.22
Dalton Keene,61068,TE,NE,6,8.8,0,60.0,0.0,0,1,0,0.0,0,0,19,1,70.5,13.9,42.2,33.2,35.2,63.3,57,0,8,12.2,11,90,0,3,83.3,75,26.7,24,65.4,5,0,8.9,8,16,4,1.3,5.3,0.21
Andy Janovich,10810,FB,CLV,16,0.6,1,40.0,0.0,0,1,0,33.3,1,1,8,0,29.9,71.8,62.2,90.0,40.9,6.6,4,0,13,37.7,23,61,0,2,57.4,35,0.0,0,47.9,5,0,4.9,3,13,13,6.5,6.5,0.37
Ted Ginn Jr.,3625,WR,CHI,6,17.6,0,60.0,100.0,1,1,0,0.0,0,1,6,0,70.5,74.5,56.6,,58.5,0.0,0,0,29,0.0,0,43,0,3,97.7,42,20.9,9,85.4,5,0,79.1,34,40,13,4.3,13.3,0.95
Charlie Woerner,42257,TE,SF,9,2.5,1,75.0,50.0,1,2,0,0.0,0,2,28,0,70.5,65.8,56.3,71.5,66.9,92.3,36,0,18,35.9,14,39,0,3,64.1,25,0.0,0,102.1,4,0,5.1,2,36,25,8.3,12.0,1.44
Eric Saubert,11929,TE,JAX,7,3.3,0,75.0,0.0,0,1,0,0.0,0,0,15,0,70.5,65.8,49.2,21.3,51.4,69.2,27,1,9,23.1,9,39,1,3,69.2,27,15.4,6,41.7,4,0,15.4,6,16,7,2.3,5.3,0.59
Jeremy Sprinkle,11909,TE,WAS,16,2.0,0,50.0,,0,0,0,33.3,1,0,32,0,29.9,64.0,51.9,75.5,34.5,72.8,67,0,8,44.6,41,92,1,2,54.3,50,16.3,15,58.3,4,0,6.5,6,14,8,4.0,7.0,0.28
Johnny Mundt,12206,TE,LA,9,1.8,1,100.0,,0,0,1,0.0,0,1,26,0,72.1,67.0,64.8,50.4,63.5,76.2,32,0,34,33.3,14,42,1,4,64.3,27,9.5,4,118.8,4,0,11.9,5,53,46,11.5,13.3,1.96
Austin Carr,12215,WR,NO,5,11.5,1,75.0,50.0,1,2,0,0.0,0,3,20,0,70.5,70.0,70.3,65.9,71.0,0.0,0,0,11,3.3,1,30,0,3,83.3,25,46.7,14,132.3,4,1,53.3,16,27,10,3.3,9.0,1.08
D'Ernest Johnson,45734,HB,CLV,7,0.3,0,75.0,,0,0,0,25.0,1,0,8,0,36.2,54.0,65.2,63.6,41.0,0.0,0,0,5,18.9,7,37,0,3,78.4,29,0.0,0,79.2,4,0,10.8,4,14,12,4.0,4.7,0.48
Brandon Zylstra,66438,WR,CAR,13,13.5,0,75.0,,0,0,0,0.0,0,3,5,0,70.5,68.8,54.8,,55.6,0.0,0,0,28,0.0,0,77,0,3,97.4,75,23.4,18,101.0,4,0,74.0,57,35,15,5.0,11.7,0.47
Antonio Callaway,48101,WR,MIA,4,8.0,0,50.0,100.0,1,1,0,0.0,0,1,17,0,68.3,69.2,60.5,,59.9,0.0,0,0,13,0.0,0,43,0,2,88.4,38,18.6,8,64.6,4,0,81.4,35,20,2,1.0,10.0,0.53
Ben Ellefson,27766,TE,JAX,7,10.5,0,25.0,,0,0,0,50.0,1,1,15,0,29.9,64.0,55.0,80.8,52.9,79.2,38,1,10,35.4,17,48,0,1,58.3,28,14.6,7,0.0,4,0,6.3,3,10,3,3.0,10.0,0.36
Jonathan Williams,10790,HB,DET,2,-0.3,0,100.0,,0,0,0,0.0,0,2,11,0,72.1,17.3,52.0,80.7,62.6,0.0,0,0,10,19.2,5,26,0,4,80.8,21,0.0,0,88.5,4,0,11.5,3,21,22,5.5,5.3,1.0
Alfred Morris,7165,HB,NYG,9,1.0,1,75.0,0.0,0,1,0,0.0,0,2,21,0,70.5,83.6,69.1,84.4,63.8,0.0,0,0,9,26.7,12,45,0,3,71.1,32,2.2,1,124.0,4,1,4.4,2,19,17,5.7,6.3,0.59
Luke Willson,7940,TE,SEA,4,6.7,0,33.3,0.0,0,1,0,50.0,1,0,29,0,28.9,61.2,49.2,73.8,43.3,33.3,15,0,12,13.3,6,45,0,1,77.8,35,60.0,27,46.5,3,0,6.7,3,12,2,2.0,12.0,0.34
Elijhaa Penny,11300,FB,NYG,10,1.3,1,66.7,,0,0,0,0.0,0,1,21,0,68.3,71.6,65.8,82.2,78.8,0.0,0,0,11,26.7,4,15,0,2,73.3,11,0.0,0,85.4,3,0,0.0,0,20,17,8.5,10.0,1.82
Tommylee Lewis,11231,WR,NO,4,15.0,0,33.3,,0,0,0,50.0,1,0,20,0,28.8,81.2,53.2,,45.5,0.0,0,0,5,0.0,0,14,0,1,100.0,14,28.6,4,42.4,3,0,64.3,9,5,2,2.0,5.0,0.36
Hunter Bryant,61072,TE,DET,4,23.7,0,33.3,100.0,1,1,0,0.0,0,1,11,0,64.7,61.2,72.1,,75.0,71.4,10,0,44,0.0,0,14,0,1,85.7,12,14.3,2,81.9,3,0,14.3,2,44,12,12.0,44.0,3.67
Jason Cabinda,50714,FB,DET,15,1.0,0,66.7,,0,0,0,0.0,0,1,11,0,68.3,69.8,56.0,57.9,52.0,10.5,4,1,4,42.1,16,38,0,2,55.3,21,0.0,0,30.6,3,0,10.5,4,8,5,2.5,4.0,0.38
Marlon Mack,11898,HB,IND,1,0.0,0,100.0,,0,0,0,0.0,0,1,14,0,70.5,70.6,72.6,,76.2,0.0,0,0,19,0.0,0,7,0,3,100.0,7,0.0,0,108.3,3,0,0.0,0,30,30,10.0,10.0,4.29
Jake Butt,11900,TE,DEN,5,2.3,0,66.7,,0,0,0,0.0,0,0,10,0,68.3,64.0,43.7,28.3,42.8,87.0,47,0,5,18.5,10,54,0,2,75.9,41,9.3,5,70.1,3,0,3.7,2,5,2,1.0,2.5,0.12
Trenton Cannon,66446,HB,CAR,8,0.7,1,100.0,,0,0,0,0.0,0,1,5,0,72.1,79.2,65.0,72.4,58.6,0.0,0,0,19,3.4,1,29,0,3,82.8,24,17.2,5,88.9,3,0,6.9,2,16,14,4.7,5.3,0.67
Deontay Burnett,47477,WR,PHI,2,4.7,0,100.0,,0,0,0,0.0,0,1,24,0,70.5,65.8,55.0,,54.6,0.0,0,0,10,0.0,0,39,0,3,92.3,36,56.4,22,93.1,3,0,43.6,17,19,5,1.7,6.3,0.53
Cyril Grayson,12077,WR,TB,3,23.7,0,0.0,,0,0,0,100.0,1,0,30,0,27.9,62.8,34.7,,41.3,0.0,0,0,0,0.0,0,26,0,0,88.5,23,19.2,5,39.6,3,0,80.8,21,0,0,,,0.0
Darrynton Evans,40692,HB,TEN,6,0.7,2,66.7,,0,0,0,0.0,0,2,31,0,68.3,80.2,56.9,48.7,62.8,0.0,0,0,24,10.5,2,19,0,2,84.2,16,21.1,4,134.7,3,1,10.5,2,27,29,14.5,13.5,1.69
Tajae Sharpe,10774,WR,MIN,4,33.0,0,0.0,,0,0,0,,0,0,18,0,,,46.7,,45.8,7.7,1,0,0,0.0,0,13,0,0,100.0,13,15.4,2,39.6,3,0,76.9,10,0,0,,,0.0
Vyncint Smith,66957,WR,NYJ,4,13.0,0,33.3,0.0,0,1,0,0.0,0,1,22,0,64.7,67.8,60.3,,55.5,0.0,0,0,13,0.0,0,31,0,1,96.8,30,38.7,12,47.9,3,0,61.3,19,13,1,1.0,13.0,0.43
James Proche,48037,WR,BLT,8,5.3,0,33.3,,0,0,0,0.0,0,1,3,0,64.7,86.8,61.4,,61.0,0.0,0,2,14,0.0,0,14,0,1,100.0,14,85.7,12,9.7,3,0,14.3,2,14,8,8.0,14.0,1.0
A.J. Dillon,57165,HB,GB,9,2.3,2,100.0,,0,0,0,0.0,0,2,12,0,49.2,50.2,78.3,71.0,51.3,0.0,0,0,16,13.6,8,59,0,3,79.7,47,1.7,1,113.9,3,0,3.4,2,34,27,9.0,11.3,0.72
Temarrick Hemingway,10811,TE,WAS,5,2.5,0,50.0,,0,0,0,0.0,0,1,32,0,64.7,61.2,42.2,49.6,60.5,61.5,16,0,10,34.6,9,26,1,1,65.4,17,15.4,4,64.6,2,0,11.5,3,10,7,7.0,10.0,0.59
J.J. Taylor,25512,HB,NE,5,-4.0,0,50.0,,0,0,0,50.0,1,0,19,0,28.8,79.8,61.2,34.4,33.5,0.0,0,0,4,23.8,5,21,0,1,66.7,14,0.0,0,56.3,2,0,9.5,2,4,8,8.0,4.0,0.29
Rico Gafford,29622,WR,LV,2,33.5,0,0.0,0.0,0,1,0,,0,0,23,0,,62.8,53.8,,53.7,0.0,0,0,0,0.0,0,9,0,0,100.0,9,33.3,3,39.6,2,0,66.7,6,0,0,,,0.0
Mike Boone,31615,HB,MIN,7,-3.5,0,100.0,,0,0,0,0.0,0,0,18,0,68.3,75.7,78.1,61.2,60.8,0.0,0,0,6,33.3,6,18,0,2,55.6,10,0.0,0,87.5,2,0,5.6,1,10,17,8.5,5.0,1.0
Buddy Howell,12888,HB,HST,5,7.5,0,50.0,0.0,0,1,0,0.0,0,0,13,0,64.7,76.0,63.4,73.4,52.6,0.0,0,0,3,4.8,1,21,0,1,90.5,19,4.8,1,56.3,2,0,19.0,4,3,8,8.0,3.0,0.16
Colin Thompson,12239,TE,CAR,13,4.0,0,50.0,100.0,1,1,0,0.0,0,1,5,0,64.7,61.2,58.7,82.2,50.4,67.8,40,0,7,33.9,20,59,0,1,61.0,36,16.9,10,97.9,2,1,11.9,7,7,0,0.0,7.0,0.19
Gehrig Dieter,12163,WR,KC,1,8.0,0,50.0,,0,0,0,0.0,0,1,16,0,68.3,64.0,57.5,,54.1,0.0,0,0,10,0.0,0,14,1,1,85.7,12,64.3,9,64.6,2,0,35.7,5,10,5,5.0,10.0,0.83
Reggie Gilliam,40951,TE,BUF,13,3.5,1,100.0,100.0,1,1,0,0.0,0,2,4,0,68.3,64.0,57.0,64.5,54.9,20.5,8,0,15,12.8,5,39,0,2,79.5,31,17.9,7,139.6,2,1,12.8,5,16,9,4.5,8.0,0.52
Trevon Wesco,42018,TE,NYJ,12,3.5,0,50.0,0.0,0,1,0,50.0,1,0,22,0,28.8,64.6,41.3,50.1,34.3,70.7,29,0,5,36.6,15,41,2,1,63.4,26,2.4,1,56.3,2,0,4.9,2,5,0,0.0,5.0,0.19
Chandler Cox,45629,FB,MIA,8,1.0,0,100.0,,0,0,0,0.0,0,1,17,0,68.3,64.0,42.1,61.9,63.0,0.0,0,0,6,25.0,7,28,0,2,71.4,20,0.0,0,85.4,2,0,0.0,0,9,7,3.5,4.5,0.45
Jason Huntley,45693,HB,PHI,3,-1.0,0,50.0,,0,0,0,0.0,0,0,24,0,64.7,73.0,55.1,30.1,53.3,0.0,0,0,0,22.7,5,22,0,1,72.7,16,22.7,5,56.3,2,0,4.5,1,0,2,2.0,0.0,0.0
Patrick Mahomes,11765,QB,KC,18,13.5,0,0.0,0.0,0,1,0,,0,0,16,4,,67.3,91.8,,55.0,0.0,0,1,0,0.0,0,830,0,0,0.4,3,0.1,1,0.0,2,0,0.1,1,0,0,,,0.0
Baker Mayfield,46518,QB,CLV,18,-1.5,0,100.0,,0,0,0,0.0,0,1,8,6,64.7,65.1,85.7,76.5,90.8,0.0,0,0,6,0.5,3,653,9,2,0.3,2,0.0,0,79.2,2,0,0.0,0,-2,1,0.5,-1.0,-1.0
Josiah Deguara,47034,TE,GB,2,11.5,0,50.0,,0,0,0,0.0,0,1,12,0,64.7,61.2,56.6,52.8,57.0,23.5,4,0,12,17.6,3,17,0,1,82.4,14,23.5,4,68.8,2,0,0.0,0,12,11,11.0,12.0,0.86
Alex Collins,10805,HB,SEA,3,5.0,0,50.0,,0,0,0,0.0,0,0,29,0,64.7,76.7,66.3,14.9,52.7,0.0,0,0,4,15.6,5,32,0,1,81.3,26,0.0,0,56.3,2,0,0.0,0,4,1,1.0,4.0,0.15
Reggie Bonnafon,47542,HB,CAR,1,0.0,0,100.0,,0,0,0,0.0,0,2,5,0,68.3,75.2,61.6,,75.7,0.0,0,0,15,0.0,0,10,0,2,90.0,9,10.0,1,143.8,2,1,0.0,0,18,20,10.0,9.0,2.0
Tyler Davis,47743,TE,JAX,4,16.5,0,0.0,0.0,0,1,0,,0,0,15,0,,,40.9,72.5,42.1,46.2,12,0,0,15.4,4,26,0,0,84.6,22,42.3,11,39.6,2,0,11.5,3,0,0,,,0.0
Daniel Brown,10144,TE,NYJ,4,5.0,1,100.0,,0,0,0,0.0,0,2,22,0,68.3,66.8,78.1,70.2,81.9,25.0,2,0,18,12.5,1,8,0,2,87.5,7,25.0,2,118.8,2,0,12.5,1,31,21,10.5,15.5,4.43
Keith Kirkwood,48017,WR,CAR,1,18.5,1,50.0,,0,0,0,0.0,0,0,5,0,64.7,61.2,50.4,,51.1,3.7,1,0,13,0.0,0,27,0,1,88.9,24,77.8,21,70.8,2,0,18.5,5,13,8,8.0,13.0,0.54
Trenton Irwin,48080,WR,CIN,1,5.5,0,50.0,,0,0,0,0.0,0,0,7,0,64.7,61.2,56.0,,56.7,0.0,0,0,5,0.0,0,5,0,1,100.0,5,40.0,2,56.3,2,0,60.0,3,5,1,1.0,5.0,1.0
Daurice Fountain,48181,WR,IND,5,11.5,0,100.0,100.0,1,1,0,0.0,0,2,14,0,68.3,64.0,61.1,,61.0,0.0,0,0,12,0.0,0,35,0,2,97.1,34,17.1,6,114.6,2,0,82.9,29,23,0,0.0,11.5,0.68
Donte Moncrief,8725,WR,NE,4,2.5,1,50.0,0.0,0,1,0,0.0,0,1,19,0,64.7,74.3,66.1,,61.7,0.0,0,0,15,0.0,0,16,0,1,100.0,16,12.5,2,75.0,2,0,87.5,14,15,14,14.0,15.0,0.94
Colby Parkinson,52266,TE,SEA,5,5.5,0,100.0,,0,0,0,0.0,0,2,29,0,68.3,64.0,68.4,75.3,69.5,66.7,16,0,10,20.8,5,24,0,2,79.2,19,29.2,7,100.0,2,0,4.2,1,16,5,2.5,8.0,0.84
Lamar Miller,7097,HB,WAS,1,0.5,0,100.0,,0,0,0,0.0,0,1,32,0,68.3,64.0,61.9,,65.1,0.0,0,0,7,0.0,0,5,0,2,100.0,5,0.0,0,79.2,2,0,0.0,0,6,5,2.5,3.0,1.2
Ryan Tannehill,7014,QB,TEN,17,-8.0,0,100.0,,0,0,0,0.0,0,0,31,5,,68.8,90.6,,58.9,0.0,0,0,0,0.0,0,587,2,2,0.2,1,0.0,0,79.2,2,0,0.0,0,-10,6,3.0,-5.0,-10.0
Bruce Miller,6363,FB,JAX,6,-2.5,0,50.0,,0,0,0,50.0,1,1,15,0,28.8,65.3,34.2,35.3,39.7,8.7,2,0,2,34.8,8,23,0,1,56.5,13,0.0,0,56.3,2,0,8.7,2,2,4,4.0,2.0,0.15
Anthony Sherman,6288,FB,KC,9,4.5,0,50.0,,0,0,0,50.0,1,1,16,0,28.8,68.2,66.1,78.2,48.6,21.1,4,0,5,21.1,4,19,0,1,68.4,13,5.3,1,95.8,2,1,0.0,0,5,8,8.0,5.0,0.38
Taiwan Jones,6277,HB,BUF,5,25.0,0,0.0,0.0,0,1,0,100.0,1,0,4,0,27.9,,40.5,,40.7,0.0,0,0,0,0.0,0,6,0,0,83.3,5,16.7,1,39.6,2,0,50.0,3,0,0,,,0.0
Cam Newton,6153,QB,NE,15,7.5,1,100.0,,0,0,0,0.0,0,2,19,3,68.3,76.0,70.9,61.2,97.1,0.0,0,0,19,0.2,1,449,1,2,0.9,4,0.0,0,158.3,2,1,0.0,0,35,20,10.0,17.5,8.75
Dominique Dafney,62825,TE,GB,7,10.0,0,100.0,,0,0,0,0.0,0,2,12,0,68.3,66.8,63.3,61.3,60.2,34.1,14,0,13,12.2,5,41,0,2,85.4,35,31.7,13,158.3,2,1,24.4,10,26,10,5.0,13.0,0.74
Isaiah Zuber,26884,WR,NE,3,0.0,1,100.0,,0,0,0,0.0,0,1,19,0,68.3,67.8,76.2,,69.4,0.0,0,0,16,0.0,0,16,0,2,100.0,16,56.3,9,118.8,2,0,43.8,7,29,29,14.5,14.5,1.81
Jordan Howard,10784,HB,PHI,6,-5.0,0,100.0,,0,0,0,0.0,0,0,24,1,64.7,30.6,41.6,81.4,27.7,0.0,0,0,-3,20.0,6,30,0,1,73.3,22,3.3,1,79.2,1,0,0.0,0,-3,2,2.0,-3.0,-0.14
Kevin Rader,30887,TE,PIT,1,4.0,0,0.0,0.0,0,1,0,,0,0,25,0,,,43.1,70.9,31.3,100.0,7,0,0,28.6,2,7,0,0,71.4,5,0.0,0,39.6,1,0,0.0,0,0,0,,,0.0
Jeff Badet,48309,WR,WAS,3,25.0,0,0.0,0.0,0,1,0,,0,0,32,0,,,46.4,,51.4,0.0,0,0,0,0.0,0,19,0,0,100.0,19,21.1,4,39.6,1,0,78.9,15,0,0,,,0.0
Joe Haeg,10789,G,TB,12,10.0,0,0.0,0.0,0,1,0,,0,0,30,0,,,57.3,39.2,49.4,44.6,37,0,0,95.2,79,83,1,0,4.8,4,0.0,0,39.6,1,0,0.0,0,0,0,,,0.0
Siran Neal,27130,CB,BUF,1,10.0,0,100.0,,0,0,1,0.0,0,1,4,0,64.7,61.2,77.8,,76.9,0.0,0,0,13,0.0,0,1,1,1,100.0,1,0.0,0,118.8,1,0,0.0,0,13,3,3.0,13.0,13.0
Brandon Allen,10835,QB,CIN,5,7.0,0,0.0,,0,0,0,,0,0,7,1,,69.1,56.5,60.9,58.9,0.0,0,0,0,0.6,1,169,1,0,0.6,1,0.0,0,39.6,1,0,0.0,0,0,0,,,0.0
Ezekiel Turner,49167,LB,ARZ,1,13.0,0,100.0,,0,0,0,0.0,0,1,1,0,64.7,61.2,73.8,,90.3,0.0,0,0,26,0.0,0,1,0,1,100.0,1,0.0,0,118.8,1,0,0.0,0,26,13,13.0,26.0,26.0
Noah Togiai,47282,TE,IND,3,3.0,0,0.0,,0,0,0,100.0,1,0,14,0,27.9,,48.2,69.2,38.2,37.5,6,0,0,6.3,1,16,0,0,93.8,15,50.0,8,39.6,1,0,6.3,1,0,0,,,0.0
D.J. Foster,11214,HB,ARZ,4,4.0,0,100.0,,0,0,0,0.0,0,1,1,0,64.7,70.1,51.1,59.4,51.4,0.0,0,0,7,20.8,5,24,0,1,75.0,18,20.8,5,95.8,1,0,8.3,2,7,3,3.0,7.0,0.39
Kenjon Barner,7963,HB,TB,1,3.0,0,0.0,,0,0,0,,0,0,30,0,,81.3,58.3,,56.3,0.0,0,0,0,0.0,0,4,0,0,100.0,4,25.0,1,39.6,1,0,0.0,0,0,0,,,0.0
Marcus Baugh,47131,TE,WAS,8,1.0,0,100.0,,0,0,0,0.0,0,0,32,0,64.7,61.2,53.8,77.1,49.8,50.0,15,0,2,26.7,8,30,0,1,70.0,21,26.7,8,79.2,1,0,13.3,4,2,1,1.0,2.0,0.1
Penny Hart,13534,WR,SEA,8,-1.0,0,100.0,,0,0,0,0.0,0,0,29,0,64.7,64.6,53.2,,53.3,0.0,0,0,3,0.0,0,23,1,1,91.3,21,4.3,1,79.2,1,0,95.7,22,3,4,4.0,3.0,0.14
Isaac Nauta,47119,TE,DET,7,3.0,0,100.0,,0,0,0,0.0,0,0,11,0,64.7,61.2,61.6,74.9,46.7,81.5,22,0,3,29.6,8,27,0,1,63.0,17,7.4,2,79.2,1,0,7.4,2,3,0,0.0,3.0,0.18
Josh Allen,46601,QB,BUF,19,-5.0,1,100.0,,0,0,1,0.0,0,1,4,7,64.7,52.7,90.3,,90.3,0.0,0,0,12,0.0,0,822,6,1,0.2,2,0.0,0,156.3,1,1,0.0,0,12,17,17.0,12.0,6.0
Aaron Brewer,46014,G,TEN,7,3.0,0,0.0,0.0,0,1,1,,0,0,31,0,,,76.2,66.2,48.2,3.3,2,0,0,96.7,59,61,2,0,3.3,2,0.0,0,39.6,1,0,0.0,0,0,0,,,0.0
Eric Fisher,7783,T,KC,17,1.0,0,100.0,,0,0,0,0.0,0,1,16,0,64.7,61.2,80.1,77.0,90.4,0.1,1,0,2,99.9,781,782,4,1,0.1,1,0.0,0,118.8,1,1,0.0,0,2,1,1.0,2.0,2.0
Derek Carrier,7406,TE,LV,5,-4.0,2,100.0,,0,0,0,0.0,0,1,23,0,68.3,64.0,87.9,67.1,90.3,60.0,3,0,14,20.0,1,5,0,1,60.0,3,0.0,0,118.8,1,0,20.0,1,14,18,18.0,14.0,4.67
LeVante Bellamy,45854,HB,DEN,1,0.0,0,100.0,,0,0,0,0.0,0,0,10,0,64.7,69.4,63.7,,74.1,0.0,0,0,5,0.0,0,5,0,1,100.0,5,0.0,0,87.5,1,0,0.0,0,5,5,5.0,5.0,1.0
Taywan Taylor,11827,WR,CLV,3,16.0,0,0.0,0.0,0,1,0,100.0,1,0,8,0,27.9,,43.1,,43.5,0.0,0,0,0,0.0,0,12,0,0,91.7,11,41.7,5,39.6,1,0,58.3,7,0,0,,,0.0
Bobby Massie,7112,T,CHI,8,1.0,0,100.0,100.0,1,1,1,0.0,0,1,6,0,64.7,61.2,72.6,70.8,89.1,0.0,0,0,4,99.7,313,314,1,1,0.3,1,0.0,0,83.3,1,0,0.0,0,4,3,3.0,4.0,4.0
D'Onta Foreman,11844,HB,TEN,4,2.0,0,100.0,,0,0,0,0.0,0,1,31,0,64.7,77.8,66.6,78.4,61.5,0.0,0,0,5,42.9,3,7,0,1,57.1,4,0.0,0,127.1,1,1,0.0,0,5,3,3.0,5.0,1.25
Brandon Dillon,91468,TE,MIN,3,5.0,0,100.0,,0,0,0,0.0,0,0,18,0,64.7,61.2,55.7,,55.2,83.3,5,0,6,0.0,0,6,0,1,100.0,6,16.7,1,91.7,1,0,0.0,0,6,1,1.0,6.0,1.0
Dede Westbrook,11865,WR,JAX,1,4.0,0,100.0,,0,0,0,0.0,0,0,15,0,64.7,21.7,53.7,,54.2,0.0,0,0,4,0.0,0,13,0,1,84.6,11,53.8,7,83.3,1,0,46.2,6,4,0,0.0,4.0,0.36
Dontrell Hilliard,45691,HB,HST,2,2.0,0,100.0,100.0,1,1,0,0.0,0,0,13,0,64.7,77.6,71.3,,53.7,0.0,0,0,2,0.0,0,13,0,1,100.0,13,30.8,4,79.2,1,0,0.0,0,2,0,0.0,2.0,0.15
Austin Walter,45038,HB,SF,1,-6.0,2,100.0,,0,0,0,0.0,0,1,28,0,64.7,72.7,50.9,6.2,79.0,0.0,0,0,27,27.3,3,11,0,1,72.7,8,0.0,0,118.8,1,0,0.0,0,27,33,33.0,27.0,3.38
Ryan Fitzpatrick,2467,QB,MIA,9,-6.0,0,100.0,,0,0,0,0.0,0,0,17,2,,90.9,75.1,,,0.0,0,0,0,0.0,0,316,3,1,0.0,0,0.0,0,79.2,1,0,0.0,0,0,6,6.0,0.0,
Nick Bellore,6515,FB,SEA,6,3.0,0,100.0,,0,0,0,0.0,0,1,29,0,64.7,67.2,42.7,13.2,64.7,0.0,0,0,9,50.0,6,12,0,1,50.0,6,0.0,0,104.2,1,0,16.7,2,9,6,6.0,9.0,1.5
Antony Auclair,24606,TE,TB,7,13.0,0,0.0,0.0,0,1,0,,0,0,30,0,,,43.3,28.3,50.9,80.8,21,0,0,65.4,17,26,0,0,30.8,8,7.7,2,39.6,1,0,7.7,2,0,0,,,0.0
Adrian Killins Jr.,42425,WR,PHI,1,-5.0,0,100.0,,0,0,0,0.0,0,0,24,0,64.7,64.6,52.9,,59.1,0.0,0,0,2,0.0,0,3,0,1,100.0,3,66.7,2,79.2,1,0,33.3,1,2,7,7.0,2.0,0.67
Mason Schreck,12007,TE,CIN,5,2.0,0,0.0,,0,0,0,100.0,1,0,7,0,27.9,,49.9,64.9,38.2,45.5,5,0,0,9.1,1,11,0,0,90.9,10,9.1,1,39.6,1,0,45.5,5,0,0,,,0.0
Stephen Carlson,94365,TE,CLV,9,2.0,0,100.0,,0,0,0,0.0,0,1,8,0,64.7,67.8,56.9,63.5,54.0,62.9,22,0,11,20.0,7,35,0,1,74.3,26,20.0,7,112.5,1,0,14.3,5,11,9,9.0,11.0,0.42
Nick Gates,29476,C,NYG,16,12.0,0,0.0,,0,0,1,,0,0,21,0,,,59.7,63.1,60.0,0.0,0,0,0,99.8,633,634,8,0,0.2,1,0.0,0,39.6,1,0,0.0,0,0,0,,,0.0
Ricky Seals-Jones,12020,TE,KC,4,6.0,0,0.0,,0,0,0,100.0,1,0,16,0,27.9,,31.3,,37.6,25.0,1,0,0,0.0,0,4,1,0,100.0,4,50.0,2,39.6,1,0,25.0,1,0,0,,,0.0
Andy Dalton,6187,QB,DAL,11,-7.0,0,100.0,,0,0,0,0.0,0,0,9,1,,75.1,69.9,,60.0,0.0,0,0,-3,0.0,0,395,2,1,0.5,2,0.0,0,79.2,1,0,0.0,0,-3,4,4.0,-3.0,-1.5
Jordan Thomas,42062,TE,NE,3,10.0,0,100.0,,0,0,0,0.0,0,1,19,0,64.7,61.2,71.7,,73.8,60.0,3,0,3,0.0,0,5,0,1,100.0,5,0.0,0,118.8,1,1,40.0,2,3,0,0.0,3.0,0.6
Cody Hollister,12052,WR,TEN,2,10.0,0,100.0,,0,0,0,0.0,0,1,31,0,64.7,61.2,62.4,,63.2,0.0,0,0,12,0.0,0,13,0,1,76.9,10,23.1,3,116.7,1,0,76.9,10,12,2,2.0,12.0,1.2
Jonathan Ward,25859,FB,ARZ,1,-5.0,0,100.0,,0,0,0,0.0,0,1,1,0,64.7,61.2,97.7,,90.8,0.0,0,0,11,0.0,0,1,0,1,100.0,1,100.0,1,152.1,1,1,0.0,0,11,16,16.0,11.0,11.0
Nate Becker,29141,TE,BUF,1,16.0,0,0.0,,0,0,0,,0,0,4,0,,,43.5,73.9,52.8,38.5,5,1,0,23.1,3,13,0,0,76.9,10,61.5,8,0.0,1,0,0.0,0,0,0,,,0.0
Craig Reynolds,94383,HB,JAX,1,1.0,0,100.0,,0,0,0,0.0,0,0,15,0,64.7,64.6,58.5,74.4,65.3,0.0,0,0,3,50.0,1,2,0,1,50.0,1,0.0,0,79.2,1,0,0.0,0,3,2,2.0,3.0,3.0
Gardner Minshew,41401,QB,JAX,9,-8.0,0,100.0,,0,0,0,0.0,0,0,15,4,,52.6,67.8,,59.8,0.0,0,0,0,0.0,0,397,1,1,0.3,1,0.0,0,79.2,1,0,0.3,1,0,8,8.0,0.0,0.0
P.J. Walker,12134,QB,CAR,4,7.0,0,0.0,,0,0,0,,0,0,5,0,,82.2,56.8,,58.4,0.0,0,0,0,0.0,0,62,1,0,1.6,1,0.0,0,39.6,1,0,0.0,0,0,0,,,0.0
Marcus Kemp,12137,WR,KC,6,1.0,0,100.0,,0,0,0,0.0,0,1,16,0,64.7,65.3,57.8,60.9,61.7,11.8,2,0,11,5.9,1,17,0,1,82.4,14,64.7,11,112.5,1,0,17.6,3,11,10,10.0,11.0,0.79
Jalen Hurts,40291,QB,PHI,12,-7.0,1,100.0,,0,0,0,0.0,0,0,24,4,64.7,23.3,56.2,,55.4,0.0,0,0,3,0.0,0,204,4,1,3.4,7,0.5,1,79.2,1,0,1.0,2,3,10,10.0,3.0,0.43
Joe Reed,40221,WR,LAC,5,-9.0,0,0.0,,0,0,0,,0,0,27,0,,81.4,58.2,,53.4,0.0,0,0,0,0.0,0,11,1,0,90.9,10,63.6,7,39.6,1,0,36.4,4,0,0,,,0.0
Antonio Williams,40197,HB,BUF,1,5.0,2,100.0,,0,0,0,0.0,0,1,4,0,64.7,74.5,85.3,74.1,72.6,0.0,0,0,20,16.7,2,12,0,1,83.3,10,8.3,1,118.8,1,0,0.0,0,20,15,15.0,20.0,2.0
Scottie Phillips,83711,HB,HST,1,3.0,0,100.0,,0,0,0,0.0,0,0,13,0,64.7,73.3,61.2,,64.4,0.0,0,0,7,0.0,0,2,0,1,100.0,2,0.0,0,95.8,1,0,0.0,0,7,4,4.0,7.0,3.5
Jason Croom,12145,TE,PHI,3,4.0,0,100.0,,0,0,0,0.0,0,1,24,0,64.7,61.2,77.6,77.1,79.3,66.7,6,0,3,44.4,4,9,0,1,44.4,4,11.1,1,118.8,1,1,11.1,1,3,0,0.0,3.0,0.75
Cullen Gillaspia,38844,HB,HST,2,-2.0,0,100.0,,0,0,0,0.0,0,0,13,0,64.7,61.2,62.9,,65.1,0.0,0,0,6,0.0,0,2,0,1,100.0,2,0.0,0,91.7,1,0,0.0,0,6,8,8.0,6.0,3.0
Matthew Stafford,4924,QB,DET,16,14.0,0,0.0,0.0,0,1,0,,0,0,11,2,,77.8,82.0,,58.4,0.0,0,0,0,0.0,0,627,3,0,0.2,1,0.0,0,39.6,1,0,0.0,0,0,0,,,0.0
Jaleel Scott,48097,WR,NYJ,1,13.0,0,100.0,,0,0,0,0.0,0,1,22,0,64.7,61.2,78.3,,74.9,0.0,0,0,16,0.0,0,3,0,1,100.0,3,33.3,1,118.8,1,0,66.7,2,16,3,3.0,16.0,5.33
Blake Jarwin,12320,TE,DAL,1,12.0,0,100.0,100.0,1,1,0,0.0,0,1,9,0,64.7,61.2,52.0,72.7,60.9,63.2,12,0,12,10.5,2,19,0,1,89.5,17,31.6,6,116.7,1,0,5.3,1,12,0,0.0,12.0,0.71
Aaron Rodgers,2241,QB,GB,18,-7.0,0,100.0,,0,0,1,0.0,0,0,12,1,,88.1,95.1,,,0.0,0,0,-6,0.0,0,700,6,1,0.0,0,0.0,0,79.2,1,0,0.0,0,-6,1,1.0,-6.0,
Eric Tomlinson,9786,TE,BLT,9,38.0,0,0.0,,0,0,0,,0,0,3,0,,,71.8,53.3,46.1,56.7,17,0,0,16.7,5,30,1,0,83.3,25,23.3,7,39.6,1,0,13.3,4,0,0,,,0.0
Hakeem Butler,47928,TE,PHI,1,8.0,0,0.0,0.0,0,1,0,,0,0,24,0,,,57.2,,59.0,0.0,0,0,0,0.0,0,1,0,0,100.0,1,0.0,0,39.6,1,0,100.0,1,0,0,,,0.0
Jake Kumerow,9883,WR,NO,3,24.0,0,100.0,,0,0,0,0.0,0,1,20,0,64.7,61.2,71.6,,70.4,0.0,0,0,22,0.0,0,6,0,1,100.0,6,33.3,2,158.3,1,1,66.7,4,22,0,0.0,22.0,3.67
Kendall Lamm,10017,T,CLV,9,7.0,0,100.0,,0,0,1,0.0,0,1,8,0,64.7,61.2,66.7,69.5,87.6,3.1,4,0,1,97.7,128,131,2,1,2.3,3,0.0,0,118.8,1,1,0.0,0,1,0,0.0,1.0,0.33
Jerald Hawkins,10757,T,PIT,9,0.0,0,0.0,,0,0,0,,0,0,25,0,,,67.2,73.9,55.7,63.2,12,0,0,89.5,17,19,0,0,10.5,2,0.0,0,39.6,1,0,0.0,0,0,0,,,0.0
C.J. Goodwin,9243,S,DAL,1,9.0,0,0.0,,0,0,0,100.0,1,0,9,0,28.0,,41.7,,42.5,0.0,0,0,0,0.0,0,1,0,0,100.0,1,0.0,0,39.6,1,0,0.0,0,0,0,,,0.0
Dak Prescott,10769,QB,DAL,5,9.0,0,100.0,,0,0,0,0.0,0,1,9,3,64.7,74.1,85.2,,91.2,0.0,0,0,11,0.0,0,248,0,1,0.4,1,0.0,0,152.1,1,1,0.0,0,11,2,2.0,11.0,11.0
Seth DeValve,10772,TE,ARZ,3,33.0,0,0.0,,0,0,0,,0,0,1,0,,,35.2,70.2,48.9,57.1,8,0,0,7.1,1,14,0,0,85.7,12,28.6,4,39.6,1,0,7.1,1,0,0,,,0.0
