player,player_id,position,team_name,player_game_count,attempts,avoided_tackles,breakaway_attempts,breakaway_percent,breakaway_yards,declined_penalties,designed_yards,drops,elu_recv_mtf,elu_rush_mtf,elu_yco,elusive_rating,explosive,first_downs,franchise_id,fumbles,gap_attempts,grades_hands_fumble,grades_offense,grades_offense_penalty,grades_pass,grades_pass_block,grades_pass_route,grades_run,grades_run_block,longest,penalties,rec_yards,receptions,routes,run_plays,scramble_yards,scrambles,targets,total_touches,touchdowns,yards,yards_after_contact,yco_attempt,ypa,yprr,zone_attempts
Derrick Henry,10679,HB,TEN,17,396,77,21,31.2,645,0,2067,0,3,77,1525,73.7,48,97,31,4,125,75.4,91.8,60.0,,57.0,55.3,91.7,57.4,94,1,125,22,239,427,0,0,28,418,17,2067,1525,3.85,5.2,0.52,267
Dalvin Cook,11796,HB,MIN,14,312,68,13,21.7,338,0,1557,3,10,68,1039,73.0,46,91,18,5,70,60.9,89.0,85.8,,45.5,62.1,90.2,59.2,70,0,361,44,263,337,0,0,51,356,16,1557,1039,3.33,5.0,1.37,221
Josh Jacobs,45953,HB,LV,15,273,51,10,17.6,187,1,1065,4,10,51,770,56.2,31,61,23,2,89,65.5,76.3,27.8,,56.6,56.2,79.4,58.5,28,2,238,33,231,301,0,0,41,306,12,1065,770,2.82,3.9,1.03,181
David Montgomery,45719,HB,CHI,16,259,54,6,22.1,243,0,1101,2,18,54,800,71.1,24,61,6,1,36,76.0,80.2,90.2,,60.9,65.8,82.3,69.1,80,0,438,54,414,292,0,0,64,313,8,1101,800,3.09,4.3,1.06,214
Jonathan Taylor,57488,HB,IND,16,253,45,16,33.2,414,0,1247,3,5,45,747,50.7,38,76,14,1,102,85.8,80.7,88.0,,19.4,65.1,82.9,45.2,62,0,305,38,219,297,0,0,42,291,12,1247,747,2.95,4.9,1.39,145
Ezekiel Elliott,10638,HB,DAL,15,244,43,5,11.6,114,0,979,8,10,43,688,50.5,22,62,9,6,76,31.3,65.3,90.2,,64.1,49.1,69.8,62.2,31,0,338,52,387,290,0,0,68,296,6,979,688,2.82,4.0,0.87,159
James Robinson,22425,HB,JAX,14,240,35,9,20.6,220,0,1070,3,17,35,764,57.3,31,54,15,2,88,72.2,72.9,29.5,60.0,43.3,64.1,78.5,58.9,47,2,344,49,286,261,0,0,56,289,7,1070,764,3.18,4.5,1.2,142
Kenyan Drake,10707,HB,ARZ,15,239,31,9,25.1,240,0,955,3,1,31,595,30.2,25,59,1,3,118,60.1,60.9,28.9,,60.0,47.0,65.3,51.2,69,2,137,25,251,297,0,0,29,264,10,955,595,2.49,4.0,0.55,109
Alvin Kamara,11822,HB,NO,17,228,47,14,30.8,344,0,1116,8,24,47,678,66.8,31,68,20,1,75,76.2,82.0,67.8,,58.9,84.5,79.9,55.7,49,1,793,88,396,319,0,0,111,316,17,1116,678,2.97,4.9,2.0,138
Ronald Jones,34001,HB,TB,17,227,36,8,24.2,270,0,1117,5,5,36,802,56.8,24,56,30,2,128,71.2,74.6,85.3,,46.8,29.6,84.7,62.6,98,0,165,28,203,265,0,0,43,255,7,1117,802,3.53,4.9,0.81,91
Nick Chubb,45783,HB,CLV,14,221,66,19,41.8,507,0,1210,2,11,66,883,126.6,39,63,8,1,99,82.3,88.3,84.9,,91.4,65.9,86.8,59.7,59,0,223,22,191,241,0,0,27,243,12,1212,883,4.0,5.5,1.17,116
Aaron Jones,11937,HB,GB,16,221,44,11,34.6,425,0,1230,5,17,44,795,80.4,28,58,12,4,66,53.0,75.6,90.2,,39.1,62.3,80.5,44.0,77,0,376,52,288,256,0,0,68,273,10,1230,795,3.6,5.6,1.31,155
Melvin Gordon III,9448,HB,DEN,15,215,51,12,29.6,292,0,986,3,4,51,669,69.3,26,46,10,4,114,45.3,72.5,88.4,,41.7,36.4,83.0,52.7,65,0,158,32,290,254,0,0,42,247,9,986,669,3.11,4.6,0.54,96
Kareem Hunt,11841,HB,CLV,18,212,36,7,16.4,151,0,921,5,18,36,673,68.0,33,49,8,2,119,70.7,74.4,88.0,,60.6,64.4,75.1,69.4,33,0,319,40,279,237,0,0,52,252,9,921,673,3.17,4.3,1.14,90
Clyde Edwards-Helaire,57279,HB,KC,15,196,39,9,22.3,195,0,874,3,13,39,594,67.1,23,46,16,0,49,90.8,77.2,61.3,,46.0,66.6,80.7,53.8,31,1,320,39,325,223,0,0,54,235,5,874,594,3.03,4.5,0.98,146
Todd Gurley II,9443,HB,ATL,15,195,34,5,15.6,106,0,678,3,6,34,491,45.8,16,44,2,2,96,66.6,54.8,48.9,,50.8,44.0,59.1,60.0,35,1,164,25,229,207,0,0,31,220,9,678,491,2.52,3.5,0.72,91
Cam Akers,57206,HB,LA,15,191,27,7,25.9,219,0,846,1,5,27,566,46.3,16,41,26,1,85,79.2,75.7,84.7,,44.8,56.7,77.6,71.4,61,0,174,14,152,215,0,0,17,205,4,846,566,2.96,4.4,1.14,106
Frank Gore,2282,HB,NYJ,15,187,23,2,4.9,32,0,653,0,2,23,467,30.8,13,32,22,1,56,78.8,60.8,84.1,,64.0,59.8,60.2,59.8,17,0,89,16,136,198,0,0,18,203,2,653,467,2.5,3.5,0.65,131
Antonio Gibson,78050,HB,WAS,15,184,39,8,23.4,193,0,826,2,11,39,462,56.6,22,42,32,2,78,66.8,78.6,88.1,,21.5,62.3,83.4,43.5,40,0,251,38,203,215,0,0,46,222,11,826,462,2.51,4.5,1.24,105
Lamar Jackson,46416,QB,BLT,17,129,34,13,31.3,368,0,739,0,0,17,271,27.7,38,62,3,12,96,46.5,79.3,68.0,74.9,,,77.8,60.3,50,3,0,0,0,498,436,55,0,129,8,1175,482,2.62,6.4,,10
James Conner,11860,HB,PIT,14,180,37,9,29.8,226,0,758,4,8,37,504,57.3,19,44,25,2,90,66.4,69.4,89.1,,64.7,54.9,73.4,64.4,59,0,245,40,313,200,0,0,46,220,7,758,504,2.8,4.2,0.78,75
Devin Singletary,40485,HB,BUF,19,172,38,9,26.3,197,1,750,6,10,38,545,69.8,23,43,4,1,64,79.5,66.0,41.6,,57.5,53.1,73.6,64.4,51,3,313,46,405,227,0,0,56,218,2,750,545,3.17,4.4,0.77,97
Mike Davis,9559,HB,CAR,15,165,43,5,15.0,96,0,642,3,22,43,489,86.0,14,38,5,1,89,79.5,75.1,88.2,,52.4,73.2,73.3,86.6,25,0,373,59,303,203,0,0,67,224,6,642,489,2.96,3.9,1.23,73
Miles Sanders,40555,HB,PHI,12,164,29,6,33.4,290,0,867,8,5,29,555,59.9,16,38,24,4,48,34.4,63.0,90.6,,50.1,33.9,75.3,55.3,82,0,197,28,295,220,0,0,50,192,6,867,555,3.38,5.3,0.67,110
Gus Edwards,46027,HB,BLT,18,162,25,10,29.6,238,0,803,0,1,25,531,49.8,18,53,3,2,123,59.5,85.5,84.0,,51.6,60.3,86.1,61.7,36,0,129,9,123,240,0,0,11,171,6,803,531,3.28,5.0,1.05,35
Leonard Fournette,11759,HB,TB,17,161,23,7,26.4,176,0,667,7,9,23,441,40.8,11,35,30,0,102,90.6,65.5,87.3,,28.4,58.9,70.9,61.1,46,0,381,54,318,191,0,0,67,215,9,667,441,2.74,4.1,1.2,54
Chris Carson,12004,HB,SEA,13,157,29,6,17.0,129,0,758,3,4,29,492,53.0,22,46,29,1,33,77.9,77.3,87.4,,34.0,80.1,75.0,60.6,29,0,292,38,228,181,0,0,47,195,5,758,492,3.13,4.8,1.28,122
Adrian Peterson,3623,HB,DET,16,155,19,7,27.0,164,0,608,2,1,19,396,30.6,13,35,11,0,77,90.3,59.6,82.4,60.0,67.6,50.1,60.8,60.0,38,0,101,12,110,169,0,0,17,167,7,608,396,2.55,3.9,0.92,77
J.K. Dobbins,57366,HB,BLT,17,153,28,12,39.1,348,0,890,6,8,28,512,68.8,22,44,3,2,115,61.1,72.0,88.8,,71.3,47.9,82.0,48.4,72,0,165,22,251,231,0,0,29,175,10,890,512,3.35,5.8,0.66,37
Latavius Murray,7962,HB,NO,16,150,8,5,17.6,117,1,665,0,8,8,375,22.9,12,36,20,1,63,75.5,81.5,38.0,,60.5,83.0,77.4,78.3,36,1,187,25,144,183,0,0,28,175,4,665,375,2.5,4.4,1.3,84
Wayne Gallman,11895,HB,NYG,15,147,27,7,26.0,177,0,682,3,3,27,533,64.7,16,35,21,1,96,71.6,71.1,85.4,,58.0,49.6,76.4,49.8,60,0,114,21,160,191,0,0,25,168,6,682,533,3.63,4.6,0.71,50
David Johnson,9519,HB,HST,12,147,22,10,35.9,248,0,691,4,12,22,383,49.2,18,38,13,2,49,60.3,62.9,89.1,,51.5,45.5,72.8,54.3,48,0,314,33,333,164,0,0,46,180,6,691,383,2.61,4.7,0.94,98
Myles Gaskin,45914,HB,MIA,10,142,31,5,17.3,101,0,584,3,5,31,360,49.9,12,27,17,2,67,61.2,74.5,86.7,,71.9,75.4,70.5,59.9,26,0,388,41,208,165,0,0,47,183,3,584,360,2.54,4.1,1.87,67
Darrell Henderson,41193,HB,LA,15,138,22,6,24.5,153,0,624,0,4,22,373,45.6,20,40,26,0,45,90.1,80.4,83.7,,83.5,67.9,79.2,59.3,40,0,159,16,147,172,0,0,22,154,5,624,373,2.7,4.5,1.08,92
Jamaal Williams,11889,HB,GB,16,138,16,4,13.2,78,0,593,2,7,16,375,36.1,13,36,12,0,36,90.3,76.9,53.4,,58.5,60.0,83.3,62.0,25,1,258,35,232,167,0,0,39,173,2,593,375,2.72,4.3,1.11,102
Damien Harris,35134,HB,NE,10,137,19,8,25.5,176,0,691,0,2,19,414,44.7,20,30,19,1,93,71.8,90.3,81.4,,78.9,67.6,86.9,51.0,41,0,52,5,46,175,0,0,7,142,2,691,414,3.02,5.0,1.13,36
Cam Newton,6153,QB,NE,15,117,16,2,11.5,68,0,407,0,1,7,246,14.1,17,56,19,6,57,76.0,70.9,76.3,67.8,61.2,97.1,66.2,60.3,49,1,35,2,4,427,185,20,2,119,12,592,395,2.88,4.3,8.75,14
Kyler Murray,38334,QB,ARZ,16,82,17,10,24.3,200,0,395,0,0,11,156,25.5,32,52,1,8,15,83.1,82.8,48.8,77.2,,,86.5,60.6,48,7,0,0,0,428,427,51,0,82,11,822,284,2.14,6.2,,35
Josh Allen,46601,QB,BUF,19,86,16,4,12.2,69,1,223,0,1,5,117,9.4,23,45,4,11,14,52.7,90.3,60.8,87.9,,90.3,76.6,60.3,24,6,12,1,2,402,343,42,1,87,9,566,280,2.19,4.4,6.0,16
Jeff Wilson Jr.,29413,HB,SF,11,126,13,8,27.7,166,0,600,4,3,13,398,36.4,17,31,28,2,51,52.3,69.1,84.2,,44.8,48.9,73.9,71.6,34,0,133,13,133,145,0,0,24,139,7,600,398,3.16,4.8,1.0,75
Giovani Bernard,7818,HB,CIN,16,124,17,1,3.6,15,0,416,4,8,17,291,34.3,9,23,7,1,28,74.8,63.4,90.1,,73.0,59.4,62.6,68.7,15,0,355,47,276,157,0,0,58,171,3,416,291,2.35,3.4,1.29,90
Joe Mixon,11803,HB,CIN,6,119,14,3,18.2,78,0,428,1,8,14,303,40.0,6,20,7,1,43,71.0,65.3,85.7,,60.6,66.5,63.5,59.0,34,0,138,21,128,135,0,0,23,140,3,428,303,2.55,3.6,1.08,76
Zack Moss,40341,HB,BUF,14,119,22,4,20.7,104,0,502,0,6,22,340,58.4,12,30,4,0,44,89.6,73.0,47.0,,78.9,61.0,75.8,49.3,31,1,121,18,182,170,0,0,21,137,4,502,340,2.86,4.2,0.66,72
Phillip Lindsay,12660,HB,DEN,11,118,15,8,38.2,192,0,502,3,2,15,344,39.6,13,19,10,0,62,89.2,69.8,83.3,,35.8,32.8,77.7,59.9,55,0,28,7,98,138,0,0,11,125,1,502,344,2.92,4.3,0.29,52
Austin Ekeler,12164,HB,LAC,10,116,22,3,12.3,65,0,530,1,14,22,364,66.5,15,25,27,1,42,73.6,77.0,87.6,,42.3,81.5,74.8,58.3,27,0,403,54,235,131,0,0,60,170,1,530,364,3.14,4.6,1.71,58
D'Andre Swift,57212,HB,DET,13,114,17,6,26.7,139,0,521,4,11,17,275,42.2,13,31,11,3,50,56.4,69.4,86.8,,44.9,69.4,69.4,59.3,54,0,357,46,226,125,0,0,56,160,8,521,275,2.41,4.6,1.58,56
Benny Snell Jr.,45954,HB,PIT,16,113,14,3,21.0,80,0,381,0,3,14,275,33.4,9,26,25,2,66,47.9,57.0,84.9,,55.4,52.7,58.7,61.1,30,0,65,11,112,142,0,0,15,124,4,381,275,2.43,3.4,0.58,37
Joshua Kelley,13750,HB,LAC,14,111,13,4,27.4,97,0,354,0,3,13,255,27.4,4,20,27,2,41,51.3,63.1,85.1,,46.7,73.2,59.8,56.3,33,0,148,23,130,132,0,0,23,134,2,354,255,2.3,3.2,1.14,64
Malcolm Brown,9902,HB,LA,18,110,17,1,4.2,19,0,449,2,4,17,243,34.4,12,30,26,1,38,69.9,57.8,89.4,,40.1,47.8,67.2,57.8,19,1,175,25,284,132,0,0,34,135,5,449,243,2.21,4.1,0.62,72
Raheem Mostert,9783,HB,SF,8,104,12,5,31.7,165,0,521,0,2,12,256,28.7,11,22,28,1,27,68.3,79.3,82.3,,60.2,76.1,77.0,54.1,80,0,156,16,91,121,0,0,17,120,2,521,256,2.46,5.0,1.71,76
Tony Pollard,27126,HB,DAL,16,101,23,5,32.0,139,0,435,4,9,23,363,89.2,10,23,9,0,33,90.3,71.7,86.7,,54.6,56.9,80.4,41.0,42,0,193,28,199,123,0,0,39,129,4,435,363,3.59,4.3,0.97,64
Brian Hill,11911,HB,ATL,16,100,20,4,29.2,136,1,465,3,4,20,295,56.6,9,18,2,2,30,48.2,57.9,84.9,,43.5,39.4,65.2,59.9,62,1,199,25,165,113,0,0,28,125,1,465,295,2.95,4.7,1.21,64
Chase Edmonds,45851,HB,ARZ,16,97,13,5,27.2,122,0,448,1,8,13,256,36.9,11,22,1,2,33,58.0,69.2,90.2,,49.3,77.0,62.6,47.5,32,0,402,53,305,148,0,0,65,150,1,448,256,2.64,4.6,1.32,56
Alexander Mattison,45817,HB,MIN,13,96,23,8,34.8,151,0,434,1,6,23,278,77.0,12,24,18,0,19,88.1,80.9,81.3,,78.0,63.8,81.1,60.0,25,0,125,13,96,110,0,0,15,109,2,434,278,2.9,4.5,1.3,70
Nyheim Hines,48103,HB,IND,17,95,20,5,29.9,136,0,455,3,10,20,277,54.7,19,26,14,0,32,90.9,82.4,89.0,,28.9,91.7,73.3,42.8,33,1,490,65,284,108,0,0,78,160,3,455,277,2.92,4.8,1.73,54
Peyton Barber,10927,HB,WAS,16,94,7,1,5.8,15,0,258,2,0,7,155,11.8,5,26,32,0,54,87.3,58.3,82.4,,54.3,42.0,61.6,57.2,15,0,12,4,51,126,0,0,8,98,4,258,155,1.65,2.7,0.24,38
Devontae Booker,10770,HB,LV,16,93,10,6,33.6,142,0,423,1,5,10,249,36.5,8,20,23,1,35,65.6,68.7,83.4,,64.0,58.0,71.5,46.7,43,0,84,17,105,106,0,0,21,110,3,423,249,2.68,4.5,0.8,58
Taysom Hill,12112,QB,NO,17,73,16,3,10.6,50,0,304,1,0,11,147,26.7,15,36,20,12,56,20.0,67.7,29.4,69.1,66.5,54.5,73.9,53.2,43,4,103,10,76,244,168,18,14,83,8,472,243,2.67,5.2,1.36,6
Kalen Ballage,45741,HB,LAC,11,91,14,1,5.6,17,0,303,3,6,14,224,41.0,4,25,27,1,38,67.1,62.7,85.5,,21.4,53.5,73.0,43.2,17,0,166,29,143,109,0,0,36,120,3,303,224,2.46,3.3,1.16,49
Deshaun Watson,11767,QB,HST,16,28,16,0,0.0,0,0,49,0,0,2,21,5.4,16,30,13,8,5,68.9,92.5,66.5,91.2,60.9,,81.4,60.0,16,3,0,0,0,291,395,62,0,28,3,444,289,3.21,4.9,,11
Russell Wilson,7077,QB,SEA,17,30,3,2,11.1,62,0,51,0,0,0,6,0.0,23,27,29,7,3,83.1,90.5,47.4,88.7,,,77.4,60.0,38,8,0,0,0,374,510,58,0,30,2,561,136,1.55,6.4,,6
J.D. McKissic,11047,HB,WAS,17,87,13,2,9.2,34,0,370,4,13,13,238,42.1,13,26,32,3,23,38.6,62.4,91.8,,59.4,68.5,53.9,56.6,17,0,597,82,425,162,0,0,109,169,2,370,238,2.74,4.3,1.4,55
Le'Veon Bell,7829,HB,KC,12,84,14,3,14.4,48,0,322,1,4,14,252,54.0,10,22,16,1,30,87.0,72.6,30.0,,47.0,68.7,73.2,77.2,16,2,138,16,160,91,0,0,21,100,2,334,252,3.0,4.0,0.86,53
Carlos Hyde,8692,HB,SEA,11,85,14,8,46.8,169,0,361,1,0,14,254,41.4,9,21,29,1,28,87.2,67.1,85.0,,32.1,58.0,72.4,59.6,50,0,93,16,132,97,0,0,20,101,4,361,254,2.99,4.2,0.7,53
Jordan Wilkins,26618,HB,IND,13,84,20,3,18.2,56,0,308,1,1,20,245,63.8,7,17,14,0,30,87.2,67.8,83.0,,52.1,62.4,67.8,57.9,22,0,105,12,67,104,0,0,15,96,1,308,245,2.92,3.7,1.57,53
Jerick McKinnon,8731,HB,SF,15,81,14,5,37.9,121,0,319,2,4,14,185,36.1,9,16,28,0,26,89.3,73.7,86.3,,34.8,76.9,74.7,59.5,55,0,253,33,213,98,0,0,45,114,5,319,185,2.28,3.9,1.19,49
Boston Scott,39462,HB,PHI,16,80,14,4,29.9,112,0,374,0,5,14,242,54.7,9,16,24,1,28,52.2,68.2,89.5,,51.7,68.1,68.2,68.6,56,0,212,25,211,108,0,0,31,105,1,374,242,3.03,4.7,1.0,48
Sony Michel,27589,HB,NE,9,79,12,6,37.6,169,0,449,0,1,12,269,51.5,12,19,19,0,46,86.2,80.9,80.1,,73.2,82.6,76.5,59.0,48,0,114,7,48,112,0,0,8,86,1,449,269,3.41,5.7,2.38,29
Duke Johnson Jr.,9510,HB,HST,11,77,12,1,9.8,23,0,235,1,8,12,173,42.8,4,11,13,3,20,28.2,62.6,87.8,,47.5,66.7,59.8,69.6,23,0,249,28,204,97,0,0,34,105,1,235,173,2.25,3.1,1.22,56
Salvon Ahmed,57472,HB,MIA,6,75,9,5,32.0,102,0,319,1,1,9,174,27.0,9,18,17,0,24,86.0,70.5,18.3,,34.4,55.6,76.9,59.3,31,1,61,11,82,89,0,0,13,86,3,319,174,2.32,4.3,0.74,44
Patrick Mahomes,11765,QB,KC,18,28,3,1,4.7,17,0,13,0,0,0,1,0.0,15,26,16,6,3,67.3,91.8,90.6,90.5,,55.0,78.0,60.1,24,0,0,0,3,383,347,47,2,28,3,360,118,1.57,4.8,0.0,6
Mark Ingram II,6180,HB,BLT,11,72,7,3,22.1,66,0,299,0,1,7,177,25.2,5,14,3,1,49,57.3,53.3,80.0,,74.1,50.4,55.6,47.7,30,0,50,6,55,89,0,0,8,78,2,299,177,2.46,4.2,0.91,22
Rex Burkhead,7971,HB,NE,10,67,12,3,18.2,50,0,274,1,2,12,168,38.2,6,18,19,0,43,86.1,78.2,81.7,,70.2,81.1,74.3,70.8,18,0,192,25,123,103,0,0,30,92,3,274,168,2.51,4.1,1.56,22
Darrel Williams,13014,HB,KC,19,67,7,1,5.3,16,0,304,3,5,7,181,35.2,11,23,16,0,18,86.0,65.3,89.7,,41.8,55.6,73.1,60.4,16,0,151,25,252,94,0,0,37,92,2,304,181,2.7,4.5,0.6,48
Daniel Jones,39395,QB,NYG,14,43,5,5,48.5,205,0,249,0,0,3,73,11.8,13,17,21,11,5,34.1,78.4,76.5,74.4,74.5,,78.8,60.0,80,5,0,0,0,314,174,22,0,43,1,423,145,2.23,6.5,,18
Cordarrelle Patterson,7810,HB,CHI,16,65,12,0,0.0,0,0,234,1,5,12,192,58.4,6,12,6,0,13,89.9,69.6,85.4,,,69.0,67.7,55.7,13,0,132,21,124,82,0,0,25,86,1,234,192,2.95,3.6,1.06,49
Jalen Hurts,40291,QB,PHI,15,39,7,3,15.8,55,0,180,0,1,3,64,16.4,13,23,24,9,15,23.3,56.2,57.4,57.5,,55.4,55.4,60.7,24,4,3,1,7,130,169,25,1,40,3,349,109,1.7,5.5,0.43,15
La'Mical Perine,26408,HB,NYJ,9,64,7,1,8.6,20,0,232,1,0,7,159,23.2,5,18,22,0,24,85.2,58.0,83.3,,60.5,55.9,58.4,59.8,20,0,63,11,86,70,0,0,14,75,2,232,159,2.48,3.6,0.73,39
Samaje Perine,11869,HB,CIN,13,63,18,4,30.6,92,0,301,0,2,18,197,84.5,9,16,7,0,14,85.2,76.7,85.4,,59.2,60.9,81.5,55.5,46,0,66,11,98,82,0,0,11,74,3,301,197,3.13,4.8,0.67,46
Ito Smith,45932,HB,ATL,14,63,5,2,14.6,39,0,268,1,4,5,119,21.3,4,8,2,1,19,57.5,59.0,83.9,,57.2,43.0,66.4,60.0,24,0,75,17,139,70,0,0,21,80,1,268,119,1.89,4.3,0.54,43
Baker Mayfield,46518,QB,CLV,18,35,2,0,0.0,0,0,19,0,0,0,18,0.0,3,22,8,8,2,65.1,85.7,60.4,85.1,76.5,90.8,58.1,60.0,28,9,-2,2,2,524,160,27,2,37,1,179,105,1.69,2.9,-1.0,3
Justin Jackson,29539,HB,LAC,9,59,14,4,40.7,110,0,270,2,6,14,170,73.9,7,15,27,0,16,85.0,78.0,82.3,,53.5,78.3,76.3,69.7,36,1,173,19,90,72,0,0,24,78,0,270,170,2.88,4.6,1.92,39
Christian McCaffrey,11763,HB,CAR,3,59,12,1,6.7,15,0,225,0,2,12,155,48.4,4,14,5,0,32,85.1,75.6,83.8,,53.3,75.9,74.9,34.4,15,0,149,17,83,69,0,0,19,76,5,225,155,2.63,3.8,1.8,27
Matt Breida,12271,HB,MIA,10,59,6,1,9.4,24,0,254,0,3,6,142,31.9,5,12,17,2,22,28.4,67.0,82.0,,55.0,70.6,65.1,58.2,24,0,96,9,63,72,0,0,9,68,0,254,142,2.41,4.3,1.52,34
Jared Goff,10635,QB,LA,17,32,1,0,0.0,0,0,-1,0,0,0,5,0.0,2,13,26,7,0,73.4,71.3,50.5,71.6,,,55.1,60.4,10,7,0,0,0,482,110,24,0,32,4,109,30,0.54,1.9,,2
Justin Herbert,28237,QB,LAC,15,30,3,1,13.2,31,0,95,0,0,2,36,8.0,9,20,27,7,2,74.2,79.9,79.6,78.4,60.9,,63.8,60.3,31,2,0,0,0,407,139,25,0,30,5,234,104,1.89,4.3,,11
Alfred Morris,7165,HB,NYG,9,55,5,2,16.4,39,0,238,0,1,5,142,26.7,8,13,21,0,42,83.6,69.1,80.0,,84.4,63.8,66.7,61.0,20,0,19,3,32,66,0,0,4,58,1,238,142,2.58,4.3,0.59,10
A.J. Dillon,57165,HB,GB,11,55,17,3,23.8,68,0,286,0,2,17,189,112.6,5,12,12,1,9,50.2,78.3,79.9,,71.0,51.3,80.7,60.0,30,0,34,3,47,63,0,0,3,58,2,286,189,3.44,5.2,0.72,45
Ty Johnson,45769,HB,NYJ,11,54,4,2,19.7,50,0,254,0,2,4,122,19.4,4,11,22,0,9,85.0,69.1,83.6,,50.4,66.2,70.0,59.5,34,0,99,16,100,58,0,0,21,70,1,254,122,2.26,4.7,0.99,45
Devonta Freeman,8738,HB,NYG,5,54,7,0,0.0,0,1,172,3,0,7,108,23.0,2,9,21,0,38,83.9,55.0,79.7,,15.1,44.3,60.5,61.1,14,1,58,7,55,70,0,0,10,61,1,172,108,2.0,3.2,1.05,16
Teddy Bridgewater,8667,QB,CAR,15,17,8,0,0.0,0,1,21,0,0,0,1,0.0,11,17,5,6,1,68.2,66.0,65.3,66.4,,58.4,53.9,60.2,18,5,0,0,1,332,258,36,0,17,5,279,128,2.42,5.3,0.0,4
Kerryon Johnson,34455,HB,DET,16,52,5,0,0.0,0,0,181,3,3,5,129,28.0,1,9,11,1,17,53.1,61.6,86.7,,84.8,51.7,61.1,58.8,14,0,187,19,159,62,0,0,25,71,2,181,129,2.48,3.5,1.18,33
Carson Wentz,10636,QB,PHI,12,31,16,0,0.0,0,0,94,0,0,4,44,18.3,7,25,24,10,1,40.4,65.0,88.9,60.0,,53.2,82.6,63.1,40,2,0,0,4,261,182,21,0,31,5,276,219,4.21,5.3,0.0,9
Jeremy McNichols,11917,HB,TEN,17,48,7,5,41.3,86,0,208,1,1,7,142,39.4,6,8,31,0,13,83.5,58.1,85.3,,60.1,44.9,64.5,57.0,20,0,55,12,154,55,0,0,15,60,1,208,142,2.96,4.3,0.36,35
Ryan Tannehill,7014,QB,TEN,17,22,2,1,16.5,45,0,82,0,0,0,7,0.0,11,23,31,6,0,68.8,90.6,79.8,86.0,,58.9,90.9,60.8,45,2,-10,2,1,515,190,23,2,24,7,272,61,1.36,6.0,-10.0,7
Drew Lock,39517,QB,DEN,13,22,3,0,0.0,0,0,28,0,0,1,19,3.9,5,13,10,8,1,29.8,63.5,75.7,63.4,,,53.6,60.0,16,4,0,0,0,325,132,22,0,22,3,160,68,1.55,3.6,,5
Tom Brady,698,QB,TB,20,39,0,0,0.0,0,1,-5,0,0,0,4,0.0,0,8,30,7,2,90.8,93.3,72.6,92.3,,,67.5,60.0,4,5,0,0,0,469,8,4,0,39,4,3,30,0.7,0.1,,0
Aaron Rodgers,2241,QB,GB,18,17,0,0,0.0,0,1,-4,0,0,0,4,0.0,4,16,12,4,1,88.1,95.1,70.3,94.7,,,56.0,60.0,14,6,-6,1,0,463,150,25,1,18,4,146,62,1.48,3.5,,3
Rodney Smith,26306,HB,CAR,7,41,3,0,0.0,0,0,156,1,1,3,99,19.3,3,14,5,1,19,42.0,70.1,82.1,,50.9,52.8,75.2,75.3,13,0,59,9,71,45,0,0,10,50,1,156,99,2.41,3.8,0.83,22
Curtis Samuel,11795,WR,CAR,15,41,12,2,31.0,62,0,200,5,7,12,143,56.2,6,10,5,1,7,64.0,77.1,40.6,,76.2,76.4,75.9,56.0,45,3,851,77,439,193,0,0,93,118,2,200,143,3.49,4.9,1.94,26
JaMycal Hasty,25582,HB,SF,7,39,7,1,13.5,20,0,148,0,1,7,93,41.5,2,7,28,1,8,42.7,58.9,79.0,,33.7,66.1,57.2,60.0,20,0,33,7,42,49,0,0,8,46,1,148,93,2.38,3.8,0.79,31
Derek Carr,8671,QB,LV,16,16,1,1,12.9,18,1,16,1,0,0,9,0.0,5,15,23,11,2,43.4,84.7,89.8,83.9,,60.0,55.7,60.0,18,2,0,0,1,401,124,23,0,16,3,140,24,0.62,3.6,0.0,1
Joe Burrow,28022,QB,CIN,10,21,7,1,16.2,23,0,59,0,0,0,10,0.0,5,14,7,9,1,28.7,75.1,88.4,74.3,,57.6,58.0,60.0,23,2,0,0,1,237,83,16,0,21,3,142,66,1.78,3.8,0.0,2
Sam Darnold,29048,QB,NYJ,12,11,7,0,0.0,0,0,8,0,0,0,5,0.0,5,13,22,4,0,77.9,58.4,73.7,52.7,60.9,,87.7,60.0,46,1,0,0,0,289,209,26,0,11,2,217,202,5.46,5.9,,2
Tua Tagovailoa,60326,QB,MIA,10,20,3,0,0.0,0,0,16,0,0,0,4,0.0,2,13,17,2,0,83.9,65.4,69.1,63.9,,52.4,65.4,61.1,17,1,0,0,4,220,93,16,0,20,3,109,51,1.42,3.0,0.0,4
Mitchell Trubisky,11757,QB,CHI,11,16,4,0,0.0,0,0,30,0,0,0,20,0.0,5,13,6,6,3,38.2,63.5,70.9,60.5,,,71.8,60.8,45,2,0,0,0,245,176,20,0,16,1,206,106,2.94,5.7,,8
Royce Freeman,45747,HB,DEN,15,35,4,2,25.3,43,0,170,0,1,4,100,30.4,5,10,10,0,15,81.5,66.4,84.4,,36.7,67.6,72.6,60.0,23,0,81,12,83,45,0,0,13,47,0,170,100,2.86,4.9,0.98,19
James White,8765,HB,NE,14,34,3,0,0.0,0,0,119,2,5,3,69,19.6,1,6,19,1,21,55.9,65.5,86.6,,26.7,84.2,58.2,60.7,10,0,375,49,184,87,2,1,57,83,2,121,76,2.17,3.5,2.04,12
Jordan Howard,10784,HB,PHI,7,35,1,0,0.0,0,0,60,0,0,1,66,5.2,1,7,24,1,17,30.6,41.6,76.7,,81.4,27.7,50.2,37.7,11,0,-3,1,22,38,0,0,1,36,4,60,66,1.89,1.7,-0.14,17
DeeJay Dallas,55632,HB,SEA,8,34,6,0,0.0,0,0,108,1,5,6,92,58.4,2,9,29,0,6,81.6,72.1,83.5,,24.4,83.3,70.4,60.0,13,0,111,17,85,41,0,0,20,51,2,108,92,2.71,3.2,1.31,25
D'Ernest Johnson,45734,HB,CLV,12,33,5,3,46.4,77,0,166,1,0,5,99,41.7,4,7,8,1,15,54.0,65.2,79.2,,63.6,41.0,69.4,60.8,28,0,14,3,29,48,0,0,4,36,0,166,99,3.0,5.0,0.48,17
Anthony McFarland Jr.,57289,HB,PIT,11,33,2,1,17.7,20,0,113,1,2,2,68,21.1,2,4,25,0,16,80.8,56.5,79.6,,74.0,59.2,57.7,44.6,20,0,54,6,44,42,0,0,9,39,0,113,68,2.06,3.4,1.23,14
Dare Ogunbowale,12329,HB,JAX,10,32,7,2,29.0,42,0,145,1,1,7,101,60.1,5,6,15,0,10,80.9,58.8,16.7,,52.0,55.1,62.8,64.8,25,1,54,10,121,38,0,0,19,42,0,145,101,3.16,4.5,0.45,20
Kirk Cousins,7102,QB,MIN,16,15,0,0,0.0,0,0,18,0,0,0,5,0.0,9,16,18,9,1,61.2,83.4,47.0,80.6,,,79.2,60.0,16,6,0,0,0,469,138,17,0,15,1,156,41,1.28,4.9,,2
DeAndre Washington,10777,HB,MIA,4,31,5,1,17.6,16,0,91,1,0,5,65,29.1,1,2,17,0,14,80.2,63.6,80.1,,62.9,55.8,65.4,60.0,16,0,30,5,33,38,0,0,9,36,0,91,65,2.1,2.9,0.91,17
Ke'Shawn Vaughn,45866,HB,TB,8,31,4,1,14.6,19,0,130,3,1,4,87,39.0,4,5,30,2,21,23.0,55.0,79.9,,84.3,26.3,69.9,60.0,19,0,34,5,51,50,0,0,10,36,0,130,87,2.81,4.2,0.67,9
Ryan Fitzpatrick,2467,QB,MIA,9,12,3,0,0.0,0,0,17,0,0,1,11,7.1,8,12,17,2,0,90.9,75.1,86.9,70.7,,,80.0,61.0,17,3,0,1,0,180,134,18,1,13,2,151,70,2.33,5.0,,3
Matt Ryan,4317,QB,ATL,16,13,1,0,0.0,0,0,-12,0,0,0,0,0.0,4,8,2,6,1,76.4,83.1,79.8,82.1,,55.8,53.3,60.3,16,2,0,0,3,389,104,16,0,13,2,92,46,1.59,3.2,0.0,1
Dion Lewis,6301,HB,NYG,16,29,4,2,29.6,34,0,115,1,4,4,67,38.5,4,8,21,1,20,24.6,54.7,86.2,,37.4,59.2,55.1,46.4,19,1,127,19,201,34,0,0,27,48,2,115,67,2.31,4.0,0.63,8
Gardner Minshew,41401,QB,JAX,9,5,0,0,0.0,0,0,-5,0,0,0,0,0.0,7,10,15,5,1,52.6,67.8,68.6,66.0,,59.8,67.7,60.4,16,1,0,1,1,161,158,24,1,6,1,153,65,2.24,5.3,0.0,2
Josh Adams,45662,HB,NYJ,7,29,3,2,27.4,43,0,157,1,2,3,116,57.1,5,10,22,0,5,79.9,77.7,78.9,,29.9,53.1,84.9,60.0,25,0,29,6,34,31,0,0,7,35,2,157,116,4.0,5.4,0.85,24
Andy Dalton,6187,QB,DAL,11,13,0,0,0.0,0,0,28,0,0,0,7,0.0,3,11,9,2,1,75.1,69.9,70.6,69.8,,60.0,55.7,60.1,13,2,-3,1,2,226,86,15,1,14,0,114,62,2.21,4.1,-1.5,3
Tevin Coleman,9506,HB,SF,8,28,4,0,0.0,0,0,53,0,2,4,69,46.2,2,3,28,0,13,79.6,58.7,76.6,,79.5,83.8,50.3,60.0,12,0,34,4,26,31,0,0,5,32,0,53,69,2.46,1.9,1.31,15
Matthew Stafford,4924,QB,DET,16,12,0,0,0.0,0,0,-5,0,0,0,1,0.0,5,12,11,2,0,77.8,82.0,66.2,78.6,,58.4,82.5,60.3,17,3,0,0,1,341,117,16,1,12,0,112,29,1.04,4.0,0.0,3
Darwin Thompson,83791,HB,KC,6,27,3,0,0.0,0,0,97,1,2,3,58,31.6,4,7,16,2,6,22.6,53.3,80.7,,79.9,39.5,57.8,60.6,14,0,65,7,44,33,0,0,10,34,1,97,58,2.15,3.6,1.48,21
Trayveon Williams,45775,HB,CIN,6,26,7,2,45.9,72,0,157,0,3,7,126,156.3,2,5,7,1,5,28.7,67.2,76.7,,69.7,65.1,65.8,60.0,55,0,30,5,20,30,0,0,5,31,0,157,126,4.85,6.0,1.5,19
Ben Roethlisberger,1732,QB,PIT,16,23,0,0,0.0,0,0,-10,0,0,0,7,0.0,1,3,25,6,1,82.7,69.0,69.1,68.3,,,50.5,60.0,11,2,0,0,0,354,21,3,0,23,0,11,13,0.5,0.4,,1
Travis Homer,45859,HB,SEA,9,25,3,0,0.0,0,0,88,0,1,3,43,20.2,3,2,29,0,6,82.5,58.0,83.0,,52.4,66.8,55.0,60.0,12,0,90,9,68,26,0,0,10,34,0,88,43,1.72,3.5,1.32,18
Robert Woods,7822,WR,LA,18,25,5,3,52.6,80,1,152,7,8,5,52,21.3,4,9,26,2,3,65.1,71.4,71.6,,69.3,72.2,62.3,54.6,40,5,1032,102,645,446,0,0,135,127,2,152,52,2.08,6.1,1.6,0
J.J. Taylor,25512,HB,NE,6,23,3,1,25.5,28,0,110,1,0,3,67,36.4,2,5,19,0,13,79.8,61.2,75.9,,34.4,33.5,68.3,60.0,28,0,4,1,14,29,0,0,2,24,0,110,67,2.91,4.8,0.29,7
Ty Montgomery,9527,HB,NO,6,23,5,1,31.3,36,0,115,1,0,5,69,55.6,3,5,20,0,8,79.5,62.0,79.1,,77.6,48.1,67.4,60.7,36,0,40,4,36,40,0,0,7,27,0,115,69,3.0,5.0,1.11,14
Drew Brees,802,QB,NO,14,21,0,0,0.0,0,0,0,0,0,0,4,0.0,0,7,20,7,0,71.6,71.5,76.1,69.5,,56.8,70.2,62.0,3,3,0,0,2,352,3,2,0,21,2,3,9,0.39,0.1,0.0,1
D'Onta Foreman,11844,HB,TEN,5,22,4,1,15.8,15,0,95,0,0,4,87,68.8,3,6,31,0,2,77.8,66.6,73.1,,78.4,61.5,64.9,,15,0,5,1,4,22,0,0,1,23,0,95,87,3.95,4.3,1.25,20
Jalen Richard,11395,HB,LV,13,22,5,2,30.9,38,0,123,2,1,5,95,63.2,3,7,23,1,11,42.9,57.8,85.5,,66.9,52.4,63.9,29.0,20,1,138,19,123,29,0,0,22,41,1,123,95,4.32,5.6,1.12,10
Corey Clement,12253,HB,PHI,13,21,0,0,0.0,0,0,75,1,2,0,44,16.1,0,3,24,0,12,78.8,56.4,84.0,,17.5,56.7,65.9,45.6,7,0,25,5,53,37,0,0,6,26,1,75,44,2.1,3.6,0.47,8
Dwayne Haskins,41897,QB,WAS,7,13,0,0,0.0,0,0,-12,0,0,0,1,0.0,2,6,32,6,1,65.6,48.4,86.3,47.5,,58.9,59.8,60.2,19,1,0,0,1,150,58,7,0,13,1,46,18,0.9,2.3,0.0,2
Philip Rivers,1725,QB,IND,17,18,0,0,0.0,0,1,-12,0,0,0,0,0.0,0,0,14,2,1,90.8,79.4,68.9,77.8,60.9,,59.6,60.5,3,5,0,0,0,473,3,1,0,18,0,-9,0,0.0,-0.5,,0
Saquon Barkley,45791,HB,NYG,2,19,3,1,52.9,18,0,34,1,3,3,42,53.1,1,1,21,0,10,77.5,60.3,78.0,,27.0,62.8,62.3,60.0,18,0,60,6,35,19,0,0,9,25,0,34,42,2.21,1.8,1.71,8
Dak Prescott,10769,QB,DAL,5,10,4,0,0.0,0,0,29,0,0,2,20,36.4,4,8,9,3,0,74.1,85.2,85.6,80.4,,91.2,78.9,60.0,12,0,11,1,1,112,64,8,1,11,3,93,36,2.0,5.2,11.0,3
Alex Collins,10805,HB,SEA,3,18,3,0,0.0,0,0,77,0,0,3,59,51.8,1,5,29,0,4,76.7,66.3,75.7,,14.9,52.7,73.9,60.0,13,0,4,1,26,20,0,0,2,19,2,77,59,3.28,4.3,0.15,14
Jacoby Brissett,10725,QB,IND,12,17,0,0,0.0,0,0,17,0,0,0,10,0.0,0,9,14,0,1,78.3,73.7,0.0,52.5,,,85.6,60.0,5,2,0,0,0,37,2,1,0,17,3,19,10,0.56,1.1,,2
Laviska Shenault Jr.,61220,WR,JAX,14,18,6,1,18.7,17,0,91,3,16,6,52,83.6,4,6,15,0,1,82.7,71.5,89.9,,,71.8,63.7,50.0,17,1,600,58,388,181,0,0,77,76,0,91,52,2.89,5.1,1.55,10
Kyle Juszczyk,7912,FB,SF,16,17,0,0,0.0,0,0,64,2,0,0,34,0.0,1,12,28,1,1,29.4,65.7,88.7,,53.6,53.3,84.8,63.2,10,0,202,19,151,286,0,0,29,36,2,64,34,2.0,3.8,1.34,2
Tyreek Hill,10799,WR,KC,18,17,2,3,61.3,84,0,137,13,24,2,51,60.9,4,6,16,0,3,86.3,84.5,52.1,,66.3,84.8,67.7,63.6,32,6,1631,111,719,319,0,0,162,128,2,137,51,3.0,8.1,2.27,0
Buddy Howell,12888,HB,HST,7,16,1,0,0.0,0,0,64,0,0,1,38,14.0,0,2,13,0,4,76.0,63.4,78.8,,73.4,52.6,65.5,60.3,9,0,3,1,19,27,0,0,2,17,0,64,38,2.38,4.0,0.16,12
Nick Foles,7089,QB,CHI,9,12,0,0,0.0,0,0,-10,0,0,0,3,0.0,0,2,6,3,1,72.4,66.5,45.8,66.9,,,51.9,60.4,7,4,0,0,0,146,11,4,0,12,1,1,6,0.38,0.1,,0
T.J. Yeldon,9469,HB,BUF,5,15,3,1,38.2,34,0,89,1,0,3,57,57.0,1,6,4,1,4,25.2,62.4,83.5,,66.6,56.0,65.6,59.1,34,0,63,5,48,24,0,0,7,20,0,89,57,3.8,5.9,1.31,8
Darrynton Evans,40692,HB,TEN,6,15,2,0,0.0,0,0,55,0,2,2,32,50.2,0,2,31,0,4,80.2,56.9,76.4,,48.7,62.8,55.8,60.0,9,0,27,2,16,16,0,0,3,17,0,55,32,2.13,3.7,1.69,11
Troymaine Pope,11473,HB,LAC,5,15,1,1,34.2,26,0,76,2,1,1,36,20.9,2,3,27,0,3,77.4,62.4,79.4,,35.8,44.6,73.7,60.0,26,0,42,8,33,20,0,0,10,23,0,76,36,2.4,5.1,1.27,10
Tarik Cohen,11874,HB,CHI,3,14,0,2,44.6,33,0,74,1,1,0,32,11.4,2,3,6,0,2,78.1,62.6,82.2,,83.4,55.6,66.8,60.0,17,1,41,6,54,18,0,0,9,20,0,74,32,2.29,5.3,0.76,10
Patrick Laird,28219,HB,MIA,13,13,1,1,23.6,17,0,72,0,1,1,46,30.8,2,4,17,1,3,26.3,55.5,84.1,,44.0,60.3,49.2,69.8,17,0,68,10,91,24,0,0,12,23,0,72,46,3.54,5.5,0.75,6
Tyler Huntley,46448,QB,BLT,3,11,2,2,69.1,38,0,42,0,0,2,30,49.6,3,2,3,1,7,78.4,61.6,77.9,57.7,,,64.9,60.0,19,0,0,0,0,27,13,2,0,11,0,55,32,2.46,4.2,,0
Tyler Ervin,10753,HB,GB,8,13,1,1,31.3,21,0,67,1,1,1,26,16.7,2,4,12,0,1,84.2,65.9,82.9,,,62.0,69.3,64.7,21,0,84,11,71,63,0,0,13,24,0,67,26,2.0,5.2,1.18,9
Tim Boyle,21956,QB,GB,8,13,0,0,0.0,0,0,-9,0,0,0,0,0.0,0,0,12,1,0,22.8,52.3,75.0,60.0,,,63.0,60.0,0,0,0,0,0,21,0,0,0,13,0,-9,0,0.0,-0.7,,0
Brandon Allen,10835,QB,CIN,5,7,1,0,0.0,0,0,9,0,0,0,5,0.0,0,5,7,1,0,69.1,56.5,84.5,55.7,60.9,58.9,58.8,60.0,4,1,0,0,1,108,18,6,1,7,0,27,16,1.23,2.1,0.0,1
Robert Griffin III,7008,QB,BLT,4,12,1,1,56.5,39,0,69,0,0,1,36,25.0,2,4,3,1,8,78.4,52.9,78.9,36.3,,,75.2,60.0,39,0,0,0,0,41,0,0,0,12,0,69,36,3.0,5.8,,0
Reggie Bonnafon,47542,HB,CAR,2,12,1,1,31.9,22,0,69,0,0,1,57,33.9,3,4,5,0,9,75.2,61.6,71.5,,,75.7,58.0,,22,0,18,2,9,13,0,0,2,14,0,69,57,4.75,5.8,2.0,3
Antonio Williams,40197,HB,BUF,1,12,3,2,57.1,36,0,63,0,2,3,37,118.6,2,4,4,0,3,74.5,85.3,72.4,,74.1,72.6,81.5,60.0,18,0,20,1,10,16,0,0,1,13,2,63,37,3.08,5.3,2.0,9
Justice Hill,45865,HB,BLT,12,12,2,2,58.3,35,0,60,0,1,2,43,63.2,2,2,3,0,11,75.7,50.8,0.0,,30.0,53.6,57.4,44.4,19,1,20,5,52,26,0,0,6,17,0,60,43,3.58,5.0,0.38,1
Isaiah McKenzie,11927,WR,BUF,19,12,1,0,0.0,0,1,18,1,6,1,11,14.3,1,4,4,0,0,81.1,72.4,55.5,60.0,25.0,78.5,48.5,46.1,14,2,296,33,163,121,0,0,36,45,0,18,11,0.92,1.5,1.82,0
Ryan Finley,46426,QB,CIN,5,9,2,1,34.8,23,0,43,0,0,2,16,39.5,2,4,7,0,1,81.1,62.0,80.2,60.3,,,62.3,60.0,23,0,0,0,0,47,23,2,0,9,1,66,27,2.45,6.0,,4
Mike Boone,31615,HB,MIN,7,11,7,1,32.2,19,0,59,0,0,7,44,215.4,2,2,18,0,3,75.7,78.1,72.6,,61.2,60.8,78.4,60.0,19,0,10,2,10,14,0,0,2,13,1,59,44,4.0,5.4,1.0,8
Rashaad Penny,27414,HB,SEA,3,11,1,0,0.0,0,0,34,0,0,1,23,19.0,0,1,29,0,3,73.8,55.6,76.5,,49.6,51.4,57.8,60.0,7,0,0,0,19,12,0,0,0,11,0,34,23,2.09,3.1,0.0,7
Chase Claypool,42312,WR,PIT,17,10,1,0,0.0,0,0,16,4,9,1,8,10.4,0,4,25,3,0,24.0,75.5,89.3,,,75.8,59.9,50.6,8,1,932,67,491,229,0,0,110,77,2,16,8,0.8,1.6,1.9,0
C.J. Prosise,10724,HB,HST,6,10,0,0,0.0,0,0,19,0,0,0,13,0.0,0,0,13,1,1,27.0,46.3,77.7,,77.9,62.3,34.9,60.0,7,0,18,5,29,11,0,0,5,15,0,19,13,1.3,1.9,0.62,9
Alex Smith,2218,QB,WAS,8,7,0,0,0.0,0,0,-6,0,0,0,0,0.0,0,0,32,2,1,79.7,66.0,21.3,66.9,60.9,,51.6,60.3,5,4,0,0,0,169,9,3,0,7,0,3,8,0.8,0.3,,0
Jimmy Garoppolo,8697,QB,SF,6,6,1,0,0.0,0,0,4,0,0,0,1,0.0,0,3,28,2,0,88.6,67.5,84.9,65.4,,,66.3,60.2,9,0,0,0,0,146,21,4,0,6,0,25,15,1.5,2.5,,0
CeeDee Lamb,61570,WR,DAL,16,10,1,3,64.6,53,0,82,9,6,1,42,35.0,3,4,9,1,0,67.2,71.6,47.5,60.0,77.3,72.6,73.9,37.7,19,4,935,74,516,190,0,0,109,84,1,82,42,4.2,8.2,1.81,0
Trenton Cannon,66446,HB,CAR,12,10,4,0,0.0,0,0,33,0,1,4,29,111.5,2,2,5,0,4,79.2,65.0,82.7,,72.4,58.6,68.1,57.5,13,0,16,3,24,18,0,0,3,13,0,33,29,2.9,3.3,0.67,5
LeSean McCoy,4976,HB,TB,12,10,0,0,0.0,0,0,31,2,3,0,12,14.4,2,2,30,0,4,76.7,58.9,0.0,,53.8,63.9,57.7,60.0,14,1,101,15,72,19,0,0,17,25,0,31,12,1.2,3.1,1.4,4
Taylor Heinicke,9896,QB,WAS,2,0,3,0,0.0,0,0,0,0,0,0,,100.0,4,6,32,0,0,83.3,92.3,80.4,89.8,,,84.8,60.0,13,0,0,0,0,18,68,9,0,0,1,68,64,7.11,7.6,,0
Dwayne Washington,10870,HB,NO,3,9,0,0,0.0,0,0,17,0,0,0,12,0.0,0,0,20,0,4,74.2,48.2,70.3,,,59.9,51.1,60.0,5,0,0,0,1,12,0,0,0,9,0,17,12,1.33,1.9,0.0,5
Marcus Mariota,9435,QB,LV,1,5,1,2,48.9,43,0,70,0,0,1,27,108.0,4,8,23,0,0,79.1,82.1,78.9,77.4,,,74.1,60.0,26,0,0,0,0,32,18,4,0,5,1,88,33,3.67,9.8,,4
David Moore,11981,WR,SEA,17,9,3,1,23.1,15,0,65,1,2,3,39,48.1,3,3,29,0,0,86.2,66.0,86.9,,56.5,66.4,67.3,46.4,15,1,418,36,320,179,0,0,47,45,0,65,39,4.33,7.2,1.31,0
Nick Mullens,12282,QB,SF,10,7,0,0,0.0,0,0,-2,0,0,0,2,0.0,0,1,28,6,0,61.2,56.9,52.8,56.7,,,55.9,60.0,7,2,0,0,0,238,10,2,0,7,0,8,2,0.22,0.9,,0
Dontrell Hilliard,45691,HB,HST,2,9,2,1,39.6,19,0,48,0,0,2,29,64.4,2,3,13,0,4,77.6,71.3,75.6,,,53.7,75.2,,19,0,2,1,13,9,0,0,1,10,0,48,29,3.22,5.3,0.15,5
Blaine Gabbert,6162,QB,TB,4,7,1,0,0.0,0,0,-2,0,0,0,0,0.0,1,0,30,1,0,77.6,56.8,78.0,53.8,,,63.4,60.0,16,0,0,0,0,27,18,2,0,7,0,16,7,0.78,1.8,,0
Colt McCoy,5609,QB,NYG,4,5,4,0,0.0,0,0,-1,0,0,1,2,8.0,0,0,21,1,1,83.7,60.6,82.0,62.8,,,45.6,60.0,4,0,0,0,0,67,13,4,0,5,0,12,35,3.89,1.3,,0
Chad Henne,4371,QB,KC,4,8,1,0,0.0,0,0,-3,0,0,1,3,4.7,1,1,16,2,0,81.7,60.7,80.3,59.4,,,62.0,60.0,13,0,0,0,0,41,13,1,0,8,1,10,3,0.33,1.1,,4
Jaylen Samuels,47297,HB,PIT,13,9,0,0,0.0,0,0,28,2,1,0,17,10.5,0,1,25,0,6,75.2,44.5,5.9,,14.9,46.1,47.0,77.2,6,1,46,9,85,21,0,0,13,18,0,28,17,1.89,3.1,0.54,0
Henry Ruggs III,61102,WR,LV,13,9,1,0,0.0,0,0,49,3,2,1,20,19.0,3,3,23,2,1,23.6,54.0,87.6,,,55.6,52.9,40.1,12,0,452,26,343,214,0,0,43,35,0,49,20,2.22,5.4,1.32,0
Lynn Bowden Jr.,61361,WR,MIA,10,7,5,0,0.0,0,0,21,0,7,3,14,57.1,1,3,17,0,4,78.8,68.8,85.2,55.5,68.8,65.1,77.9,71.0,11,0,211,28,212,110,11,2,36,35,0,32,23,2.56,3.6,1.0,2
K.J. Hamler,61590,WR,DEN,13,9,0,1,37.5,15,0,40,7,5,0,8,11.4,2,2,10,1,0,41.7,55.9,86.1,,,55.4,48.9,70.8,15,0,381,30,326,169,0,0,54,39,0,40,8,0.89,4.4,1.17,0
Jameis Winston,9434,QB,NO,5,7,0,0,0.0,0,0,-9,0,0,0,0,0.0,0,0,20,0,0,76.6,43.8,0.0,46.5,,,56.6,60.2,3,1,0,0,0,39,3,1,0,7,0,-6,1,0.13,-0.8,,0
Ameer Abdullah,9487,HB,MIN,12,8,1,0,0.0,0,0,42,0,0,1,22,17.2,1,4,18,0,2,80.7,66.1,81.7,,14.6,71.9,65.5,60.1,13,0,58,8,52,10,0,0,8,16,0,42,22,2.75,5.3,1.12,5
Deebo Samuel,48274,WR,SF,7,8,1,0,0.0,0,0,26,3,10,1,25,83.8,1,1,28,0,1,79.2,79.8,85.6,,70.2,81.1,58.8,59.2,10,0,391,33,173,125,0,0,44,41,0,26,25,3.13,3.3,2.26,2
John Wolford,46454,QB,LA,2,5,0,0,0.0,0,0,34,0,0,0,3,0.0,3,4,26,0,2,81.5,73.2,80.2,67.6,,,76.9,60.0,14,0,0,0,0,37,24,2,0,5,0,58,24,3.43,8.3,,2
Logan Woodside,46517,QB,TEN,6,7,0,1,180.0,18,0,10,0,0,0,1,0.0,1,1,31,0,0,72.8,66.4,75.1,60.0,,,66.5,60.0,18,0,0,0,0,19,0,0,0,7,0,10,1,0.14,1.4,,0
Mason Rudolph,46569,QB,PIT,5,6,0,0,0.0,0,0,-7,0,0,0,0,0.0,0,0,25,0,0,81.2,75.4,79.7,75.6,,,55.7,60.0,1,0,0,0,0,31,1,1,0,6,0,-6,0,0.0,-0.9,,0
Chris Thompson,7936,HB,JAX,8,7,2,0,0.0,0,0,20,1,5,2,14,51.9,0,1,15,0,3,76.7,54.9,85.9,,28.1,58.4,50.6,60.0,5,0,146,20,127,8,0,0,24,27,0,20,14,2.0,2.9,1.15,3
Rico Dowdle,40693,HB,DAL,4,7,1,0,0.0,0,0,24,0,0,1,18,36.7,0,1,9,0,4,74.7,61.6,72.1,,68.8,55.7,62.7,60.0,7,0,0,0,3,9,0,0,0,7,0,24,18,2.57,3.4,0.0,3
Tyrod Taylor,6332,QB,LAC,2,5,2,0,0.0,0,0,-1,0,0,1,6,24.0,0,1,27,0,0,79.8,59.4,79.5,63.1,,,47.8,60.0,4,0,0,0,0,37,7,2,0,5,0,6,13,1.86,0.9,,2
Jarrett Stidham,13725,QB,NE,5,5,0,0,0.0,0,0,0,0,0,0,2,0.0,0,3,19,0,1,81.6,42.6,79.9,44.9,,,49.4,60.0,6,0,0,0,0,32,7,2,0,5,0,7,4,0.57,1.0,,0
Kyle Allen,26152,QB,WAS,4,3,2,0,0.0,0,0,-2,0,0,0,0,0.0,1,3,32,1,0,57.4,68.5,33.8,66.7,,,70.2,60.3,13,2,0,0,0,70,28,4,0,3,1,26,27,3.86,3.7,,0
Michael Burton,9601,FB,NO,17,7,0,0,0.0,0,0,18,0,0,0,12,0.0,0,6,20,0,0,74.3,63.1,87.0,,56.4,54.8,76.1,59.1,7,0,43,6,72,148,0,0,6,13,0,18,12,1.71,2.6,0.6,0
Deonte Harty,91470,WR,NO,11,7,2,1,46.9,23,0,49,1,13,2,39,238.8,2,2,20,0,0,35.3,79.9,82.7,,,79.5,64.0,59.8,23,0,268,28,138,54,0,0,33,35,0,49,39,5.57,7.0,1.94,0
Matt Barkley,7880,QB,BUF,5,6,0,0,0.0,0,0,-6,0,0,0,0,0.0,0,0,4,0,0,77.5,60.6,78.2,59.1,,,61.6,60.0,-1,0,0,0,0,31,0,0,0,6,0,-6,0,0.0,-1.0,,0
De'Michael Harris,84418,WR,IND,8,6,4,2,76.1,35,0,46,0,1,4,24,125.0,3,3,14,0,0,74.9,71.4,79.7,,,70.0,66.9,57.8,19,0,79,10,54,27,0,0,10,16,0,46,24,4.0,7.7,1.46,0
Theo Riddick,7980,HB,LV,4,6,0,0,0.0,0,0,14,0,2,0,10,30.3,1,1,23,0,2,72.8,55.3,79.6,,29.6,69.8,51.6,60.0,11,0,43,5,26,10,0,0,6,11,0,14,10,1.67,2.3,1.65,4
Ben DiNucci,34311,QB,DAL,3,5,0,0,0.0,0,0,13,0,0,0,1,0.0,1,3,9,4,1,16.9,25.6,80.4,25.5,,55.3,52.5,61.0,10,0,0,0,2,40,9,1,0,5,0,22,1,0.17,3.7,0.0,3
Mecole Hardman,42683,WR,KC,19,6,2,2,82.4,70,0,85,7,3,2,38,57.6,3,3,16,1,0,68.3,69.0,38.5,,,68.4,79.4,58.6,50,3,626,49,410,157,0,0,74,55,0,85,38,6.33,14.2,1.53,0
Evan Engram,11778,TE,NYG,16,6,0,0,0.0,0,0,26,8,6,0,9,13.0,0,1,21,1,0,49.5,60.6,81.2,,58.6,61.4,55.6,55.2,9,2,654,63,508,267,0,0,102,69,1,26,9,1.5,4.3,1.29,0
Joe Flacco,4332,QB,NYJ,5,1,0,0,0.0,0,1,0,0,0,0,0,0.0,0,3,22,1,0,66.6,55.8,47.5,55.9,,58.9,57.8,60.0,9,3,0,0,1,89,22,5,0,1,0,22,3,0.5,3.7,0.0,0
Amari Cooper,9437,WR,DAL,16,6,0,0,0.0,0,1,14,3,8,0,8,10.9,1,1,9,0,0,83.6,75.9,67.0,,,77.6,55.6,47.6,10,3,1114,92,617,306,0,0,128,98,0,14,8,1.33,2.3,1.81,0
Jeff Driskel,10841,QB,DEN,3,3,1,0,0.0,0,0,13,0,0,0,1,0.0,0,3,10,0,0,84.1,55.1,81.1,51.3,,,74.9,60.0,9,0,0,0,0,30,15,3,0,3,0,28,23,3.83,4.7,,1
Elijhaa Penny,11300,FB,NYG,14,6,0,0,0.0,0,0,15,0,1,0,10,20.8,0,4,21,0,0,71.6,65.8,79.8,,82.2,78.8,60.7,58.7,5,0,20,2,11,58,0,0,3,8,0,15,10,1.67,2.5,1.82,2
Brandon Aiyuk,84109,WR,SF,12,6,5,3,94.8,73,1,77,5,9,5,42,148.5,3,3,28,0,0,82.1,80.1,61.3,,67.5,80.8,65.3,55.8,38,3,748,60,432,273,0,0,93,66,2,77,42,7.0,12.8,1.73,0
Sterling Shepard,10674,WR,NYG,12,6,0,2,83.7,41,0,49,2,5,0,13,15.0,2,2,21,0,0,82.1,79.6,54.0,,,79.4,60.8,67.9,23,2,656,66,370,166,0,0,88,72,1,49,13,2.17,8.2,1.77,0
C.J. Beathard,11859,QB,SF,6,5,1,1,60.7,17,0,21,0,0,0,8,0.0,1,1,28,3,0,61.8,67.7,83.0,64.9,,,68.5,60.2,17,0,0,0,0,63,7,1,0,5,0,28,13,2.17,4.7,,4
Alex Armah,11948,FB,CAR,16,6,0,0,0.0,0,0,9,3,0,0,4,0.0,0,5,5,0,0,73.1,57.0,81.4,,86.0,30.3,79.2,64.0,3,0,18,5,40,100,0,0,8,11,0,9,4,0.67,1.5,0.45,0
Bo Scarbrough,45731,HB,SEA,1,6,1,0,0.0,0,0,31,0,0,1,16,44.4,1,1,29,0,3,70.6,73.0,71.8,,73.6,56.5,71.7,,12,0,0,0,4,6,0,0,0,6,0,31,16,2.67,5.2,0.0,3
Jamal Agnew,11920,WR,DET,14,6,0,0,0.0,0,0,33,1,3,0,6,15.8,2,3,11,0,1,34.2,56.7,40.6,77.6,64.5,54.2,61.6,58.9,11,1,89,13,123,71,0,0,20,19,0,33,6,1.0,5.5,0.72,0
Mike Glennon,7854,QB,JAX,5,2,0,0,0.0,0,0,4,0,0,0,0,0.0,0,2,15,2,0,71.6,67.5,52.1,69.4,,,36.3,60.0,4,2,0,0,0,90,13,4,0,2,0,17,1,0.17,2.8,,0
Artavis Pierce,45749,HB,CHI,4,6,2,1,67.6,23,0,34,0,0,2,30,166.7,1,2,6,0,0,70.6,81.4,71.2,,,55.7,79.1,60.0,23,0,0,0,5,8,0,0,0,6,1,34,30,5.0,5.7,0.0,6
Tyler Boyd,10689,WR,CIN,15,5,1,1,51.0,25,2,49,2,6,1,16,26.7,2,2,7,1,0,53.8,75.8,54.2,55.0,62.2,75.5,65.6,69.1,25,3,841,79,511,209,0,0,108,84,0,49,16,3.2,9.8,1.65,0
Tee Higgins,61211,WR,CIN,16,5,0,0,0.0,0,1,28,5,6,0,7,11.7,1,1,7,1,0,50.5,75.9,26.8,,79.6,79.0,47.8,49.8,13,6,908,67,496,279,0,0,105,72,0,28,7,1.4,5.6,1.83,0
Gunner Olszewski,95015,WR,NE,8,5,0,0,0.0,0,0,23,0,3,0,10,60.0,1,1,19,0,0,55.8,66.5,79.7,,65.6,63.3,61.3,86.1,12,0,62,5,58,44,0,0,5,10,0,23,10,2.0,4.6,1.07,0
Alex Erickson,11107,WR,CIN,14,5,0,0,0.0,0,0,7,1,0,0,9,0.0,0,0,7,1,0,29.6,53.4,83.2,51.2,,60.1,28.6,65.2,7,0,139,12,109,82,0,0,17,17,0,7,9,1.8,1.4,1.28,0
P.J. Walker,12134,QB,CAR,4,5,0,0,0.0,0,0,-2,0,0,0,1,0.0,0,0,5,1,1,82.2,56.8,7.7,57.0,,58.4,62.6,61.3,2,1,0,0,1,45,0,0,1,5,0,-2,1,0.2,-0.4,0.0,1
Jason Huntley,45693,HB,PHI,4,5,1,0,0.0,0,0,19,0,0,1,14,46.7,1,1,24,0,1,73.0,55.1,80.8,,30.1,53.3,59.8,60.0,10,0,0,1,16,9,0,0,2,6,0,19,14,2.8,3.8,0.0,4
Scotty Miller,47481,WR,TB,20,5,1,0,0.0,0,1,19,2,3,1,10,19.0,0,0,30,0,0,78.5,68.2,87.8,,,67.9,61.8,51.9,8,1,581,37,345,123,0,0,58,42,0,19,10,2.0,3.8,1.68,0
C.J. Ham,11347,FB,MIN,15,5,0,0,0.0,0,0,18,1,0,0,8,0.0,1,2,18,0,1,74.6,60.1,86.7,,57.1,52.6,59.4,63.0,10,0,97,8,108,268,0,0,11,13,0,18,8,1.6,3.6,0.9,1
Joe Reed,40221,WR,LAC,8,5,1,0,0.0,0,0,29,0,0,1,21,84.0,0,1,27,0,1,81.4,58.2,76.5,,,53.4,63.9,57.8,8,1,0,0,10,17,0,0,1,5,1,29,21,4.2,5.8,0.0,0
Trace McSorley,32819,QB,BLT,2,4,1,0,0.0,0,0,8,0,0,1,4,25.0,0,2,3,0,4,74.1,57.4,74.9,55.5,,,61.2,60.0,9,0,0,0,0,9,9,1,0,4,0,17,4,0.8,3.4,,0
Brett Rypien,46487,QB,DEN,3,5,0,0,0.0,0,0,-5,0,0,0,0,0.0,0,0,10,1,0,81.0,40.5,0.0,41.5,,,61.3,60.0,-1,1,0,0,0,34,0,0,0,5,0,-5,0,0.0,-1.0,,0
Darnell Mooney,48236,WR,CHI,16,4,0,1,80.0,16,1,20,2,17,0,2,13.1,1,1,6,1,0,47.0,68.7,63.7,,,67.3,51.2,84.6,16,2,631,61,524,240,0,0,94,65,0,20,2,0.5,5.0,1.2,0
Chosen Anderson,11254,WR,CAR,16,4,2,0,0.0,0,0,15,4,4,2,4,6.1,1,1,5,1,0,58.2,75.1,75.9,,,76.0,60.9,43.2,11,1,1096,95,551,221,0,0,134,99,0,15,4,1.0,3.8,1.99,0
Ryan Nall,45753,HB,CHI,16,4,0,0,,0,0,0,0,2,0,7,29.2,0,0,6,0,0,74.8,59.9,0.0,,64.9,75.4,49.7,55.8,0,1,67,8,44,18,0,0,9,12,0,0,7,1.75,0.0,1.52,4
Chris Streveler,46440,QB,ARZ,3,4,0,0,0.0,0,0,15,0,0,0,7,0.0,1,2,1,1,0,76.5,27.4,76.3,25.7,,,66.5,60.0,12,0,0,0,0,9,0,0,0,4,0,15,7,1.75,3.8,,0
LeVante Bellamy,45854,HB,DEN,3,4,0,0,0.0,0,0,11,0,0,0,6,0.0,0,0,10,0,3,69.4,63.7,70.9,,,74.1,59.9,60.0,8,0,5,1,5,5,0,0,1,5,0,11,6,1.5,2.8,1.0,1
Jarvis Landry,8698,WR,CLV,17,4,1,0,0.0,0,1,10,6,9,1,7,19.9,0,3,8,2,1,56.0,84.7,63.4,89.9,76.3,81.8,70.2,72.4,5,4,952,84,467,310,0,0,114,88,1,10,7,1.75,2.5,2.04,0
Tommy Stevens,28301,QB,CAR,1,4,0,0,0.0,0,0,24,0,0,0,11,0.0,1,2,5,0,3,68.6,79.5,70.1,,,59.3,76.4,,10,0,0,0,1,4,0,0,0,4,0,24,11,2.75,6.0,0.0,1
Cooper Kupp,11824,WR,LA,16,4,1,2,93.9,31,0,33,5,21,1,12,66.0,2,3,26,0,0,65.3,81.6,89.8,,73.1,78.0,66.2,88.3,16,0,1052,96,539,336,0,0,126,100,0,33,12,3.0,8.3,1.95,0
Michael Pittman Jr.,29049,WR,IND,14,4,1,1,56.8,21,0,37,4,6,1,13,46.4,2,2,14,1,0,37.0,62.8,10.4,,,62.3,69.0,75.4,21,8,593,45,412,340,0,0,66,49,0,37,13,3.25,9.3,1.44,0
Keith Smith,9302,FB,ATL,16,4,0,0,0.0,0,0,7,2,0,0,3,0.0,0,4,2,0,0,74.0,68.6,83.8,,65.1,60.0,75.8,64.4,3,0,59,11,65,131,0,0,14,15,0,7,3,0.75,1.8,0.91,0
Marlon Mack,11898,HB,IND,1,4,1,1,69.2,18,0,26,0,0,1,10,35.7,1,2,14,0,1,70.6,72.6,70.2,,,76.2,69.3,,18,0,30,3,7,4,0,0,3,7,0,26,10,2.5,6.5,4.29,3
Jalen Reagor,61697,WR,PHI,11,4,0,1,73.1,19,0,26,1,5,0,8,28.6,2,2,24,0,0,80.5,64.0,69.6,,,64.2,66.5,50.4,19,1,396,31,304,190,0,0,53,35,0,26,8,2.0,6.5,1.3,0
Calvin Ridley,48262,WR,ATL,15,4,1,0,0.0,0,0,7,8,12,1,2,6.9,0,1,2,1,0,56.3,84.9,51.9,60.0,,84.7,63.2,67.5,8,3,1374,90,562,228,0,0,137,94,0,7,2,0.5,1.8,2.44,0
Devin Duvernay,40006,WR,BLT,18,4,1,2,91.4,64,1,70,1,4,1,30,156.2,2,3,3,0,0,85.4,60.3,34.4,,,60.2,64.2,63.8,42,2,201,20,195,151,0,0,25,24,0,70,30,7.5,17.5,1.03,0
Ray-Ray McCloud III,47895,WR,PIT,15,4,4,1,89.2,58,0,65,1,3,4,31,226.0,1,1,25,0,0,90.5,69.9,81.9,,,64.1,90.0,67.8,58,0,77,20,97,62,0,0,21,24,0,65,31,7.75,16.3,0.79,1
Marquez Valdes-Scantling,47809,WR,GB,18,4,1,0,0.0,0,0,13,7,2,1,15,25.0,0,1,12,1,0,32.8,60.6,78.4,,,61.9,53.2,46.7,9,3,838,41,525,316,0,0,74,45,0,13,15,3.75,3.3,1.6,0
Cameron Batson,47669,WR,TEN,13,4,0,0,0.0,0,0,20,0,2,0,12,35.3,1,2,31,1,2,28.4,58.7,84.3,,,59.2,47.8,62.5,11,1,106,13,164,129,0,0,13,17,0,20,12,3.0,5.0,0.65,1
Anthony Miller,48160,WR,CHI,17,3,0,0,0.0,0,1,14,3,5,0,0,0.0,0,1,6,2,0,46.5,58.2,61.1,,,58.8,59.1,52.7,9,1,507,51,446,147,0,0,76,54,0,14,0,0.0,4.7,1.14,0
Diontae Spencer,91248,WR,DEN,11,3,0,0,0.0,0,0,19,0,0,0,8,0.0,0,1,10,0,0,87.1,56.2,77.1,,,54.5,65.9,51.0,9,0,26,3,36,23,0,0,6,6,0,19,8,2.67,6.3,0.72,0
Marquise Brown,61568,WR,BLT,18,3,1,1,75.0,15,0,20,7,8,1,17,70.8,1,1,3,0,0,81.5,74.6,78.8,,,74.6,,59.1,15,1,965,69,523,371,0,0,110,72,0,20,17,5.67,6.7,1.85,0
Jakeem Grant,10820,WR,MIA,14,3,1,1,145.0,29,0,20,4,12,1,12,133.3,1,1,17,0,0,88.0,70.9,61.2,,,71.0,63.3,58.0,29,1,373,36,235,123,0,0,52,39,0,20,12,4.0,6.7,1.59,0
Tony Jones Jr.,40498,HB,NO,1,3,1,0,0.0,0,0,13,0,0,1,8,88.9,0,1,20,0,2,67.2,72.6,66.9,,,58.2,70.9,,6,0,0,0,2,3,0,0,0,3,0,13,8,2.67,4.3,0.0,0
Alec Ingold,34934,FB,LV,16,3,0,0,0.0,0,0,4,2,4,0,5,44.4,0,2,23,0,0,73.5,64.0,83.8,,38.5,62.4,62.6,64.7,3,0,110,12,76,139,0,0,16,15,0,4,5,1.67,1.3,1.45,0
Tyron Johnson,34427,WR,LAC,12,3,0,0,0.0,0,0,17,0,3,0,8,34.8,0,0,27,0,0,78.0,78.4,18.8,,65.8,81.2,55.1,53.0,7,2,398,20,163,94,0,0,26,23,0,17,8,2.67,5.7,2.44,0
Adam Thielen,8288,WR,MIN,15,3,2,0,0.0,0,0,15,5,4,2,9,23.4,0,0,18,0,0,82.2,87.4,89.4,,,87.9,50.2,64.5,8,0,925,74,498,390,0,0,106,77,0,15,9,3.0,5.0,1.86,0
John Lovett,94371,TE,GB,7,3,0,0,0.0,0,0,6,0,0,0,4,0.0,0,0,12,0,3,69.0,44.9,77.2,,73.5,49.9,51.2,51.5,4,0,0,0,14,30,0,0,0,3,0,6,4,1.33,2.0,0.0,0
Anthony Sherman,6288,FB,KC,15,3,0,0,0.0,0,0,8,1,0,0,8,0.0,0,2,16,0,0,68.2,66.1,82.2,,78.2,48.6,69.9,62.9,6,0,5,1,13,57,0,0,2,4,0,8,8,2.67,2.7,0.38,0
Diontae Johnson,33441,WR,PIT,16,3,1,0,0.0,0,1,15,15,13,1,8,36.6,0,0,25,1,0,63.0,70.4,76.6,,,70.1,58.3,57.5,9,1,1040,99,584,190,0,0,155,102,0,15,8,2.67,5.0,1.78,0
Matt Schaub,1811,QB,ATL,1,3,0,0,0.0,0,0,-4,0,0,0,0,0.0,0,0,2,0,0,67.2,61.7,71.9,,,,60.5,60.0,-1,0,0,0,0,9,0,0,0,3,0,-4,0,0.0,-1.3,,0
Logan Thomas,8755,TE,WAS,17,3,0,0,0.0,0,0,5,6,6,0,7,17.5,0,2,32,0,1,82.6,65.2,66.9,79.9,57.1,64.8,63.9,59.6,3,4,744,77,655,356,0,0,114,80,0,5,7,2.33,1.7,1.14,1
Malcolm Perry,46513,WR,MIA,9,3,1,0,0.0,0,0,5,2,2,1,12,100.0,0,1,17,0,2,74.2,57.6,81.1,,,56.6,59.2,66.5,6,0,92,9,103,44,0,0,13,12,0,5,12,4.0,1.7,0.89,0
Garrett Gilbert,8848,QB,DAL,1,1,1,0,0.0,0,0,2,0,0,0,0,0.0,2,2,9,0,1,79.7,66.4,79.3,62.5,,,73.0,60.0,15,0,0,0,0,29,26,2,0,1,0,28,21,7.0,9.3,,0
Odell Beckham Jr.,8647,WR,CLV,7,3,5,2,101.4,73,0,72,1,4,5,66,761.5,2,2,8,0,0,76.5,75.3,57.7,55.1,,73.7,90.2,54.5,50,2,319,23,178,127,0,0,43,26,1,72,66,22.0,24.0,1.79,0
Antonio Brown,5718,WR,TB,11,3,0,1,110.0,22,0,20,1,8,0,4,19.0,1,1,30,0,0,81.0,82.2,87.1,,,82.6,54.8,45.7,22,0,564,53,293,92,0,0,74,56,0,20,4,1.33,6.7,1.92,0
Isaiah Wright,40113,WR,WAS,14,3,0,0,0.0,0,0,16,1,5,0,6,33.3,0,0,32,0,0,48.2,57.5,87.1,60.0,,57.4,66.5,48.8,9,0,197,27,243,104,0,0,36,30,0,16,6,2.0,5.3,0.81,0
Braxton Berrios,47961,WR,NYJ,15,3,0,1,51.7,15,0,29,4,4,0,8,26.7,2,1,22,0,0,87.9,72.4,85.6,,,71.8,67.4,64.7,15,0,394,37,185,88,0,0,53,40,0,29,8,2.67,9.7,2.13,2
Tony Brooks-James,45764,HB,ATL,1,3,1,0,0.0,0,0,4,0,0,1,6,66.7,0,0,2,0,2,67.2,49.0,69.5,,,,52.6,60.0,4,0,0,0,0,6,0,0,0,3,0,4,6,2.0,1.3,,1
Terry McLaurin,48229,WR,WAS,16,2,1,1,90.0,27,0,30,3,14,1,21,165.8,1,2,32,1,0,56.8,78.5,70.0,,,77.6,77.1,62.7,27,3,1193,93,649,339,0,0,135,95,0,30,21,10.5,15.0,1.84,0
Greg Ward,12258,WR,PHI,16,1,0,0,0.0,0,1,-6,3,5,0,-1,-9.3,0,0,24,1,0,41.3,58.8,76.1,68.8,54.5,58.6,48.6,58.9,2,1,419,53,501,247,2,1,78,54,0,-4,-1,-0.5,-2.0,0.84,0
Joshua Dobbs,11890,QB,PIT,1,2,1,0,0.0,0,0,20,0,0,1,5,125.0,1,1,25,0,2,70.2,70.0,71.9,61.8,,,68.7,60.0,13,0,0,0,0,4,0,0,0,2,0,20,5,2.5,10.0,,0
Darius Slayton,25578,WR,NYG,16,2,0,0,0.0,0,1,-1,6,7,0,1,6.7,0,0,21,1,0,38.4,67.8,89.7,,,67.4,56.7,58.5,2,2,751,50,549,294,0,0,94,52,0,-1,1,0.5,-0.5,1.37,0
Senorise Perry,9035,HB,TEN,3,2,0,0,0.0,0,0,9,0,0,0,7,0.0,0,1,31,0,0,65.2,71.2,66.9,,63.8,,65.9,60.0,6,0,0,0,0,3,0,0,0,2,0,9,7,3.5,4.5,,2
Isaiah Zuber,26884,WR,NE,4,2,0,0,0.0,0,0,21,0,1,0,2,25.0,1,2,19,0,0,67.8,76.2,75.4,,,69.4,68.1,79.0,13,0,29,2,16,10,0,0,2,4,0,21,2,1.0,10.5,1.81,0
Jonnu Smith,11855,TE,TEN,16,2,0,0,0.0,0,0,4,2,3,0,0,0.0,0,1,31,0,1,78.9,74.0,89.4,,36.4,77.3,63.9,62.1,3,1,457,43,319,389,0,0,66,45,1,4,0,0.0,2.0,1.43,0
Shawn Williams,7865,S,CIN,2,2,0,1,84.8,39,0,46,0,0,0,8,0.0,1,2,7,0,0,65.2,71.0,65.7,,,,69.8,,39,0,0,0,0,2,0,0,0,2,0,46,8,4.0,23.0,,1
Trey Burton,9185,TE,IND,14,2,0,0,0.0,0,0,3,3,1,0,2,3.0,0,2,14,0,2,77.7,69.9,87.8,,79.0,66.0,70.7,69.7,2,0,284,31,235,141,0,0,47,33,2,3,2,1.0,1.5,1.21,0
Geno Smith,7820,QB,SEA,1,2,0,0,0.0,0,0,-2,0,0,0,1,0.0,0,0,29,1,0,70.8,62.2,74.3,67.4,,,53.9,60.0,0,0,0,0,0,12,0,0,0,2,0,-2,1,0.5,-1.0,,2
Kendall Hinton,34045,QB,DEN,1,1,1,0,0.0,0,0,2,0,0,1,2,200.0,0,0,10,0,0,72.6,24.0,0.0,24.3,,,61.3,60.0,5,1,0,0,0,13,5,1,0,1,0,7,4,2.0,3.5,,1
Jalen Guyton,34164,WR,LAC,16,2,0,0,,0,0,0,6,2,0,3,10.0,0,0,27,0,0,76.9,52.2,66.2,,68.2,51.1,56.7,68.2,4,4,511,28,581,303,0,0,52,30,0,0,3,1.5,0.0,0.88,0
Gabe Nabers,40117,FB,LAC,16,2,0,0,0.0,0,0,7,1,0,0,5,0.0,0,1,27,0,0,70.0,56.8,82.0,,82.9,56.4,68.7,50.4,4,0,25,5,31,91,0,0,7,7,0,7,5,2.5,3.5,0.81,0
Jeremy Chinn,43179,S,CAR,3,2,1,1,96.6,28,1,29,0,0,1,17,425.0,1,1,5,0,1,65.2,69.1,65.6,,,60.0,67.6,,28,3,0,0,1,2,0,0,0,2,0,29,17,8.5,14.5,0.0,0
Russell Gage,44771,WR,ATL,16,2,0,0,0.0,0,0,9,7,11,0,2,14.9,1,1,2,0,0,81.8,76.4,73.1,98.8,68.2,73.7,62.6,63.6,11,1,786,72,517,211,0,0,108,74,0,9,2,1.0,4.5,1.52,0
Tommylee Lewis,11231,WR,NO,5,2,1,1,114.3,16,0,14,1,0,1,21,350.0,1,1,20,0,0,81.2,53.2,76.0,,,45.5,69.1,61.9,16,0,5,1,14,9,0,0,3,3,0,14,21,10.5,7.0,0.36,0
D.J. Foster,11214,HB,ARZ,4,2,0,0,0.0,0,0,2,0,0,0,2,0.0,0,0,1,0,1,70.1,51.1,75.6,,59.4,51.4,52.7,,2,0,7,1,18,2,0,0,1,3,0,2,2,1.0,1.0,0.39,1
Clayton Fejedelem,10879,S,MIA,3,2,1,1,95.7,22,0,23,0,0,1,23,575.0,1,2,17,0,0,65.2,68.6,67.2,,62.0,,67.9,,22,0,0,0,0,2,0,0,0,2,0,23,23,11.5,11.5,,0
Dexter Williams,45913,HB,GB,2,2,1,0,0.0,0,0,8,0,0,1,5,125.0,0,0,12,0,0,65.2,66.6,69.7,,77.2,,62.6,60.0,5,0,0,0,0,5,0,0,0,2,0,8,5,2.5,4.0,,2
Chase Daniel,5214,QB,DET,4,0,0,0,0.0,0,0,0,0,0,0,,100.0,1,1,11,0,0,80.4,54.0,79.0,51.2,,58.9,70.7,60.0,11,0,0,0,1,14,16,2,0,0,0,16,2,1.0,8.0,0.0,0
Julian Edelman,5156,WR,NE,6,2,0,1,104.5,23,0,22,4,1,0,1,2.2,1,1,19,0,0,75.8,68.8,84.9,61.6,,69.3,62.6,49.8,23,0,315,21,167,90,0,0,35,23,0,22,1,0.5,11.0,1.89,0
Derek Watt,10832,FB,PIT,10,2,0,0,0.0,0,0,2,0,0,0,1,0.0,0,1,25,0,0,67.7,37.9,80.1,,76.5,54.8,56.6,41.3,2,0,0,0,4,48,0,0,0,2,0,2,1,0.5,1.0,0.0,0
Nate Sudfeld,10821,QB,PHI,1,1,2,0,0.0,0,0,0,0,0,0,0,0.0,1,1,24,1,0,73.5,32.8,74.3,39.7,,,46.9,60.0,12,0,0,0,0,3,12,1,0,1,0,12,16,8.0,6.0,,1
Ashton Dulin,91479,WR,IND,12,2,0,0,0.0,0,0,11,0,1,0,8,80.0,0,0,14,1,0,21.6,57.2,81.9,,68.5,61.4,50.5,51.8,8,0,53,3,32,80,0,0,5,5,0,11,8,4.0,5.5,1.66,0
Jakobi Meyers,47468,WR,NE,14,2,1,0,0.0,0,0,9,3,6,1,8,45.9,0,0,19,1,0,46.4,78.6,72.3,85.4,61.6,80.1,60.3,45.4,7,3,729,59,325,317,0,0,78,61,0,9,8,4.0,4.5,2.24,0
Andy Janovich,10810,FB,CLV,16,2,0,0,0.0,0,0,4,1,1,0,2,25.0,0,1,8,0,1,71.8,62.2,83.1,,90.0,40.9,58.3,63.8,2,0,13,2,35,119,0,0,5,4,0,4,2,1.0,2.0,0.37,0
Christian Kirk,47546,WR,ARZ,14,2,1,0,0.0,0,0,3,2,0,1,7,7.0,0,1,1,0,0,87.0,62.3,90.1,,,62.5,69.2,42.2,3,0,621,48,513,241,0,0,74,50,0,3,7,3.5,1.5,1.21,0
Parris Campbell,47940,WR,IND,2,2,0,0,0.0,0,0,16,0,0,0,4,0.0,0,2,14,0,0,70.6,72.8,0.0,,,73.4,67.7,74.4,9,2,71,6,40,20,0,0,9,8,0,16,4,2.0,8.0,1.78,0
Brandon Powell,48036,WR,ATL,13,2,0,0,0.0,0,1,7,0,0,0,2,0.0,0,0,2,1,1,32.8,56.7,81.1,,,55.9,54.0,74.1,4,1,69,12,130,44,0,0,16,14,0,7,2,1.0,3.5,0.53,0
Allen Lazard,48135,WR,GB,12,2,0,1,111.8,19,0,17,7,5,0,4,23.8,1,1,12,0,0,78.4,72.4,87.8,,73.9,69.7,59.5,78.2,19,0,609,40,331,229,0,0,58,42,0,17,4,2.0,8.5,1.84,0
D.J. Moore,48267,WR,CAR,15,2,1,1,95.5,21,0,22,7,15,1,10,117.6,1,1,5,0,0,81.6,79.1,64.8,53.5,,79.1,75.3,57.2,21,3,1193,66,535,267,0,0,113,68,0,22,10,5.0,11.0,2.23,0
N'Keal Harry,48297,WR,NE,14,2,1,0,,0,0,0,2,4,1,3,21.4,0,0,19,1,0,28.7,57.8,37.2,,67.8,61.4,53.6,42.0,2,4,309,33,318,251,0,0,55,35,0,0,3,1.5,0.0,0.97,0
Steven Sims,48341,WR,WAS,13,2,3,1,81.8,18,0,22,5,1,3,19,118.8,1,1,32,1,0,34.8,57.6,86.1,,,57.2,68.7,48.2,18,0,298,30,304,96,0,0,40,32,0,22,19,9.5,11.0,0.98,0
Myles Hartsfield,49159,CB,CAR,4,2,2,0,0.0,0,0,2,0,0,2,3,150.0,0,0,5,0,1,65.2,61.3,67.7,,,57.2,57.4,60.0,2,1,0,0,3,3,0,0,0,2,0,2,3,1.5,1.0,0.0,1
Scottie Phillips,83711,HB,HST,3,2,0,0,0.0,0,0,9,0,0,0,5,0.0,0,0,13,0,0,73.3,61.2,70.5,,,64.4,59.5,60.0,5,0,7,1,2,7,0,0,1,3,0,9,5,2.5,4.5,3.5,2
Damiere Byrd,9964,WR,NE,16,2,0,0,0.0,0,1,15,5,5,0,4,20.4,1,1,19,2,0,25.7,61.4,78.6,,67.0,63.3,36.8,48.0,11,1,604,47,469,405,0,0,73,49,0,15,4,2.0,7.5,1.29,0
George Kittle,11901,TE,SF,8,2,1,0,0.0,0,0,17,8,2,1,15,45.0,0,1,28,0,1,79.5,84.9,59.7,,75.1,87.7,71.7,62.8,9,3,634,48,223,175,0,0,63,50,0,17,15,7.5,8.5,2.84,0
Trevon Wesco,42018,TE,NYJ,12,1,0,0,,0,0,0,1,0,0,0,0.0,0,0,22,0,0,64.6,41.3,5.5,,50.1,34.3,55.1,59.4,0,2,5,1,26,105,0,0,2,2,0,0,0,0.0,0.0,0.19,0
Javon Wims,41406,WR,CHI,14,1,1,0,0.0,0,0,2,2,0,1,3,37.5,0,0,6,0,0,70.3,53.5,41.1,,,51.8,56.3,74.1,2,2,76,7,177,154,0,0,16,8,0,2,3,3.0,2.0,0.43,1
Ty Long,9728,K,LAC,1,1,0,0,0.0,0,0,-28,0,0,0,9,0.0,0,0,27,0,0,61.9,60.0,65.7,,,,60.0,,-28,0,0,0,0,1,0,0,0,1,0,-28,9,9.0,-28.0,,0
Marvin Hall,11440,WR,CLV,12,1,1,0,0.0,0,0,1,4,0,1,2,10.5,0,0,8,0,0,75.6,57.4,86.4,,,56.8,58.7,63.1,1,0,302,18,243,109,0,0,31,19,0,1,2,2.0,1.0,1.24,0
DeSean Jackson,4363,WR,PHI,5,1,0,0,0.0,0,0,12,2,0,0,4,0.0,1,1,24,0,0,74.7,66.8,83.9,,,65.6,63.1,60.6,12,0,236,14,131,46,0,0,25,15,0,12,4,4.0,12.0,1.8,0
Jordan Akins,47050,TE,HST,13,1,0,0,0.0,0,0,4,1,4,0,5,52.6,0,1,13,0,0,77.8,71.8,50.4,,37.1,74.6,62.4,52.0,4,2,403,37,297,84,0,0,49,38,0,4,5,5.0,4.0,1.36,0
T.J. Hockenson,40912,TE,DET,16,1,0,0,,0,1,0,7,7,0,1,10.3,0,0,11,1,0,47.7,75.5,72.2,,50.9,76.3,41.2,70.9,0,6,723,67,460,227,0,0,96,68,0,0,1,1.0,0.0,1.57,0
Van Jefferson,47447,WR,LA,16,1,0,0,0.0,0,0,-1,2,2,0,3,23.1,0,0,26,1,0,76.5,69.8,57.0,,,70.9,59.2,51.7,-1,1,266,25,182,112,0,0,34,26,0,-1,3,3.0,-1.0,1.46,0
Andy Isabella,47448,WR,ARZ,13,1,1,0,0.0,0,0,-6,3,4,1,2,45.5,0,0,1,0,0,27.9,56.8,87.8,,,56.1,57.2,64.6,-6,0,224,21,214,84,0,0,34,22,0,-6,2,2.0,-6.0,1.05,0
DeAndre Carter,9859,WR,CHI,7,1,0,0,0.0,0,0,3,1,0,0,3,0.0,0,0,6,0,0,48.4,52.6,77.2,,,54.6,56.6,56.9,3,0,25,4,22,26,0,0,6,5,0,3,3,3.0,3.0,1.14,0
Mike Williams,11762,WR,LAC,15,1,0,0,0.0,0,0,1,3,1,0,1,2.0,0,0,27,0,0,79.3,72.7,76.2,,,72.3,57.2,65.9,1,2,756,48,485,285,0,0,81,49,0,1,1,1.0,1.0,1.56,0
Allen Robinson II,8696,WR,CHI,17,1,0,0,0.0,0,0,-1,1,12,0,2,22.0,0,0,6,0,0,84.1,88.3,90.5,,65.6,88.5,59.2,54.4,-1,0,1305,108,636,298,0,0,157,109,0,-1,2,2.0,-1.0,2.05,0
C.J. Board,12088,WR,NYG,13,1,0,0,0.0,0,0,3,1,0,0,1,0.0,0,0,21,0,0,74.4,67.4,82.8,,,64.6,59.2,88.7,3,0,101,11,109,53,0,0,15,12,0,3,1,1.0,3.0,0.93,0
Nick Bellore,6515,FB,SEA,12,1,0,0,0.0,0,0,5,0,0,0,5,0.0,0,0,29,0,1,67.2,42.7,79.1,,13.2,64.7,59.7,52.9,5,0,9,1,6,23,0,0,1,2,0,5,5,5.0,5.0,1.5,0
Chris Jones,6798,P,DAL,2,1,0,0,,0,0,0,0,0,0,0,0.0,0,0,9,0,0,64.5,54.4,68.4,56.5,,,60.0,60.0,0,0,0,0,0,2,0,0,0,1,0,0,0,0.0,0.0,,0
Breshad Perriman,9459,WR,NYJ,12,1,0,0,0.0,0,0,6,3,2,0,12,77.4,0,0,22,0,0,76.9,63.6,89.2,,,63.1,63.1,55.8,6,0,505,30,370,258,0,0,56,31,0,6,12,12.0,6.0,1.36,0
Cam Sims,47908,WR,WAS,15,1,0,0,0.0,0,1,5,5,9,0,4,90.0,0,0,32,0,0,78.1,62.5,75.2,,,62.4,62.8,56.2,5,1,581,39,444,246,0,0,58,40,0,5,4,4.0,5.0,1.31,0
JoJo Natson,12739,WR,CLV,3,1,0,0,0.0,0,0,3,0,0,0,1,0.0,0,0,8,0,0,71.8,50.2,70.9,,,56.5,56.6,60.6,3,0,0,0,3,6,0,0,0,1,0,3,1,1.0,3.0,0.0,0
Terry Godwin II,47946,WR,JAX,3,1,0,0,0.0,0,0,3,1,0,0,3,0.0,0,0,15,0,0,67.4,55.2,77.3,,,55.5,59.2,61.5,3,0,32,3,40,10,0,0,6,4,0,3,3,3.0,3.0,0.8,0
Antonio Gandy-Golden,39993,WR,WAS,6,1,0,1,100.0,22,0,22,0,0,0,1,0.0,1,1,32,0,0,64.6,44.6,81.1,,62.3,43.8,62.8,50.3,22,0,3,1,83,36,0,0,7,2,0,22,1,1.0,22.0,0.04,0
Equanimeous St. Brown,47967,WR,GB,14,1,1,0,0.0,0,0,7,2,3,1,4,160.0,0,1,12,0,0,71.3,59.5,84.4,,,57.8,62.8,62.4,7,0,154,9,125,113,0,0,16,10,0,7,4,4.0,7.0,1.23,0
Nathan Peterman,11926,QB,LV,1,0,0,0,0.0,0,0,0,0,0,0,,100.0,0,1,23,0,0,70.3,60.2,72.9,54.4,,,63.9,60.0,9,0,0,0,0,3,9,1,0,0,0,9,4,4.0,9.0,,0
Mohamed Sanu,7084,WR,DET,10,1,0,0,0.0,0,0,3,1,0,0,2,0.0,0,1,11,0,1,75.1,65.5,53.5,,76.2,65.9,62.1,50.4,3,1,187,17,179,85,0,0,25,18,0,3,2,2.0,3.0,1.04,0
Jeff Heath,8396,S,LV,1,1,0,0,0.0,0,0,1,0,0,0,0,0.0,0,1,23,0,1,61.9,63.9,65.0,,,,62.0,,1,0,0,0,0,1,0,0,0,1,0,1,0,0.0,1.0,,0
Gerald Everett,11799,TE,LA,18,1,0,0,0.0,0,1,2,6,9,0,0,0.0,0,1,26,1,0,30.5,61.3,51.9,,55.9,61.1,62.1,62.8,2,4,417,41,319,314,0,0,60,42,1,2,0,0.0,2.0,1.31,0
Cedrick Wilson,48170,WR,DAL,16,1,0,0,0.0,0,0,-1,2,1,0,2,11.1,0,0,9,0,0,79.9,61.1,47.7,71.2,,61.1,56.0,55.4,-1,1,189,17,151,71,0,0,27,18,0,-1,2,2.0,-1.0,1.25,0
Tre'Quan Smith,48228,WR,NO,15,1,1,0,0.0,0,0,3,4,8,1,4,94.7,0,0,20,1,0,29.1,61.9,60.8,,76.7,61.8,56.6,60.8,3,3,533,37,413,266,0,0,51,38,0,3,4,4.0,3.0,1.29,0
A.J. Cole III,36038,P,LV,2,1,0,0,,0,0,0,0,0,0,0,0.0,0,0,23,1,0,,60.0,66.5,,,,60.0,60.0,0,0,0,0,0,2,0,0,0,1,0,0,0,0.0,0.0,,0
Barkevious Mingo,7787,ED,CHI,1,1,1,0,0.0,0,0,11,0,0,1,4,400.0,1,1,6,0,0,61.9,70.3,60.2,,,,63.1,,11,0,0,0,0,1,0,0,0,1,0,11,4,4.0,11.0,,0
DeAndre Hopkins,7808,WR,ARZ,16,1,1,0,0.0,0,1,1,1,21,1,3,56.9,0,0,1,3,0,38.3,87.1,60.8,,,88.0,59.2,55.5,1,6,1407,115,626,379,0,0,154,116,0,1,3,3.0,1.0,2.25,0
Donte Moncrief,8725,WR,NE,4,1,1,0,0.0,0,0,4,0,1,1,8,800.0,0,1,19,0,0,74.3,66.1,76.2,,,61.7,60.0,59.6,4,0,15,1,16,9,0,0,2,2,0,4,8,8.0,4.0,0.94,0
Easton Stick,29466,QB,LAC,1,1,0,0,0.0,0,0,-2,0,0,0,1,0.0,0,0,27,0,0,64.5,54.5,66.9,60.1,,,56.9,,-2,0,0,0,0,1,0,0,0,1,0,-2,1,1.0,-2.0,,1
John Hightower,84142,WR,PHI,13,0,0,0,0.0,0,1,0,4,1,0,,10.0,0,0,24,0,0,72.0,50.5,60.2,,,52.4,56.3,41.5,1,1,167,10,231,96,1,1,29,10,0,1,2,2.0,1.0,0.72,0
Sammy Watkins,8639,WR,KC,11,1,0,0,0.0,0,0,3,3,2,0,2,10.3,0,0,16,1,1,29.5,64.5,70.2,60.1,72.7,62.4,59.2,80.5,3,2,434,38,358,167,0,0,52,39,0,3,2,2.0,3.0,1.21,0
Patrick Ricard,48862,FB,BLT,17,1,0,0,0.0,0,1,-1,2,2,0,-1,-14.3,0,0,3,1,0,22.0,60.1,50.7,,68.4,48.8,51.1,73.7,-1,3,82,13,102,333,0,0,17,14,0,-1,-1,-1.0,-1.0,0.8,0
Noah Brown,11993,WR,DAL,16,1,0,0,0.0,0,0,4,1,1,0,4,26.7,0,0,9,0,0,73.0,66.7,84.3,,33.4,64.1,,82.6,4,0,154,14,135,85,0,0,24,15,0,4,4,4.0,4.0,1.14,0
Jason Cabinda,50714,FB,DET,16,1,0,0,,0,0,0,0,0,0,0,0.0,0,0,11,0,0,69.8,56.0,80.4,,57.9,52.0,58.2,59.5,0,0,8,2,21,93,0,0,3,3,0,0,0,0.0,0.0,0.38,0
Amani Hooker,51378,S,TEN,2,1,0,0,0.0,0,0,4,0,0,0,4,0.0,0,1,31,0,0,65.8,65.5,65.7,,,60.0,63.1,,4,2,0,0,1,1,0,0,0,1,0,4,4,4.0,4.0,0.0,0
Keelan Cole,51593,WR,JAX,16,1,0,0,0.0,0,0,2,5,4,0,2,14.3,0,0,15,0,0,84.7,64.4,76.0,,66.6,63.7,56.6,66.8,2,1,642,55,576,184,0,0,83,56,0,2,2,2.0,2.0,1.11,0
Gabriel Davis,55410,WR,BUF,19,1,0,0,,0,3,0,5,2,0,1,5.0,0,0,4,1,1,31.8,66.4,53.2,,59.3,67.1,58.9,58.2,0,4,684,39,515,309,0,0,71,40,0,0,1,1.0,0.0,1.33,0
Jonathan Williams,10790,HB,DET,2,1,0,0,0.0,0,0,5,0,0,0,0,0.0,0,0,11,1,1,17.3,52.0,75.1,,80.7,62.6,45.2,,5,0,21,4,21,1,0,0,4,5,0,5,0,0.0,5.0,1.0,0
Jamison Crowder,9538,WR,NYJ,12,1,0,0,0.0,0,0,14,2,7,0,5,58.3,1,1,22,0,0,80.8,75.3,52.7,71.0,,76.2,63.1,47.7,14,2,699,59,390,179,0,0,83,60,0,14,5,5.0,14.0,1.79,0
Tyler Higbee,10744,TE,LA,17,1,0,0,0.0,0,0,1,2,6,0,2,25.0,0,0,26,0,0,79.2,67.6,66.1,,62.0,68.8,56.5,62.7,1,5,530,47,357,443,0,0,64,48,0,1,2,2.0,1.0,1.48,1
Blake Bell,9550,TE,DAL,16,1,0,0,0.0,0,0,2,0,1,0,0,0.0,0,1,9,0,0,72.1,63.1,80.3,,84.2,65.2,62.6,52.1,2,0,110,11,109,204,0,0,13,12,0,2,0,0.0,2.0,1.01,0
Darian Thompson,10705,S,DAL,3,1,0,0,0.0,0,0,3,0,0,0,3,0.0,0,0,9,0,0,61.9,54.7,66.9,,63.8,,56.0,60.3,3,0,0,0,0,3,0,0,0,1,0,3,3,3.0,3.0,,0
Keenan Allen,7857,WR,LAC,14,1,0,0,0.0,0,1,-1,2,11,0,1,10.9,0,0,27,3,0,58.1,84.9,77.7,48.9,73.3,85.0,,67.8,-1,2,992,100,520,319,0,0,138,101,0,-1,1,1.0,-1.0,1.91,0
Chris Godwin,11839,WR,TB,16,1,0,0,0.0,0,0,6,9,6,0,0,0.0,0,1,30,1,1,52.9,76.0,89.2,,68.4,75.4,62.0,62.1,6,0,1072,81,568,314,0,0,114,82,0,6,0,0.0,6.0,1.89,0
Michael Thomas,10681,WR,NO,9,1,0,0,0.0,0,0,1,2,2,0,2,8.7,0,0,20,0,0,78.6,79.6,86.7,,,78.9,,62.0,1,0,511,45,265,163,0,0,65,46,0,1,2,2.0,1.0,1.93,0
Stefon Diggs,9579,WR,BUF,19,1,1,0,0.0,0,0,1,10,21,1,2,29.7,0,0,4,0,0,86.4,90.2,53.7,,,90.6,56.2,56.4,1,6,1846,147,742,343,0,0,193,148,0,1,2,2.0,1.0,2.49,0
C.J. Moore,26617,S,DET,1,1,0,0,0.0,0,0,3,0,0,0,2,0.0,0,0,11,0,0,61.9,53.8,60.4,,,,56.0,,3,0,0,0,0,1,0,0,0,1,0,3,2,2.0,3.0,,0
Cole Kmet,60995,TE,CHI,17,1,0,0,0.0,0,0,-3,1,2,0,0,0.0,0,0,6,1,0,27.8,57.7,78.5,,63.0,57.1,60.0,57.1,-3,3,259,31,279,286,0,0,46,32,0,-3,0,0.0,-3.0,0.93,0
Malik Taylor,94375,WR,GB,13,1,1,0,0.0,0,0,9,0,0,1,13,216.7,0,0,12,0,0,77.3,57.5,83.1,,,58.7,63.0,42.9,9,0,66,5,78,82,0,0,6,6,0,9,13,13.0,9.0,0.85,0
Josh Reynolds,11872,WR,LA,18,1,0,0,0.0,0,0,5,3,10,0,0,0.0,0,0,26,2,0,80.0,65.5,90.5,,55.4,65.9,56.6,51.5,5,1,683,55,544,331,0,0,81,56,0,5,0,0.0,5.0,1.26,0
Will Fuller V,10655,WR,HST,11,1,0,0,,0,0,0,2,4,0,1,7.4,0,0,13,0,0,80.8,86.2,87.6,,,85.0,,66.9,0,0,879,53,385,172,0,0,76,54,0,0,1,1.0,0.0,2.28,0
Craig Reynolds,94383,HB,JAX,1,1,0,0,0.0,0,0,4,0,0,0,3,0.0,0,0,15,0,0,64.6,58.5,70.3,,74.4,65.3,59.1,,4,0,3,1,1,1,0,0,1,2,0,4,3,3.0,4.0,3.0,0
Justin Jefferson,61398,WR,MIN,16,1,0,0,0.0,0,0,2,4,13,0,4,58.4,0,0,18,1,0,55.0,90.4,77.6,,,90.5,56.6,63.1,2,2,1400,88,526,322,0,0,121,89,0,2,4,4.0,2.0,2.66,0
Emmanuel Sanders,5606,WR,NO,16,1,0,0,0.0,0,0,12,4,3,0,4,17.1,1,1,20,1,0,47.7,74.4,72.2,,,74.6,63.0,52.8,12,1,777,69,423,212,0,0,93,70,0,12,4,4.0,12.0,1.84,0
Sharrod Neasman,11050,S,ATL,1,1,0,0,0.0,0,0,2,0,0,0,0,0.0,0,0,2,1,0,16.2,41.8,60.4,,,,37.6,,2,0,0,0,0,1,0,0,0,1,0,2,0,0.0,2.0,,0
Kalif Raymond,11028,WR,TEN,16,1,0,0,0.0,0,0,-3,3,0,0,1,0.0,0,0,31,0,0,88.2,52.2,84.4,,,52.8,57.2,51.3,-3,0,187,9,122,119,0,0,16,10,0,-3,1,1.0,-3.0,1.53,0
Sam Martin,7947,P,DEN,1,1,1,0,,0,0,0,0,0,1,0,0.0,0,0,10,1,0,14.3,60.0,65.7,,,,60.0,,0,0,0,0,0,1,0,0,0,1,0,0,0,0.0,0.0,,0
Andre Roberts,5612,WR,BUF,9,1,0,0,0.0,0,0,-3,1,0,0,0,0.0,0,0,4,0,0,67.3,57.7,79.5,,,59.4,56.6,53.0,-3,0,34,4,38,22,0,0,5,5,0,-3,0,0.0,-3.0,0.89,0
Devine Ozigbo,45903,HB,JAX,6,1,0,0,0.0,0,0,1,0,4,0,1,40.0,0,0,15,0,1,71.3,69.4,79.5,,38.6,81.5,59.6,,1,0,42,9,21,1,0,0,9,10,0,1,1,1.0,1.0,2.0,0
Josh Malone,11883,WR,NYJ,2,1,0,0,0.0,0,0,12,1,0,0,21,0.0,1,1,22,0,0,75.0,52.8,80.0,,,51.9,63.1,51.7,12,0,16,4,44,31,0,0,6,5,0,12,21,21.0,12.0,0.36,0
Brian Hoyer,5277,QB,NE,1,0,1,0,0.0,0,0,0,0,0,0,,100.0,0,1,19,1,0,25.2,58.8,78.1,56.3,,,63.9,60.0,8,0,0,0,0,24,8,1,0,0,0,8,6,6.0,8.0,,0
Jake Luton,17287,QB,JAX,3,0,2,0,0.0,0,0,0,0,0,0,,100.0,1,1,15,2,0,59.9,39.8,83.1,37.7,,,70.8,60.0,13,0,0,0,0,68,13,1,0,0,1,13,14,14.0,13.0,,0
Qadree Ollison,45934,HB,ATL,2,1,0,0,0.0,0,0,3,0,0,0,2,0.0,0,1,2,0,0,61.9,37.5,72.9,,0.0,53.4,61.6,60.0,3,0,0,0,7,2,0,0,0,1,0,3,2,2.0,3.0,0.0,1
Penny Hart,13534,WR,SEA,10,1,0,1,100.0,19,0,19,0,0,0,1,0.0,1,1,29,0,0,64.6,53.2,0.0,,,53.3,63.1,62.1,19,1,3,1,21,39,0,0,1,2,0,19,1,1.0,19.0,0.14,0
Mike Thomas,10840,WR,CIN,14,1,0,0,0.0,0,0,1,1,1,0,0,0.0,0,0,7,1,0,22.0,55.2,48.1,,,56.5,59.2,52.1,1,1,132,13,135,87,0,0,21,14,0,1,0,0.0,1.0,0.98,0
Jamie Gillan,63303,P,CLV,1,1,0,0,0.0,0,0,-2,0,0,0,0,0.0,0,0,8,1,0,16.2,42.2,65.7,,,,35.5,,-2,0,0,0,0,1,0,0,0,1,0,-2,0,0.0,-2.0,,0
Danny Amendola,4717,WR,DET,14,1,0,0,0.0,0,0,2,2,5,0,0,0.0,0,1,11,0,0,80.9,74.9,23.7,,72.1,75.4,56.2,70.8,2,3,602,46,330,106,0,0,68,47,0,2,0,0.0,2.0,1.82,0
Brandon Zylstra,66438,WR,CAR,14,0,0,0,0.0,0,0,0,0,0,0,,0.0,0,0,5,0,0,68.8,54.8,81.1,,,55.6,58.3,52.0,1,0,35,3,75,52,1,1,4,3,0,1,-1,-1.0,1.0,0.47,0
Matt Skura,11102,C,BLT,16,1,0,0,,0,0,0,0,0,0,1,0.0,0,0,3,2,0,,49.1,52.6,,50.2,44.9,60.0,55.1,0,3,0,0,8,329,0,0,0,1,0,0,1,1.0,0.0,0.0,0
Austin Walter,45038,HB,SF,1,1,0,0,0.0,0,0,3,0,2,0,3,300.0,0,0,28,0,1,72.7,50.9,73.9,,6.2,79.0,56.3,,3,0,27,1,8,1,0,0,1,2,0,3,3,3.0,3.0,3.38,0
Olamide Zaccheaus,44920,WR,ATL,11,1,0,0,,0,2,0,2,2,0,3,28.6,0,0,2,0,0,74.8,68.6,57.3,,,70.1,56.5,57.0,0,2,274,20,177,125,0,0,30,21,0,0,3,3.0,0.0,1.55,1
Adrian Killins Jr.,42425,WR,PHI,1,1,0,0,0.0,0,0,-12,0,0,0,0,0.0,0,0,24,0,0,64.6,52.9,69.8,,,59.1,56.6,59.0,-12,0,2,1,3,5,0,0,1,2,0,-12,0,0.0,-12.0,0.67,0
David Blough,46508,QB,DET,1,0,0,0,0.0,0,0,0,0,0,0,,100.0,1,1,11,0,0,73.2,33.6,73.9,29.5,,,65.9,60.0,18,0,0,0,0,1,18,1,0,0,0,18,0,0.0,18.0,,0
